shi_en,shi_ar,shi_lat,shi_lon,dis_en,dis_ar,slug,dis_lat,dis_lon,gov_en,gov_ar
Al-Jazira,الجزيره,31.083,31.536,Dikirnis,مركز دكرنس,dikirnis-eg1209,31.093,31.78,Dakahlia,الدقهلية
Al-Jihad 4,الجهاد 4,28.751,30.726,Markz Al Idwa,مركز العدوة,markz-al-idwa-eg2405,28.696,30.74,Menia,المنيا
Umm Al-Rida Al-Jadida,أم الرضا الجديدة,31.413,31.621,Kafr Sad,مركز كفر سعد,kafr-sad-eg1104,31.359,31.603,Damietta,دمياط
Ras Muhammad,رأس محمد,27.754,34.241,Sharm el-Sheikh,قسم شرم الشيخ,sharm-el-sheikh-eg3505,28.08,34.203,South Sinai,جنوب سيناء
Mubarak,مبارك,30.859,31.363,Sinbillawin,مركز السنبلاوين,sinbillawin-eg1205,30.883,31.513,Dakahlia,الدقهلية
Mintaqat Al-Sahel Al-Shamali,منطقة الساحل الشمالى,30.861,29.281,North Coast,قسم الساحل الشمالى-جزء,north-coast-eg3308,30.861,29.281,Matrouh,مطروح
Habran,حبران,28.643,33.67,Al-Tur,قسم الطور,al-tur-eg3501,28.365,33.753,South Sinai,جنوب سيناء
Misir,مسير,31.057,31.004,Kafr Al-Shaykh,مركز كفر الشيخ,kafr-al-shaykh-eg1502,31.2,31.016,Kafr El-Shikh,كفر الشيخ
Miar,ميعر,28.608,33.779,Al-Tur,قسم الطور,al-tur-eg3501,28.365,33.753,South Sinai,جنوب سيناء
23 Yulyu,23يوليو,30.17,31.344,Al Khanka,مركز الخانكة,al-khanka-eg1403,30.231,31.358,Kalyoubia,القليوبية
25 Yanayir Al-Siyahiya,25 يناير السياحية,30.853,28.889,Alamn,قسم مارينا العلمين السياحية,alamn-eg3307,30.782,28.74,Matrouh,مطروح
6 October,6 أكتوبر,31.253,30.334,Idku,مركز إدكو,idku-eg1816,31.298,30.325,Behera,البحيرة
6 October,6 أكتوبر,30.998,32.673,Rummana,قسم رمانة,rummana-eg3410,30.957,32.699,North Sinai,شمال سيناء
Aba Al-Waqf,أبا الوقف,28.578,30.779,Markz Maghagha,مركز مغاغة,markz-maghagha-eg2410,28.641,30.794,Menia,المنيا
Abar Al-Malik,آبار الملك,26.599,31.743,Akhmim,مركز أخميم,akhmim-eg2604,26.551,31.715,Suhag,سوهاج
Abar Al-Waqf,آبار الوقف,26.622,31.744,Akhmim,مركز أخميم,akhmim-eg2604,26.551,31.715,Suhag,سوهاج
Abtuk,أبتوك,30.947,30.727,Shubra Khit,مركز شبراخيت,shubra-khit-eg1810,31.003,30.679,Behera,البحيرة
Abjaj Al-Hatab,أبجاج الحطب,28.457,30.638,Markz Matay,مركز مطاى,markz-matay-eg2409,28.431,30.71,Menia,المنيا
Abjij,أبجيج,29.287,30.807,Fayyum,مركز الفيوم,fayyum-eg2302,29.3,30.955,Fayoum,الفيوم
Abkhas,ابخاص,30.429,31.066,Al-Bagur,مركز الباجور,al-bagur-eg1704,30.413,31.032,Menoufia,المنوفية
Abrash,أبراش,30.419,31.369,Mashtul Al-Suq,مركز مشتول السوق,mashtul-al-suq-eg1316,30.361,31.383,Sharkia,الشرقية
Abrak Al-Hamam,أبراك الحمام,30.826,30.661,Itay Al-Barud,مركز إيتاى البارود,itay-al-barud-eg1807,30.886,30.656,Behera,البحيرة
Ibrahim,ابراهيم,28.336,30.689,Markz Samalut,مركز سمالوط,markz-samalut-eg2408,28.285,30.629,Menia,المنيا
Ibrahim Hassan,إبراهيم حسن,31.055,31.854,Awlad Saqr,مركز أولاد صقر,awlad-saqr-eg1319,30.969,31.777,Sharkia,الشرقية
Ibrahim Hassanein,إبراهيم حسنين,31.276,32.322,Al-Sharq,قسم الشرق,al-sharq-eg0301,31.263,32.307,Port Said,بورسعيد
Ibrahim Farrag,ابراهيم فراج,26.54,31.689,Suhag,قسم اول سوهاج,suhag-eg2601,26.547,31.693,Suhag,سوهاج
Ibrahimiya Muhanna,ابراهيميةمهنا,30.808,30.732,Kum Hamada,مركز كوم حمادة,kum-hamada-eg1813,30.654,30.774,Behera,البحيرة
Abraq,أبرق,23.861,34.644,Shallatin,قسم شلاتين,shallatin-eg3106,23.079,34.574,Red Sea,البحر الأحمر
Abrim,ابريم,24.536,33.006,Nasr,مركز نصر,nasr-eg2805,24.373,32.932,Aswan,أسوان
Abstawa,أبستوا,31.079,31.23,Nebro,مركز نبروة,nebro-eg1221,31.129,31.297,Dakahlia,الدقهلية
Absuj,أبسوج,28.869,30.878,Al Fashn,مركز الفشن,al-fashn-eg2204,28.809,30.827,Beni Suef,بنى سويف
Absum Al-Sharqiya,أبسوم الشرقية,30.783,30.622,Kum Hamada,مركز كوم حمادة,kum-hamada-eg1813,30.654,30.774,Behera,البحيرة
Absum Al-Gharbiya,أبسوم الغربية,30.78,30.611,Kum Hamada,مركز كوم حمادة,kum-hamada-eg1813,30.654,30.774,Behera,البحيرة
Abshadat,أبشادات,27.854,30.747,Markz Mallawi,مركز ملوى,markz-mallawi-eg2412,27.775,30.801,Menia,المنيا
Abshadi,أبشادي,30.623,30.843,Al-Shuhada,مركز الشهداء,al-shuhada-eg1705,30.601,30.87,Menoufia,المنوفية
Abshaq Al-Ghazal,ابشاق الغز ال,28.475,30.737,Markz Bani Mazar,مركز بنى مزار,markz-bani-mazar-eg2406,28.518,30.731,Menia,المنيا
Abshan,أبشان,31.182,31.148,Biyalu,مركز بيلا,biyalu-eg1504,31.32,31.248,Kafr El-Shikh,كفر الشيخ
Abshawai Al-Malaq,ابشاواي الملق,30.936,31.03,Qutur,مركز قطور,qutur-eg1611,30.971,30.97,Gharbia,الغربية
Abshana wa Bani Musa,أبشناوبنيموسي,29.158,31.058,Bani Swayf,مركز بنى سويف,bani-swayf-eg2202,29.098,31.042,Beni Suef,بنى سويف
Abshish,أبشيش,30.468,31.088,Al-Bagur,مركز الباجور,al-bagur-eg1704,30.413,31.032,Menoufia,المنوفية
Abto,أبطو,31.199,30.746,Disuq,مركز دسوق,disuq-eg1506,31.15,30.72,Kafr El-Shikh,كفر الشيخ
Abtuga,أبطوجة,28.531,30.751,Markz Bani Mazar,مركز بنى مزار,markz-bani-mazar-eg2406,28.518,30.731,Menia,المنيا
Ab'adiya Al-Rawda,أبعادية الروضة,31.077,30.888,Kafr Al-Shaykh,مركز كفر الشيخ,kafr-al-shaykh-eg1502,31.2,31.016,Kafr El-Shikh,كفر الشيخ
Ab'adiya Damanhur,أبعاديةدمنهور,31.037,30.403,Damanhur,مركز دمنهور,damanhur-eg1802,31.032,30.527,Behera,البحيرة
Ibn Al-Rashid,ابن الرشيد,30.071,31.236,Rud Al-Farag,قسم روضالفرج,rud-al-farag-eg0120,30.075,31.238,Cairo,القاهرة
Abnahas,أبنهس,30.574,31.12,Quwisna,مركز قويسنا,quwisna-eg1708,30.56,31.163,Menoufia,المنوفية
Abnud,أبنود,26.056,32.792,Qina,مركز قنا,qina-eg2702,26.163,32.578,Qena,قنا
Abhit Al-Hajar,أبهيت الحجر,29.411,30.835,Sinuras,مركز سنورس,sinuras-eg2305,29.441,30.815,Fayoum,الفيوم
Abu Al-Akhdar,أبو الأخضر,31.087,31.905,Manzala,مركز المنزلة,manzala-eg1207,31.153,31.958,Dakahlia,الدقهلية
Abu Al-Ata,أبو العطا,30.737,30.197,Abu-l-Matamir,مركز ابوالمطامير,abu-l-matamir-eg1803,30.773,30.144,Behera,البحيرة
Abu Al-Fita,أبو الفيته,31.095,34.11,Shaykh Zuwayd,قسم الشيخ زويد,shaykh-zuwayd-eg3408,30.918,33.971,North Sinai,شمال سيناء
Abu Al-Nawm,ابو النوم,31.184,30.083,Kafr Al-Dawwar,مركز كفر الدوار,kafr-al-dawwar-eg1812,31.129,30.038,Behera,البحيرة
Abu Al-Hawl wa Abu Bakr Al-Siddiq,أبو الهول و أبو بكر الصديق,26.889,27.751,Al Farafra Oasis,مركز الفرافرة,al-farafra-oasis-eg3203,27.205,26.76,New Valley,الوادى الجديد
Abu Basal,أبو بصل,31.352,31.481,Bilqas,مركز بلقاس,bilqas-eg1208,31.344,31.379,Dakahlia,الدقهلية
Abu Bakr Al-Siddiq,أبو بكر الصديق,30.551,30.636,Badr,مركز بدر,badr-eg1818,30.547,30.679,Behera,البحيرة
Abu Jarida,أبو جريدة,31.29,31.736,Fariskur,مركز فارسكور,fariskur-eg1103,31.31,31.733,Damietta,دمياط
Abu Khuzam,ابو خزام,26.127,32.342,Nag Hammadi,مركز نجع حمادى,nag-hammadi-eg2708,26.085,32.297,Qena,قنا
Abu Dawud,أبو داود,30.921,31.585,Tamy Al-Amdid,مركز تمى الأمديد,tamy-al-amdid-eg1216,30.947,31.594,Dakahlia,الدقهلية
Abu Rashid,أبو راشد,31.36,31.604,Kafr Sad,مركز كفر سعد,kafr-sad-eg1104,31.359,31.603,Damietta,دمياط
Abu Sanna,ابو سنة,30.152,31.216,Qalyub,مركز قليوب,qalyub-eg1410,30.207,31.214,Kalyoubia,القليوبية
Abu Sharouf - Al-Kafrawi,أبو شروف - الكفراوى,29.048,25.546,Siwa,مركز سيوة,siwa-eg3306,28.703,25.589,Matrouh,مطروح
Abu Taha,أبو طة,31.118,31.723,Dikirnis,مركز دكرنس,dikirnis-eg1209,31.093,31.78,Dakahlia,الدقهلية
Abu Ashour,أبو عاشور,30.499,31.903,"Tal al-Kabir, al-",مركز التل الكبير,tal-al-kabir-al-eg1905,30.418,31.933,Ismailia,الإسماعيلية
Abu Uwaynat,ابو عوينات,31.001,31.735,Awlad Saqr,مركز أولاد صقر,awlad-saqr-eg1319,30.969,31.777,Sharkia,الشرقية
Abu Ayyad,ابو عياد,31.392,31.541,Kafr Sad,مركز كفر سعد,kafr-sad-eg1104,31.359,31.603,Damietta,دمياط
Abu Qatada wa Tashmal Nawfal Al-Jadida wa Nawfal Al-Qadima,أبو قتادة و تشمل نوفل الجديدة ونوفل القديمة,30.021,31.204,Bulaq Al-DakrUr,قسم بولاق الدكرور,bulaq-al-dakrur-eg2105,30.03,31.19,Giza,الجيزة
Abu Marzouq,أبو مرزوق,31.572,26.059,Sidi Barani,قسم سيدى برانى,sidi-barani-eg3305,30.656,25.886,Matrouh,مطروح
Abu Mazhour,أبو مزهور,31.465,26.105,Sidi Barani,قسم سيدى برانى,sidi-barani-eg3305,30.656,25.886,Matrouh,مطروح
Abu Minqar,أبو منقار,26.709,27.861,Al Farafra Oasis,مركز الفرافرة,al-farafra-oasis-eg3203,27.205,26.76,New Valley,الوادى الجديد
Abu Hurayra,ابو هريرة,26.958,27.88,Al Farafra Oasis,مركز الفرافرة,al-farafra-oasis-eg3203,27.205,26.76,New Valley,الوادى الجديد
Abu Shusha,أبوشوشة,31.199,29.885,Al Gumruk,قسم الجمرك,al-gumruk-eg0210,31.203,29.879,Alexandria,الاسكندرية
Abu Ahmad,أبو أحمد,31.314,30.836,Sidi Salim,مركز سيدى سالم,sidi-salim-eg1507,31.31,30.738,Kafr El-Shikh,كفر الشيخ
Abu Al-Jahour,أب والجهور,30.725,31.117,Santa,مركز السنطة,santa-eg1604,30.773,31.119,Gharbia,الغربية
Abu Al-Hassan,أب والحسن,31.269,32.301,Al-Arab,قسم العرب,al-arab-eg0302,31.262,32.294,Port Said,بورسعيد
Abu Al-Khawi,أب والخاوي,30.59,30.788,Kum Hamada,مركز كوم حمادة,kum-hamada-eg1813,30.654,30.774,Behera,البحيرة
Abu Al-Khidr,أب والخذر,31.091,30.365,Abu Hummus,مركز ابوحمص,abu-hummus-eg1804,31.106,30.31,Behera,البحيرة
Abu Al-Rish Bahari,أب والريشبحري,24.203,32.878,Aswan,مركز أسوان,aswan-eg2802,23.972,32.831,Aswan,أسوان
Abu Al-Rish Qibli,أب والريشقبلي,24.141,32.894,Aswan,مركز أسوان,aswan-eg2802,23.972,32.831,Aswan,أسوان
Abu Al-Sahma,أب والسحما,31.035,30.584,Shubra Khit,مركز شبراخيت,shubra-khit-eg1810,31.003,30.679,Behera,البحيرة
Abu Al-Saud,أب والسعود,29.367,30.944,Fayyum,مركز الفيوم,fayyum-eg2302,29.3,30.955,Fayoum,الفيوم
Abu Al-Saud wa Al-Madabigh,أب والسعود والمدابغ,30.017,31.237,Misr Al-Qadima,مصرالقديمة,misr-al-qadima-eg0106,30.006,31.242,Cairo,القاهرة
Abu Al-Saliqa,أب والسليقة,31.351,25.23,Salloum,قسم السلوم,salloum-eg3303,30.646,25.255,Matrouh,مطروح
Abu Al-Shaqaf,أب والشقاف,30.888,30.429,Hush Isa,مركز حوش عيسى,hush-isa-eg1808,30.891,30.346,Behera,البحيرة
Abu Al-Shuquq,أب والشقوق,30.833,31.617,Kafr Saqr,مركز كفر صقر,kafr-saqr-eg1313,30.837,31.675,Sharkia,الشرقية
Abu Al-Safa,أبو الصفا,27.907,30.74,Markz Abu Qurqas,مركز ابو قرقاص,markz-abu-qurqas-eg2404,27.939,30.77,Menia,المنيا
Abu Al-Sayr,أب والصير,30.914,31.541,Tamy Al-Amdid,مركز تمى الأمديد,tamy-al-amdid-eg1216,30.947,31.594,Dakahlia,الدقهلية
Abu Al-Abbas,أب والعباس,29.534,31.233,Ayat,مركز العياط,ayat-eg2112,29.564,31.25,Giza,الجيزة
Abu Al-Abbas,أب والعباس,28.513,30.75,Markz Bani Mazar,مركز بنى مزار,markz-bani-mazar-eg2406,28.518,30.731,Menia,المنيا
Abu Al-Araj,أب والعراج,31.075,33.955,Shaykh Zuwayd,قسم الشيخ زويد,shaykh-zuwayd-eg3408,30.918,33.971,North Sinai,شمال سيناء
Abu Al-Ala,أب والعلا,30.056,31.232,Bulaq,قسم بولاق,bulaq-eg0112,30.062,31.234,Cairo,القاهرة
Abu Al-Ghur,أب والغر,30.778,30.86,Kafr Al-Zayyat,مركز كفر الزيات,kafr-al-zayyat-eg1612,30.807,30.835,Gharbia,الغربية
Abu Al-Gheit,أب والغيط,30.152,31.185,Qanatir Al-Khayriyya,مركز القناطر الخيرية,qanatir-al-khayriyya-eg1404,30.214,31.135,Kalyoubia,القليوبية
Abu Al-Fida,أب والفدا,30.068,31.22,Zamalik,قسم الزمالك,zamalik-eg0133,30.056,31.223,Cairo,القاهرة
Abu Al-Matamir Al-Bahariya,أبوالمطامير البحرية,30.884,30.104,Abu-l-Matamir,مركز ابوالمطامير,abu-l-matamir-eg1803,30.773,30.144,Behera,البحيرة
Abu Al-Maati Al-Baz,أب والمعاطي الباز,31.025,31.735,Bany Abeed,مركز بنى عبيد,bany-abeed-eg1218,31.024,31.648,Dakahlia,الدقهلية
Abu Al-Najah,أب والنجاه,31.143,31.177,El Mahalla El Kobra,مركز المحله الكبرى,el-mahalla-el-kobra-eg1607,31.017,31.13,Gharbia,الغربية
Abu Al-Nawatir,أب والنواتير,31.225,29.955,Sidi Gabir,قسم سيدى جابر,sidi-gabir-eg0203,31.216,29.949,Alexandria,الاسكندرية
Abu Al-Hadar,أب والهدر,27.608,30.749,Dayrut,مركز ديروط,dayrut-eg2510,27.537,30.782,Assiut,أسيوط
Abu Bisht,أبوبشت,28.632,30.715,Markz Maghagha,مركز مغاغة,markz-maghagha-eg2410,28.641,30.794,Menia,المنيا
Abu Bakr Al-Siddiq,أبو بكر الصديق,26.632,31.49,Guhayna Al-Gharbiyya,مركز جهينة الغربية,guhayna-al-gharbiyya-eg2611,26.689,31.471,Suhag,سوهاج
Abu Tamada,أبوتمادة,31.161,30.939,Kafr Al-Shaykh,مركز كفر الشيخ,kafr-al-shaykh-eg1502,31.2,31.016,Kafr El-Shikh,كفر الشيخ
Abu Jurj,أبوجرج,28.53,30.79,Markz Bani Mazar,مركز بنى مزار,markz-bani-mazar-eg2406,28.518,30.731,Menia,المنيا
Abu Ja'da,أبوجعدة,29.295,33.055,Ras Sidr,قسم رأس سدر,ras-sidr-eg3502,29.599,33.317,South Sinai,جنوب سيناء
Abu Jalal,أبوجل ال,31.278,31.557,Shirbin,مركز شربين,shirbin-eg1210,31.261,31.576,Dakahlia,الدقهلية
Abu Jandir,أبوجندير,29.242,30.682,Atsa,مركز أطسا,atsa-eg2304,29.208,30.767,Fayoum,الفيوم
Abu Hariz,أبوحريز,30.877,31.7,Kafr Saqr,مركز كفر صقر,kafr-saqr-eg1313,30.837,31.675,Sharkia,الشرقية
Abu Hasiba,ابوحسيبة,28.415,30.806,Markz Matay,مركز مطاى,markz-matay-eg2409,28.431,30.71,Menia,المنيا
Abu Kharash,أبوخراش,31.068,30.59,Al-Rahmaniyya,مركز الرحمانية,al-rahmaniyya-eg1815,31.106,30.584,Behera,البحيرة
Abu Khurs,أبوخرص,27.005,31.25,Abu Tig,مركز أبوتيج,abu-tig-eg2505,27.037,31.289,Assiut,أسيوط
Abu Khalqa,أبوخلقة,27.645,30.741,Markz Dir Mawas,مركز دير مواس,markz-dir-mawas-eg2407,27.655,30.79,Menia,المنيا
Abu Khalifa,أبوخليفة,30.664,32.222,"Qantara Gharb, al-",مركز القنطرة,qantara-gharb-al-eg1906,30.742,32.245,Ismailia,الإسماعيلية
Abu Khalil,أبوخليل,27.358,30.863,Al-Qusia,مركز القوصية,al-qusia-eg2509,27.403,30.826,Assiut,أسيوط
Abu Khawda,أبوخودة,30.066,31.271,Al Zahir,قسم الظاهر,al-zahir-eg0117,30.063,31.268,Cairo,القاهرة
Abu Dawud Al-Inab,أبوداود العنب,30.881,31.371,Aga,مركز أجا,aga-eg1204,30.895,31.313,Dakahlia,الدقهلية
Abu Daraz,أبودراز,31.225,30.613,Fuwwa,مركز فوه,fuwwa-eg1508,31.232,30.564,Kafr El-Shikh,كفر الشيخ
Abu Durra,أبودرة,31.013,30.631,Shubra Khit,مركز شبراخيت,shubra-khit-eg1810,31.003,30.679,Behera,البحيرة
Abu Dishisha,أبودشيشة,31.312,31.358,Bilqas,مركز بلقاس,bilqas-eg1208,31.344,31.379,Dakahlia,الدقهلية
Abu Dafiya,أبودفية,29.192,30.816,Atsa,مركز أطسا,atsa-eg2304,29.208,30.767,Fayoum,الفيوم
Abu Danqash,أبودنقاش,29.289,30.674,Abshaway,مركز أبشواى,abshaway-eg2303,29.374,30.69,Fayoum,الفيوم
Abu Diyab Sharq,أبوديابشرق,26.196,32.545,Dishna,مركز دشنا,dishna-eg2706,26.142,32.444,Qena,قنا
Abu Diyab Gharb,أبوديابغرب,26.174,32.551,Dishna,مركز دشنا,dishna-eg2706,26.142,32.444,Qena,قنا
Abu Rajwan Al-Bahari,أبورجوان البحري,29.812,31.279,Badrashain,مركز البدرشين,badrashain-eg2110,29.824,31.258,Giza,الجيزة
Abu Rajwan Al-Qibli,أبورجوان القبلي,29.78,31.262,Badrashain,مركز البدرشين,badrashain-eg2110,29.824,31.258,Giza,الجيزة
Abu Raqaba,أبورقبة,30.277,31.027,Ashmun,مركز أشمون,ashmun-eg1703,30.299,31.008,Menoufia,المنوفية
Abu Rawash,أبورواش,30.07,31.085,Kardasa,مركز كرداسة,kardasa-eg2120,30.051,31.134,Giza,الجيزة
Abu Ruwaish,أبورويش,29.673,31.236,Ayat,مركز العياط,ayat-eg2112,29.564,31.25,Giza,الجيزة
Abu Riya,أبورية,31.26,30.962,Riyad,مركز الرياض,riyad-eg1512,31.321,30.92,Kafr El-Shikh,كفر الشيخ
Abu Zurayba,أبوزريبة,31.477,25.341,Salloum,قسم السلوم,salloum-eg3303,30.646,25.255,Matrouh,مطروح
Abu Zaabal,أبوزعبل,30.266,31.359,Al Khanka,مركز الخانكة,al-khanka-eg1403,30.231,31.358,Kalyoubia,القليوبية
Abu Zeid,أبوزيد,30.793,31.259,Aga,مركز أجا,aga-eg1204,30.895,31.313,Dakahlia,الدقهلية
Abu Sa'ifa,أبوسعيفة,30.86,30.526,Al-Dilingat,مركز الدلنجات,al-dilingat-eg1805,30.81,30.49,Behera,البحيرة
Abu Sultan,أبوسلطان,30.41,32.322,Fayid,مركز فايد,fayid-eg1907,30.366,32.292,Ismailia,الإسماعيلية
Abu Sanita,أبوسنيطة,30.405,31.053,Al-Bagur,مركز الباجور,al-bagur-eg1704,30.413,31.032,Menoufia,المنوفية
Abu Sayyidhum,أبوسيدهم,28.344,30.634,Markz Samalut,مركز سمالوط,markz-samalut-eg2408,28.285,30.629,Menia,المنيا
Abu Sila,أبوسيلة,28.485,34.052,Sant Katrin,قسم سانت كاترين,sant-katrin-eg3504,28.66,34.052,South Sinai,جنوب سيناء
Abu Shahata,أبوشحاتة,28.406,30.789,Markz Matay,مركز مطاى,markz-matay-eg2409,28.431,30.71,Menia,المنيا
Abu Sharban,أبوشربان,28.971,30.951,Biba,مركز ببا,biba-eg2207,28.951,30.967,Beni Suef,بنى سويف
Abu Sharif,أبوشريف,31.383,31.297,Bilqas,مركز بلقاس,bilqas-eg1208,31.344,31.379,Dakahlia,الدقهلية
Abu Shanar,أبوشنار,31.266,34.188,Rafah,قسم رفح,rafah-eg3409,31.087,34.227,North Sinai,شمال سيناء
Abu Shusha,أبوشوشة,26.169,32.059,Abu Tisht,مركز أبو طشت,abu-tisht-eg2703,26.13,32.086,Qena,قنا
Abu Samada,أبوصمادة,30.802,30.584,Al-Dilingat,مركز الدلنجات,al-dilingat-eg1805,30.81,30.49,Behera,البحيرة
Abu Suweir Al-Balad,أبوصوير البلد,30.587,32.133,Ismailiyya,مركز الاسماعيلية,ismailiyya-eg1904,30.426,32.183,Ismailia,الإسماعيلية
Abu Suweir Al-Mahatta,أبوصوير المحطة,30.583,32.194,Ismailiyya,مركز الاسماعيلية,ismailiyya-eg1904,30.426,32.183,Ismailia,الإسماعيلية
Abu Suweira,أبوصويرة,29.575,32.893,Ras Sidr,قسم رأس سدر,ras-sidr-eg3502,29.599,33.317,South Sinai,جنوب سيناء
Abu Sir,أبوصير,30.935,29.497,Burg al-Arab,قسم برج العرب,burg-al-arab-eg0214,30.901,29.494,Alexandria,الاسكندرية
Abu Sir,أبوصير,29.899,31.215,Badrashain,مركز البدرشين,badrashain-eg2110,29.824,31.258,Giza,الجيزة
Abu Sir Al-Malaq,أبوصير الملق,29.242,31.098,Al Wasta,مركز الواسطى,al-wasta-eg2205,29.324,31.17,Beni Suef,بنى سويف
Abu Sir Dafnu,أبوصيردفنو,29.255,30.815,Atsa,مركز أطسا,atsa-eg2304,29.208,30.767,Fayoum,الفيوم
Abu Sirina,أبوصيرينا,30.926,31.231,Samannud,مركز سمنود,samannud-eg1610,30.95,31.221,Gharbia,الغربية
Abu Talib,أبو طالب,29.409,30.945,Tamya,مركز طامية,tamya-eg2306,29.467,30.982,Fayoum,الفيوم
Abu Taha,أبوطه,31.28,31.42,Bilqas,مركز بلقاس,bilqas-eg1208,31.344,31.379,Dakahlia,الدقهلية
Abu Tawala,أبوط والة,30.583,31.353,Minya al-Qamh,مركز منيا القمح,minya-al-qamh-eg1314,30.507,31.369,Sharkia,الشرقية
Abu Tawila,أبوطويلة,31.075,34.028,Shaykh Zuwayd,قسم الشيخ زويد,shaykh-zuwayd-eg3408,30.918,33.971,North Sinai,شمال سيناء
Abu Aziz,أبوعزيز,28.421,30.819,Markz Matay,مركز مطاى,markz-matay-eg2409,28.431,30.71,Menia,المنيا
Abu Aziz,أبوعزيز,26.597,31.565,Al-Maragha,مركز المراغة,al-maragha-eg2606,26.669,31.588,Suhag,سوهاج
Abu Aliwa,أبو عليوة,31.245,30.821,Sidi Salim,مركز سيدى سالم,sidi-salim-eg1507,31.31,30.738,Kafr El-Shikh,كفر الشيخ
Abu Amouri,أبوعموري,26.017,32.214,Nag Hammadi,مركز نجع حمادى,nag-hammadi-eg2708,26.085,32.297,Qena,قنا
Abu Awali wa Mansha'atuha,أبوع واليومنشأتها,30.296,30.932,Ashmun,مركز أشمون,ashmun-eg1703,30.299,31.008,Menoufia,المنوفية
Abu Eid,أبوعيد,30.759,31.422,Dyarb Nigm,مركز ديرب نجم,dyarb-nigm-eg1310,30.752,31.444,Sharkia,الشرقية
Abu Ghalib,أبو غالب,30.264,30.94,Imbaba,مركز إمبابة,imbaba-eg2113,30.22,30.963,Giza,الجيزة
Abu Gharaqid,أبوغراقد,28.956,33.33,Abu Radis,قسم أبو رديس,abu-radis-eg3503,29.049,33.598,South Sinai,جنوب سيناء
Abu Ghusun,أبوغصون,24.282,35.335,Marsa Alam,قسم مرسى علم,marsa-alam-eg3104,24.707,34.286,Red Sea,البحر الأحمر
Abu Ghunaima,أبوغنيمة,31.276,30.634,Sidi Salim,مركز سيدى سالم,sidi-salim-eg1507,31.31,30.738,Kafr El-Shikh,كفر الشيخ
Abu Qaramit,أبوقراميط,30.838,31.556,Sinbillawin,مركز السنبلاوين,sinbillawin-eg1205,30.883,31.513,Dakahlia,الدقهلية
Abu Qurqas,أبو قرقاص,27.934,30.835,Markz Abu Qurqas,مركز ابو قرقاص,markz-abu-qurqas-eg2404,27.939,30.77,Menia,المنيا
Abu Qalta,أبوقلته,27.807,30.734,Markz Mallawi,مركز ملوى,markz-mallawi-eg2412,27.775,30.801,Menia,المنيا
Abu Qir Al-Sharqiya,أبو قير الشرقية,31.324,30.068,Muntazah,قسم المنتزة,muntazah-eg0201,31.264,30.03,Alexandria,الاسكندرية
Abu Qir Al-Gharbiya,أبو قير الغربية,31.309,30.061,Muntazah,قسم المنتزة,muntazah-eg0201,31.264,30.03,Alexandria,الاسكندرية
Abu Karim,أبوكريم,27.594,30.696,Dayrut,مركز ديروط,dayrut-eg2510,27.537,30.782,Assiut,أسيوط
Abu Kasah,أبوكساه,29.386,30.703,Abshaway,مركز أبشواى,abshaway-eg2303,29.374,30.69,Fayoum,الفيوم
Abu Kals,أبوكلس,30.611,30.847,Al-Shuhada,مركز الشهداء,al-shuhada-eg1705,30.601,30.87,Menoufia,المنوفية
Abu Al-Hawl Al-Bahariya,أبوله والبحرية,31.454,26.699,Marsa Matruh,قسم مرسى مطروح,marsa-matruh-eg3301,30.022,26.997,Matrouh,مطروح
Abu Al-Hawl Al-Janoubiya,أبوله والجنوبية,31.309,26.837,Marsa Matruh,قسم مرسى مطروح,marsa-matruh-eg3301,30.022,26.997,Matrouh,مطروح
Abu Marqiq,أبومرقيق,31.177,27.751,Marsa Matruh,قسم مرسى مطروح,marsa-matruh-eg3301,30.022,26.997,Matrouh,مطروح
Abu Masoud,أبو مسعود,30.947,30.519,Al-Dilingat,مركز الدلنجات,al-dilingat-eg1805,30.81,30.49,Behera,البحيرة
Abu Mashhour,أبومشهور,30.698,31.058,Birkat Al-Sab,مركز بركة السبع,birkat-al-sab-eg1706,30.651,31.108,Menoufia,المنوفية
Abu Mashifa,أبومشيفة,31.347,25.861,Sidi Barani,قسم سيدى برانى,sidi-barani-eg3305,30.656,25.886,Matrouh,مطروح
Abu Mustafa,أبو مصطفي,31.36,30.876,Riyad,مركز الرياض,riyad-eg1512,31.321,30.92,Kafr El-Shikh,كفر الشيخ
Abu Mina Bahari,أبومناعبحري,26.147,32.355,Dishna,مركز دشنا,dishna-eg2706,26.142,32.444,Qena,قنا
Abu Mina Sharq,أبومناعشرق,26.181,32.479,Dishna,مركز دشنا,dishna-eg2706,26.142,32.444,Qena,قنا
Abu Mina Gharb,أبومناعغرب,26.151,32.438,Dishna,مركز دشنا,dishna-eg2706,26.142,32.444,Qena,قنا
Abu Mina Qibli,أبومناعقبلي,26.157,32.476,Dishna,مركز دشنا,dishna-eg2706,26.142,32.444,Qena,قنا
Abu Manjouj,أبو من ج و ج,30.934,30.743,Shubra Khit,مركز شبراخيت,shubra-khit-eg1810,31.003,30.679,Behera,البحيرة
Abu Nashaba,أبونشابة,30.383,30.861,Sadat City,مركز السادات,sadat-city-eg1711,30.358,30.661,Menoufia,المنوفية
Abu Hur,أبوهور,24.645,32.942,Nasr,مركز نصر,nasr-eg2805,24.373,32.932,Aswan,أسوان
Abu Yasin,أبوياسين,30.71,31.633,Abu Kabir,مركز أبوكبير,abu-kabir-eg1305,30.733,31.69,Sharkia,الشرقية
Abu Yahya,أبويحيي,31.024,30.589,Shubra Khit,مركز شبراخيت,shubra-khit-eg1810,31.003,30.679,Behera,البحيرة
Abwan,أبوان,28.397,30.723,Markz Matay,مركز مطاى,markz-matay-eg2409,28.431,30.71,Menia,المنيا
Abu Stail,ابوسطيل,31.58,26.008,Sidi Barani,قسم سيدى برانى,sidi-barani-eg3305,30.656,25.886,Matrouh,مطروح
Abu Sunbul,أبوسنبل,24.438,33.021,Nasr,مركز نصر,nasr-eg2805,24.373,32.932,Aswan,أسوان
Abwit,أبويط,29.324,31.14,Al Wasta,مركز الواسطى,al-wasta-eg2205,29.324,31.17,Beni Suef,بنى سويف
Abirmad,أبيرماد,23.452,35.442,Shallatin,قسم شلاتين,shallatin-eg3106,23.079,34.574,Red Sea,البحر الأحمر
Ibya Al-Hamra,ابيا الحمراء,30.857,30.548,Al-Dilingat,مركز الدلنجات,al-dilingat-eg1805,30.81,30.49,Behera,البحيرة
Abyar,أبيار,30.845,30.852,Kafr Al-Zayyat,مركز كفر الزيات,kafr-al-zayyat-eg1612,30.807,30.835,Gharbia,الغربية
Abyana,أبيانة,31.325,30.528,Mitubas,مركز مطوبس,mitubas-eg1510,31.383,30.47,Kafr El-Shikh,كفر الشيخ
Abij,أبيج,30.886,30.773,Kafr Al-Zayyat,مركز كفر الزيات,kafr-al-zayyat-eg1612,30.807,30.835,Gharbia,الغربية
Abis 7_8_9_10,ابيس 7_8_9_10,31.183,29.949,Muharam Bik,قسم محرم بك,muharam-bik-eg0205,31.184,29.939,Alexandria,الاسكندرية
Abis wa Khurshid,أبيس وخورشيد,31.198,29.996,Kesm than Al Raml,قسم ثان الرمل,kesm-than-al-raml-eg0217,31.211,29.994,Alexandria,الاسكندرية
Abis 1,أبيس 1,31.171,30.003,Kafr Al-Dawwar,مركز كفر الدوار,kafr-al-dawwar-eg1812,31.129,30.038,Behera,البحيرة
Abis 3,أبيس 3,31.151,30.002,Kafr Al-Dawwar,مركز كفر الدوار,kafr-al-dawwar-eg1812,31.129,30.038,Behera,البحيرة
Abis 4,أبيس 4,31.131,29.998,Kafr Al-Dawwar,مركز كفر الدوار,kafr-al-dawwar-eg1812,31.129,30.038,Behera,البحيرة
Abis 5,أبيس 5,31.11,29.986,Kafr Al-Dawwar,مركز كفر الدوار,kafr-al-dawwar-eg1812,31.129,30.038,Behera,البحيرة
Abis 6,أبيس 6,31.088,29.972,Kafr Al-Dawwar,مركز كفر الدوار,kafr-al-dawwar-eg1812,31.129,30.038,Behera,البحيرة
Abis El-Mostagadda,أبيس المستجدة,31.138,30.058,Kafr Al-Dawwar,مركز كفر الدوار,kafr-al-dawwar-eg1812,31.129,30.038,Behera,البحيرة
Abyouqa,أبيوقا,31.167,30.731,Disuq,مركز دسوق,disuq-eg1506,31.15,30.72,Kafr El-Shikh,كفر الشيخ
Abyouqa,أبيوقا,30.797,30.606,Kum Hamada,مركز كوم حمادة,kum-hamada-eg1813,30.654,30.774,Behera,البحيرة
Abyouha,أبيوها,27.979,30.814,Markz Abu Qurqas,مركز ابو قرقاص,markz-abu-qurqas-eg2404,27.939,30.77,Menia,المنيا
Atrees,أتريس,30.325,30.878,Imbaba,مركز إمبابة,imbaba-eg2113,30.22,30.963,Giza,الجيزة
Atqa,أتقا,27.8,30.759,Markz Mallawi,مركز ملوى,markz-mallawi-eg2412,27.775,30.801,Menia,المنيا
Atdelim,أتليدم,27.882,30.782,Markz Abu Qurqas,مركز ابو قرقاص,markz-abu-qurqas-eg2404,27.939,30.77,Menia,المنيا
Atmeeda,أتميدة,30.759,31.349,Mit Ghamr,مركز ميت غمر,mit-ghamr-eg1213,30.708,31.338,Dakahlia,الدقهلية
Athar El-Nabi,أثر النبي,29.992,31.242,Misr Al-Qadima,مصرالقديمة,misr-al-qadima-eg0106,30.006,31.242,Cairo,القاهرة
Athariyat Fadel,أثرياتفاضل,30.932,30.539,Itay Al-Barud,مركز إيتاى البارود,itay-al-barud-eg1807,30.886,30.656,Behera,البحيرة
Agehour El-Raml,أجهور الرمل,30.501,31.152,Quwisna,مركز قويسنا,quwisna-eg1708,30.56,31.163,Menoufia,المنوفية
Agehour El-Soghra,أجهور الصغري,30.264,31.146,Qanatir Al-Khayriyya,مركز القناطر الخيرية,qanatir-al-khayriyya-eg1404,30.214,31.135,Kalyoubia,القليوبية
Agehour El-Kobra,أجهور الكبري,30.296,31.149,Tukh,مركز طوخ,tukh-eg1408,30.344,31.19,Kalyoubia,القليوبية
Ahmed El-Mansy,احمد المنسي,30.998,31.151,El Mahalla El Kobra 2,قسم ثان المحلة الكبرى,el-mahalla-el-kobra-2-eg1606,30.971,31.157,Gharbia,الغربية
Ahmed Badawy,احمد بدوى,30.66,29.95,Nubariyya West,قسم غرب النوبارية,nubariyya-west-eg1817,30.425,29.897,Behera,البحيرة
Ahmed Ramy,أحمد رامى,30.723,30.53,Al-Dilingat,مركز الدلنجات,al-dilingat-eg1805,30.81,30.49,Behera,البحيرة
Ahmed Shawqy,أحمد شوقى,30.727,30.277,Abu-l-Matamir,مركز ابوالمطامير,abu-l-matamir-eg1803,30.773,30.144,Behera,البحيرة
Ahmed Oraby,أحمد عرابى,30.423,30.678,Badr,مركز بدر,badr-eg1818,30.547,30.679,Behera,البحيرة
Akhtab,أخطاب,30.841,31.318,Aga,مركز أجا,aga-eg1204,30.895,31.313,Dakahlia,الدقهلية
Akhnawy El-Zallaqa,أخناوي الزلاقة,30.807,31.042,Tanta,مركز طنطا,tanta-eg1603,30.809,30.932,Gharbia,الغربية
Adrasia,ادراسية,29.11,30.915,Ahnasya,مركز أهناسيا,ahnasya-eg2206,29.102,30.943,Beni Suef,بنى سويف
Adreega,أدريجة,31.2,30.965,Kafr Al-Shaykh,مركز كفر الشيخ,kafr-al-shaykh-eg1502,31.2,31.016,Kafr El-Shikh,كفر الشيخ
Adshay,ادشاي,30.775,30.886,Kafr Al-Zayyat,مركز كفر الزيات,kafr-al-zayyat-eg1612,30.807,30.835,Gharbia,الغربية
Adfa,أدفا,26.573,31.636,Suhag,مركز سوهاج,suhag-eg2603,26.547,31.655,Suhag,سوهاج
Edfu Qebly,ادفو قبلى,24.928,32.848,Adfu,مركز أدفو,adfu-eg2803,25.061,32.957,Aswan,أسوان
Edfeena,أدفينا,31.294,30.51,Rashid,مركز رشيد,rashid-eg1809,31.379,30.375,Behera,البحيرة
Adqaq El-Mesk,أدقاق المسك,28.416,30.752,Markz Matay,مركز مطاى,markz-matay-eg2409,28.431,30.71,Menia,المنيا
Adam,أدم,30.224,29.787,Nubariyya West,قسم غرب النوبارية,nubariyya-west-eg1817,30.425,29.897,Behera,البحيرة
Admo,أدمو,28.142,30.65,Markz Al Minya,مركز المنيا,markz-al-minya-eg2402,28.101,30.641,Menia,المنيا
Adandan,أدندان,24.4,32.969,Nasr,مركز نصر,nasr-eg2805,24.373,32.932,Aswan,أسوان
Adandan,أدندان,22.446,32.365,Abu Simbel,مركز أبوسنبل,abu-simbel-eg2807,22.624,32.599,Aswan,أسوان
Ard El-Lewaa,أرض اللواء,30.055,31.188,Kardasa,مركز كرداسة,kardasa-eg2120,30.051,31.134,Giza,الجيزة
Arqitous El-Hamad,أرقيطوسيلحمد,31.085,25.266,Salloum,قسم السلوم,salloum-eg3303,30.646,25.255,Matrouh,مطروح
Armania,أرمانية,30.942,30.694,Itay Al-Barud,مركز إيتاى البارود,itay-al-barud-eg1807,30.886,30.656,Behera,البحيرة
Armana,ارمنا,24.514,33.048,Nasr,مركز نصر,nasr-eg2805,24.373,32.932,Aswan,أسوان
Arymoun,أريمون,31.198,30.899,Kafr Al-Shaykh,مركز كفر الشيخ,kafr-al-shaykh-eg1502,31.2,31.016,Kafr El-Shikh,كفر الشيخ
Ishaqa,إسحاقة,31.126,31.001,Kafr Al-Shaykh,مركز كفر الشيخ,kafr-al-shaykh-eg1502,31.2,31.016,Kafr El-Shikh,كفر الشيخ
Asdeema,أسديمة,30.896,30.838,Kafr Al-Zayyat,مركز كفر الزيات,kafr-al-zayyat-eg1612,30.807,30.835,Gharbia,الغربية
Asreega,أسريجة,30.411,31.083,Al-Bagur,مركز الباجور,al-bagur-eg1704,30.413,31.032,Menoufia,المنوفية
Astal,أسط ال,28.381,30.67,Markz Samalut,مركز سمالوط,markz-samalut-eg2408,28.285,30.629,Menia,المنيا
Astonha,أسطنها,30.468,31.117,Al-Bagur,مركز الباجور,al-bagur-eg1704,30.413,31.032,Menoufia,المنوفية
Asaad,آسعد,30.097,31.246,Al Sahil,قسم الساحل,al-sahil-eg0121,30.092,31.247,Cairo,القاهرة
Iskan Mubarak Lel-Shabab,اسكان مبارك للشباب,29.986,31.421,New Cairo-3,قسم ثالث القاهرة الجديدة,new-cairo-3-eg0139,29.978,31.456,Cairo,القاهرة
Askar,أسكر,29.539,31.297,Saf,مركز الصف,saf-eg2111,29.62,31.305,Giza,الجيزة
Alexandria El-Gadeeda,اسكندرية الجديدة,31.116,31.828,Manzala,مركز المنزلة,manzala-eg1207,31.153,31.958,Dakahlia,الدقهلية
Asla,أسلا,28.329,33.872,Al-Tur,قسم الطور,al-tur-eg3501,28.365,33.753,South Sinai,جنوب سيناء
Ismania,إسمانية,30.952,30.708,Shubra Khit,مركز شبراخيت,shubra-khit-eg1810,31.003,30.679,Behera,البحيرة
Asmant,أسمنت,27.904,30.691,Markz Abu Qurqas,مركز ابو قرقاص,markz-abu-qurqas-eg2404,27.939,30.77,Menia,المنيا
Asmant,أسمنت,25.806,29.023,A-Dakhla Oasis,مركز الوحات الداخلة,a-dakhla-oasis-eg3202,24.803,27.209,New Valley,الوادى الجديد
Asmo El-Arous,أسم والعروس,27.637,30.762,Markz Dir Mawas,مركز دير مواس,markz-dir-mawas-eg2407,27.655,30.79,Menia,المنيا
Asneet,أسنيت,30.538,31.249,Kafr Shukr,مركز كفر شكر,kafr-shukr-eg1411,30.554,31.275,Kalyoubia,القليوبية
Ashrouba,أشروبة,28.512,30.703,Markz Bani Mazar,مركز بنى مزار,markz-bani-mazar-eg2406,28.518,30.731,Menia,المنيا
Ashkar,أشكر,30.751,31.821,Faqus,مركز فاقوس,faqus-eg1312,30.749,31.896,Sharkia,الشرقية
Ashleem,أشليم,30.523,31.121,Quwisna,مركز قويسنا,quwisna-eg1708,30.56,31.163,Menoufia,المنوفية
Ashleema,أشليمة,30.886,30.747,Itay Al-Barud,مركز إيتاى البارود,itay-al-barud-eg1807,30.886,30.656,Behera,البحيرة
Ashmant,أشمنت,29.198,31.181,Nasir,مركز ناصر,nasir-eg2209,29.187,31.078,Beni Suef,بنى سويف
Ashmoun El-Romman,أشمون الرمان,31.09,31.646,Dikirnis,مركز دكرنس,dikirnis-eg1209,31.093,31.78,Dakahlia,الدقهلية
Ashnaway,أشناواي,30.801,31.067,Santa,مركز السنطة,santa-eg1604,30.773,31.119,Gharbia,الغربية
Ashneen El-Nasara,أشنين النصاري,28.612,30.772,Markz Maghagha,مركز مغاغة,markz-maghagha-eg2410,28.641,30.794,Menia,المنيا
Astobary,اصطباري,30.505,31.05,Shibin al-Kum,مركز شبين الكوم,shibin-al-kum-eg1702,30.561,30.954,Menoufia,المنوفية
Asfoun,أصفون,25.401,32.529,Isna,مركز إسنا,isna-eg2705,25.365,32.52,Qena,قنا
Atsa,أطسا,28.219,30.737,Markz Samalut,مركز سمالوط,markz-samalut-eg2408,28.285,30.629,Menia,المنيا
Atlas G,أطلس ج,30.008,31.336,Al Khalifa,قسم الخليفة,al-khalifa-eg0108,30.01,31.296,Cairo,القاهرة
Atlamees,أطلميس,30.944,30.501,Al-Dilingat,مركز الدلنجات,al-dilingat-eg1805,30.81,30.49,Behera,البحيرة
Atnouh,أطنوح,31.187,27.778,Marsa Matruh,قسم مرسى مطروح,marsa-matruh-eg3301,30.022,26.997,Matrouh,مطروح
Atneya,أطنيه,28.654,30.828,Markz Maghagha,مركز مغاغة,markz-maghagha-eg2410,28.641,30.794,Menia,المنيا
Atwab,أطواب,29.385,31.215,Al Wasta,مركز الواسطى,al-wasta-eg2205,29.324,31.17,Beni Suef,بنى سويف
Atwal El-Waqf,أعط والوقف,28.553,30.745,Markz Bani Mazar,مركز بنى مزار,markz-bani-mazar-eg2406,28.518,30.731,Menia,المنيا
Aghroumy,أغرومي,29.162,25.736,Siwa,مركز سيوة,siwa-eg3306,28.703,25.589,Matrouh,مطروح
Aftomiya El-Gharbeya,أفطمية الغربية,25.996,28.695,A-Dakhla Oasis,مركز الوحات الداخلة,a-dakhla-oasis-eg3202,24.803,27.209,New Valley,الوادى الجديد
Aftima El-Sharqeya,أفطيمة الشرقية,25.986,28.81,A-Dakhla Oasis,مركز الوحات الداخلة,a-dakhla-oasis-eg3202,24.803,27.209,New Valley,الوادى الجديد
Aftima El-Qeblya,أفطيمة القبلية,25.954,28.736,A-Dakhla Oasis,مركز الوحات الداخلة,a-dakhla-oasis-eg3202,24.803,27.209,New Valley,الوادى الجديد
Aflaqa,أفلاقة,31.075,30.505,Damanhur,مركز دمنهور,damanhur-eg1802,31.032,30.527,Behera,البحيرة
Afneesh,أفنيش,31.057,31.259,Nebro,مركز نبروة,nebro-eg1221,31.129,31.297,Dakahlia,الدقهلية
Afwa,أفوة,29.346,31.199,Al Wasta,مركز الواسطى,al-wasta-eg2205,29.324,31.17,Beni Suef,بنى سويف
Aqsas,أقصاص,26.671,31.628,Al-Maragha,مركز المراغة,al-maragha-eg2606,26.669,31.588,Suhag,سوهاج
Aqtya,أقطية,30.975,32.801,Rummana,قسم رمانة,rummana-eg3410,30.957,32.699,North Sinai,شمال سيناء
Aqfahass,أقفهص,28.791,30.829,Al Fashn,مركز الفشن,al-fashn-eg2204,28.809,30.827,Beni Suef,بنى سويف
Aqlit,اقليت,24.512,32.886,Kum Umbu,مركز كوم امبو,kum-umbu-eg2804,24.48,32.947,Aswan,أسوان
Akadeemeyat El-Shorta w El-Mirage,اكاديميه الشرطه و الميراج,30.06,31.428,New Cairo-2,قسم ثان القاهرة الجديدة,new-cairo-2-eg0138,30.074,31.582,Cairo,القاهرة
Akrash,أكراش,30.761,31.517,Dyarb Nigm,مركز ديرب نجم,dyarb-nigm-eg1310,30.752,31.444,Sharkia,الشرقية
Akwa,أكوة,30.702,31.47,Dyarb Nigm,مركز ديرب نجم,dyarb-nigm-eg1310,30.752,31.444,Sharkia,الشرقية
Akwa El-Hessa,أكوة الحصة,30.74,30.838,Kafr Al-Zayyat,مركز كفر الزيات,kafr-al-zayyat-eg1612,30.807,30.835,Gharbia,الغربية
Akyad El-Bahareya,أكياد البحرية,30.731,31.902,Faqus,مركز فاقوس,faqus-eg1312,30.749,31.896,Sharkia,الشرقية
Akyad El-Qeblya,أكياد القبلية,30.71,31.931,Faqus,مركز فاقوس,faqus-eg1312,30.749,31.896,Sharkia,الشرقية
Akyad Dagwy,أكياددجوي,30.366,31.113,Tukh,مركز طوخ,tukh-eg1408,30.344,31.19,Kalyoubia,القليوبية
El-Abageya,الأباجية,30.017,31.299,Al Khalifa,قسم الخليفة,al-khalifa-eg0108,30.01,31.296,Cairo,القاهرة
El-Ibrahimia,الابراهيمية,31.18,30.656,Disuq,مركز دسوق,disuq-eg1506,31.15,30.72,Kafr El-Shikh,كفر الشيخ
El-Ibrahimia,الابراهيمية,30.958,30.594,Itay Al-Barud,مركز إيتاى البارود,itay-al-barud-eg1807,30.886,30.656,Behera,البحيرة
El-Ibrahimia El-Bahareya,الإبراهيميه البحريه,31.392,31.628,Kafr Sad,مركز كفر سعد,kafr-sad-eg1104,31.359,31.603,Damietta,دمياط
El-Ibrahimia El-Qeblya,الإبراهيميه القبليه,31.375,31.629,Kafr Sad,مركز كفر سعد,kafr-sad-eg1104,31.359,31.603,Damietta,دمياط
El-Abreeqgy,الأبريقجي,31.078,30.612,Al-Rahmaniyya,مركز الرحمانية,al-rahmaniyya-eg1815,31.106,30.584,Behera,البحيرة
El-Abtal,الأبط ال,30.826,32.328,"Qantara Sharq, al-",قسم القنطرة شرق,qantara-sharq-al-eg1908,30.603,32.55,Ismailia,الإسماعيلية
El-Abadeya El-Bahareya,الأبعادية البحرية,31.5,31.052,Al Hamul,مركز الحامول,al-hamul-eg1511,31.388,31.075,Kafr El-Shikh,كفر الشيخ
El-Abqaeen,الأبقعين,30.841,30.352,Hush Isa,مركز حوش عيسى,hush-isa-eg1808,30.891,30.346,Behera,البحيرة
El-Ablaq,الأبلق,26.991,31.351,Sidfa,مركز صدفا,sidfa-eg2511,26.943,31.38,Assiut,أسيوط
El-Abyary,الأبياري,30.342,31.232,Tukh,مركز طوخ,tukh-eg1408,30.344,31.19,Kalyoubia,القليوبية
El-Etihad,الاتحاد,31.131,31.831,MIt Salsil,مركز ميت سلسيل,mit-salsil-eg1217,31.233,31.792,Dakahlia,الدقهلية
El-Ataka,الأتكة,29.844,32.485,Ataqa,قسم عتاقة,ataqa-eg0403,29.539,32.128,Suez,السويس
El-Atlat,الأتلات,28.448,30.749,Markz Matay,مركز مطاى,markz-matay-eg2409,28.431,30.71,Menia,المنيا
El-Ahaywa Sharq,الأحايوةشرق,26.461,31.826,Akhmim,مركز أخميم,akhmim-eg2604,26.551,31.715,Suhag,سوهاج
El-Ahaywa Gharb,الأحايوةغرب,26.448,31.801,Al Usayrat,مركز العسيرات,al-usayrat-eg2617,26.401,31.815,Suhag,سوهاج
El-Ahrar,الأحرار,24.961,32.786,Adfu,مركز أدفو,adfu-eg2803,25.061,32.957,Aswan,أسوان
El-Ahrar,الأحرار,31.013,32.559,Rummana,قسم رمانة,rummana-eg3410,30.957,32.699,North Sinai,شمال سيناء
El-Ahraz,الأحراز,30.705,31.614,Abu Kabir,مركز أبوكبير,abu-kabir-eg1305,30.733,31.69,Sharkia,الشرقية
El-Ahraz,الأحراز,30.34,31.307,Shibin al-Qanatir,مركز شبين القناطر,shibin-al-qanatir-eg1405,30.296,31.307,Kalyoubia,القليوبية
El-Ehsania,الاحسانية,30.673,31.561,Hihya,مركز ههيا,hihya-eg1315,30.652,31.617,Sharkia,الشرقية
El-Ahmadeya,الاحمدية,31.2,31.963,Manzala,مركز المنزلة,manzala-eg1207,31.153,31.958,Dakahlia,الدقهلية
El-Ahmadeya,الأحمدية,31.193,31.585,Shirbin,مركز شربين,shirbin-eg1210,31.261,31.576,Dakahlia,الدقهلية
El-Ahmadeen,الأحمدين,30.059,31.231,Bulaq,قسم بولاق,bulaq-eg0112,30.062,31.234,Cairo,القاهرة
El-Ahyaa,الأحياء,27.427,33.609,Hurghada 2,قسم ثان الغردقة,hurghada-2-eg3108,27.745,33.08,Red Sea,البحر الأحمر
El-Akharasa,الأخارسة,30.83,32.24,"Qantara Gharb, al-",مركز القنطرة,qantara-gharb-al-eg1906,30.742,32.245,Ismailia,الإسماعيلية
El-Ekhsas,الاخصاص,29.709,31.294,Saf,مركز الصف,saf-eg2111,29.62,31.305,Giza,الجيزة
El-Ekhsas,الاخصاص,30.191,31.092,Imbaba,مركز إمبابة,imbaba-eg2113,30.22,30.963,Giza,الجيزة
El-Ekhsas,الاخصاص,28.111,30.725,Kesm Al-minya,قسم المنيا,kesm-al-minya-eg2401,28.095,30.744,Menia,المنيا
El-Ekhsas,الأخصاص,29.391,30.9,Sinuras,مركز سنورس,sinuras-eg2305,29.441,30.815,Fayoum,الفيوم
El-Akhmas,الأخماس,30.408,30.834,Sadat City,مركز السادات,sadat-city-eg1711,30.358,30.661,Menoufia,المنوفية
El-Akhmiyeen,الأخميين,30.675,31.768,Faqus,مركز فاقوس,faqus-eg1312,30.749,31.896,Sharkia,الشرقية
El-Akhmiyeen,الأخميين,30.173,31.152,Qanatir Al-Khayriyya,مركز القناطر الخيرية,qanatir-al-khayriyya-eg1404,30.214,31.135,Kalyoubia,القليوبية
El-Akhywa,الاخيوة,30.797,31.975,Al-Husayniya,مركز الحسينية,al-husayniya-eg1306,30.924,32.006,Sharkia,الشرقية
El-Edara,الادارة,27.81,30.793,Markz Mallawi,مركز ملوى,markz-mallawi-eg2412,27.775,30.801,Menia,المنيا
El-Adabeya,الأدبية,29.793,32.437,Ataqa,قسم عتاقة,ataqa-eg0403,29.539,32.128,Suez,السويس
El-Arbaeen,الأربعين,31.249,31.718,Fariskur,مركز فارسكور,fariskur-eg1103,31.31,31.733,Damietta,دمياط
El-Azhar,الأزهر,30.047,31.262,Gamaliyya,قسم الجمالية,gamaliyya-eg0115,30.054,31.265,Cairo,القاهرة
El-Esbaeya,الأسباعية,28.817,33.977,Sant Katrin,قسم سانت كاترين,sant-katrin-eg3504,28.66,34.052,South Sinai,جنوب سيناء
El-Estad,الاستاد,30.069,31.307,Madinat Nasr-2,قسم ثانمدينةنصر,madinat-nasr-2-eg0127,30.048,31.309,Cairo,القاهرة
El-Asadeya,الأسدية,30.612,31.707,Abu Hammad,مركز أبو حماد,abu-hammad-eg1304,30.543,31.649,Sharkia,الشرقية
El-Ismailia,الاسماعيلية,30.047,31.236,Qasr Al-Nile,قسم قصر النيل,qasr-al-nile-eg0111,30.043,31.235,Cairo,القاهرة
El-Ismailia,الاسماعيلية,28.201,30.75,Markz Al Minya,مركز المنيا,markz-al-minya-eg2402,28.101,30.641,Menia,المنيا
El-Ismailia Sharq? Raqm? Sabeqan?,الاسماعيليةشرق?رقم?سابقا?,30.918,32.407,"Qantara Sharq, al-",قسم القنطرة شرق,qantara-sharq-al-eg1908,30.603,32.55,Ismailia,الإسماعيلية
El-Ismailia,الإسماعيليه,31.368,31.691,Kafr Sad,مركز كفر سعد,kafr-sad-eg1104,31.359,31.603,Damietta,دمياط
El-Eshara,الإشارة,30.593,31.511,Zaqaziq 2,قسم ثان الزقازيق,zaqaziq-2-eg1302,30.601,31.519,Sharkia,الشرقية
El-Ashraf,الأشراف,24.935,32.804,Adfu,مركز أدفو,adfu-eg2803,25.061,32.957,Aswan,أسوان
El-Ashraf El-Bahareya,الأشراف البحرية,26.187,32.594,Qina,مركز قنا,qina-eg2702,26.163,32.578,Qena,قنا
El-Ashraf El-Sharqeya,الأشراف الشرقية,26.096,32.786,Qina,مركز قنا,qina-eg2702,26.163,32.578,Qena,قنا
El-Ashraf El-Gharbeya,الأشراف الغربية,26.081,32.778,Qina,مركز قنا,qina-eg2702,26.163,32.578,Qena,قنا
El-Ashraf El-Qeblya,الأشراف القبلية,26.105,32.773,Qina,مركز قنا,qina-eg2702,26.163,32.578,Qena,قنا
El-Ashrak,الأشراك,31.06,30.612,Al-Rahmaniyya,مركز الرحمانية,al-rahmaniyya-eg1815,31.106,30.584,Behera,البحيرة
El-Ashmouneen,الأشمونين,27.782,30.817,Markz Mallawi,مركز ملوى,markz-mallawi-eg2412,27.775,30.801,Menia,المنيا
El-Aslab,الأصلاب,31.04,30.675,Shubra Khit,مركز شبراخيت,shubra-khit-eg1810,31.003,30.679,Behera,البحيرة
El-Eslah,الإصلاح,26.23,31.985,Al-Balyana,مركز البلينا,al-balyana-eg2605,26.241,31.944,Suhag,سوهاج
El-Eslah El-Zeraei,الاصلاح الزرراعي,30.165,31.239,Qalyub,مركز قليوب,qalyub-eg1410,30.207,31.214,Kalyoubia,القليوبية
El-Atarsha,الأطارشة,30.444,31.05,Al-Bagur,مركز الباجور,al-bagur-eg1704,30.413,31.032,Menoufia,المنوفية
El-Etezaz,الإعتزاز,28.193,30.564,Markz Samalut,مركز سمالوط,markz-samalut-eg2408,28.285,30.629,Menia,المنيا
El-Aaras,الأعراس,30.481,31.387,Minya al-Qamh,مركز منيا القمح,minya-al-qamh-eg1314,30.507,31.369,Sharkia,الشرقية
El-Aaqab,الأعقاب,24.285,32.909,Aswan,مركز أسوان,aswan-eg2802,23.972,32.831,Aswan,أسوان
El-Aalam,الأعلام,29.337,30.869,Fayyum,مركز الفيوم,fayyum-eg2302,29.3,30.955,Fayoum,الفيوم
El-Eghana,الإغانة,26.863,31.358,Tama,مركز طما,tama-eg2613,26.874,31.422,Suhag,سوهاج
El-Aqadema,الأقادمة,27.03,31.253,Abu Tig,مركز أبوتيج,abu-tig-eg2505,27.037,31.289,Assiut,أسيوط
El-Aqalta,الأق التة,25.695,32.612,Luxor,مركز الأقصر,luxor-eg2902,25.685,32.588,Luxor,مدينة الأقصر
El-Aqawaz,الاقواز,29.639,31.31,Saf,مركز الصف,saf-eg2111,29.62,31.305,Giza,الجيزة
El-Akrad,الأكراد,27.231,31.148,Alfath,مركز الفتح,alfath-eg2513,27.218,31.212,Assiut,أسيوط
El-Imam El-Hussein,الإمام الحسين,30.742,30.424,Al-Dilingat,مركز الدلنجات,al-dilingat-eg1805,30.81,30.49,Behera,البحيرة
El-Imam El-Ghazaly,الإمام الغزالى,30.722,30.483,Al-Dilingat,مركز الدلنجات,al-dilingat-eg1805,30.81,30.49,Behera,البحيرة
El-Imamein,الإمامين,30.008,31.257,Al Khalifa,قسم الخليفة,al-khalifa-eg0108,30.01,31.296,Cairo,القاهرة
El-Omaraa,الأمراء,31.185,30.051,Kafr Al-Dawwar,مركز كفر الدوار,kafr-al-dawwar-eg1812,31.129,30.038,Behera,البحيرة
El-Amal,الامل,30.833,30.06,Abu-l-Matamir,مركز ابوالمطامير,abu-l-matamir-eg1803,30.773,30.144,Behera,البحيرة
El-Amal,الأمل,28.106,30.609,Markz Al Minya,مركز المنيا,markz-al-minya-eg2402,28.101,30.641,Menia,المنيا
El-Amir Kab,الأمير كاب,24.595,32.931,Nasr,مركز نصر,nasr-eg2805,24.373,32.932,Aswan,أسوان
El-Amireya,الأميرية,30.109,31.27,Zawiyya Al-Hamra,قسم الزاويةالحمراء,zawiyya-al-hamra-eg0131,30.098,31.27,Cairo,القاهرة
El-Amireya,الأميرية,26.144,32.095,Abu Tisht,مركز أبو طشت,abu-tisht-eg2703,26.13,32.086,Qena,قنا
El-Anboteen,الأنبوطين,30.784,31.075,Santa,مركز السنطة,santa-eg1604,30.773,31.119,Gharbia,الغربية
El-Angab,الأنجب,30.371,30.928,Ashmun,مركز أشمون,ashmun-eg1703,30.299,31.008,Menoufia,المنوفية
El-Andalus,الاندلس,29.977,31.666,New Cairo-3,قسم ثالث القاهرة الجديدة,new-cairo-3-eg0139,29.978,31.456,Cairo,القاهرة
El-Ansha,الأنشا,31.114,31.234,El Mahalla El Kobra,مركز المحله الكبرى,el-mahalla-el-kobra-eg1607,31.017,31.13,Gharbia,الغربية
El-Ansha w El-Moneera,الانشا والمنيرة,30.036,31.237,Sayyida Zainab,قسم السيدة زينب,sayyida-zainab-eg0107,30.03,31.242,Cairo,القاهرة
El-Ansasya,الانشاصية,30.84,31.337,Aga,مركز أجا,aga-eg1204,30.895,31.313,Dakahlia,الدقهلية
El-Ansheta,الانشطه,29.989,31.383,New Cairo-3,قسم ثالث القاهرة الجديدة,new-cairo-3-eg0139,29.978,31.456,Cairo,القاهرة
El-Ansar,الأنصار,29.127,30.893,Ahnasya,مركز أهناسيا,ahnasya-eg2206,29.102,30.943,Beni Suef,بنى سويف
El-Ansar,الأنصار,27.396,30.779,Al-Qusia,مركز القوصية,al-qusia-eg2509,27.403,30.826,Assiut,أسيوط
El-Anwar w Oshash El-Baroud,الأنوروعشش البارود,30.017,31.233,Misr Al-Qadima,مصرالقديمة,misr-al-qadima-eg0106,30.006,31.242,Cairo,القاهرة
El-Ahtam,الأهتم,31.093,33.813,El Arish 3,قسم ثالث العريش,el-arish-3-eg3403,30.995,33.777,North Sinai,شمال سيناء
El-Orman,الأورمان,30.945,31.408,Sinbillawin,مركز السنبلاوين,sinbillawin-eg1205,30.883,31.513,Dakahlia,الدقهلية
El-Awsat Samhoud,الأوسطسمهود,26.162,32.092,Abu Tisht,مركز أبو طشت,abu-tisht-eg2703,26.13,32.086,Qena,قنا
El-Awsat Qamoula,الأوسطقمولا,25.809,32.746,Naqada,مركز نقادة,naqada-eg2709,25.89,32.711,Qena,قنا
El-Eiman,الايمان,30.756,29.959,Abu-l-Matamir,مركز ابوالمطامير,abu-l-matamir-eg1803,30.773,30.144,Behera,البحيرة
El-Eiman,الأيمان,24.985,32.784,Adfu,مركز أدفو,adfu-eg2803,25.061,32.957,Aswan,أسوان
El-Eiman 1,الإيمان 1,30.639,30.735,Badr,مركز بدر,badr-eg1818,30.547,30.679,Behera,البحيرة
El-Eiman 2,الإيمان 2,30.663,30.729,Badr,مركز بدر,badr-eg1818,30.547,30.679,Behera,البحيرة
El-Eiman 3,الإيمان 3,30.683,30.691,Badr,مركز بدر,badr-eg1818,30.547,30.679,Behera,البحيرة
El-Bab El-Gadeed Sharqy,الباب الجديدشرقي,31.186,29.912,Muharam Bik,قسم محرم بك,muharam-bik-eg0205,31.184,29.939,Alexandria,الاسكندرية
El-Bab El-Gadeed w Mansha,الباب الجديدومنشا,31.192,29.908,Muharam Bik,قسم محرم بك,muharam-bik-eg0205,31.184,29.939,Alexandria,الاسكندرية
El-Bagehour,الباجهور,28.664,30.757,Markz Al Idwa,مركز العدوة,markz-al-idwa-eg2405,28.696,30.74,Menia,المنيا
El-Bageya bel-Sheikh Youssef,الباجيةب الشيخيوسف,26.478,31.784,Al-Minshat,مركز المنشأة,al-minshat-eg2607,26.464,31.756,Suhag,سوهاج
El-Baroud Sharq,البارود شرق,26.945,31.387,Sidfa,مركز صدفا,sidfa-eg2511,26.943,31.38,Assiut,أسيوط
El-Baroud Gharb,البارود غرب,26.95,31.397,Sidfa,مركز صدفا,sidfa-eg2511,26.943,31.38,Assiut,أسيوط
El-Baskeya,الباسكية,26.264,31.948,Al-Balyana,مركز البلينا,al-balyana-eg2605,26.241,31.944,Suhag,سوهاج
El-Bateneya,الباطنية,30.043,31.264,Al Darb al-Ahmar,قسم الدرب الأحمر,al-darb-al-ahmar-eg0114,30.041,31.26,Cairo,القاهرة
El-Bagha,الباغة,29.502,33.025,Ras Sidr,قسم رأس سدر,ras-sidr-eg3502,29.599,33.317,South Sinai,جنوب سيناء
El-Batanoun w Hessetha,البتانونوحصتها,30.623,30.983,Shibin al-Kum,مركز شبين الكوم,shibin-al-kum-eg1702,30.561,30.954,Menoufia,المنوفية
El-Bateya,البتية,30.35,31.35,Mashtul Al-Suq,مركز مشتول السوق,mashtul-al-suq-eg1316,30.361,31.383,Sharkia,الشرقية
El-Bagalat,البجلات,31.171,31.637,Minya Al-Nasr,مركز منية النصر,minya-al-nasr-eg1214,31.154,31.707,Dakahlia,الدقهلية
El-Bahary Samhoud,البحريسمهود,26.159,32.006,Abu Tisht,مركز أبو طشت,abu-tisht-eg2703,26.13,32.086,Qena,قنا
El-Bahary Qamoula,البحريقمولا,25.838,32.738,Naqada,مركز نقادة,naqada-eg2709,25.89,32.711,Qena,قنا
El-Bakhanees,البخانيس,31.186,30.883,Kafr Al-Shaykh,مركز كفر الشيخ,kafr-al-shaykh-eg1502,31.2,31.016,Kafr El-Shikh,كفر الشيخ
El-Bakhayta,البخايتة,26.594,31.622,Suhag,مركز سوهاج,suhag-eg2603,26.547,31.655,Suhag,سوهاج
El-Badala,البد الة,31.103,31.443,El Mansora,مركز المنصورة,el-mansora-eg1203,31.053,31.467,Dakahlia,الدقهلية
El-Badrawi,البدراوي,31.334,31.594,Kafr Sad,مركز كفر سعد,kafr-sad-eg1104,31.359,31.603,Damietta,دمياط
El-Badraman,البدرمان,27.698,30.741,Markz Dir Mawas,مركز دير مواس,markz-dir-mawas-eg2407,27.655,30.79,Menia,المنيا
El-Badanganeya,البدنجانية,30.704,31.125,Santa,مركز السنطة,santa-eg1604,30.773,31.119,Gharbia,الغربية
El-Baragil,البراجيل,30.076,31.163,Auseem,مركز أوسيم,auseem-eg2116,30.132,31.142,Giza,الجيزة
El-Baragil,البراجيل,27.82,30.747,Markz Mallawi,مركز ملوى,markz-mallawi-eg2412,27.775,30.801,Menia,المنيا
El-Barad,البراد,30.084,31.25,Al Sahil,قسم الساحل,al-sahil-eg0121,30.092,31.247,Cairo,القاهرة
El-Baradea wa Khalwetha,البرادعةوخلوتها,30.238,31.162,Qanatir Al-Khayriyya,مركز القناطر الخيرية,qanatir-al-khayriyya-eg1404,30.214,31.135,Kalyoubia,القليوبية
El-Barashiya,البراشية,31.259,31.709,Fariskur,مركز فارسكور,fariskur-eg1103,31.31,31.733,Damietta,دمياط
El-Baramoun,البرامون,31.119,31.457,El Mansora,مركز المنصورة,el-mansora-eg1203,31.053,31.467,Dakahlia,الدقهلية
El-Baranqa,البرانقة,30.426,31.078,Al-Bagur,مركز الباجور,al-bagur-eg1704,30.413,31.032,Menoufia,المنوفية
El-Baranqa,البرانقة,28.989,31.004,Biba,مركز ببا,biba-eg2207,28.951,30.967,Beni Suef,بنى سويف
El-Barani,البراني,29.408,31.009,Tamya,مركز طامية,tamya-eg2306,29.467,30.982,Fayoum,الفيوم
El-Baraniya,البرانية,30.235,31.0,Ashmun,مركز أشمون,ashmun-eg1703,30.299,31.008,Menoufia,المنوفية
El-Barahma,البراهمة,26.024,32.8,Qift,مركز قفط,qift-eg2711,25.998,32.827,Qena,قنا
El-Barba,البربا,27.949,30.743,Markz Abu Qurqas,مركز ابو قرقاص,markz-abu-qurqas-eg2404,27.939,30.77,Menia,المنيا
El-Barba,البربا,26.903,31.37,Sidfa,مركز صدفا,sidfa-eg2511,26.943,31.38,Assiut,أسيوط
El-Barba,البربا,26.339,31.835,Girga,مركز جرجا,girga-eg2610,26.307,31.867,Suhag,سوهاج
Alberth,آلبرث,30.887,34.296,Rafah,قسم رفح,rafah-eg3409,31.087,34.227,North Sinai,شمال سيناء
El-Borg,البرج,31.593,31.043,Burullus,مركز البرلس,burullus-eg1503,31.521,31.273,Kafr El-Shikh,كفر الشيخ
El-Borg,البرج,29.182,31.073,Nasir,مركز ناصر,nasir-eg2209,29.187,31.078,Beni Suef,بنى سويف
El-Bargaya,البرجاية,28.152,30.723,Markz Al Minya,مركز المنيا,markz-al-minya-eg2402,28.101,30.641,Menia,المنيا
El-Barsha,البرشا,27.73,30.883,Markz Mallawi,مركز ملوى,markz-mallawi-eg2412,27.775,30.801,Menia,المنيا
El-Barghouti,البرغوتي,29.474,31.23,Ayat,مركز العياط,ayat-eg2112,29.564,31.25,Giza,الجيزة
El-Barqi,البرقي,28.771,30.829,Al Fashn,مركز الفشن,al-fashn-eg2204,28.809,30.827,Beni Suef,بنى سويف
El-Baraka,البركة,31.205,29.882,Al Gumruk,قسم الجمرك,al-gumruk-eg0210,31.203,29.879,Alexandria,الاسكندرية
El-Baraka,البركة,27.755,30.751,Markz Mallawi,مركز ملوى,markz-mallawi-eg2412,27.775,30.801,Menia,المنيا
El-Barmabal,البرمبل,29.321,31.257,Atfeh,مركز أطفيح,atfeh-eg2115,29.343,31.25,Giza,الجيزة
El-Barnougi,البرنوجي,30.942,30.38,Damanhur,مركز دمنهور,damanhur-eg1802,31.032,30.527,Behera,البحيرة
El-Barouk,البروك,30.209,34.117,Nakhl,قسم نخل,nakhl-eg3407,29.909,34.024,North Sinai,شمال سيناء
El-Bariya,البرية,31.233,30.945,Riyad,مركز الرياض,riyad-eg1512,31.321,30.92,Kafr El-Shikh,كفر الشيخ
El-Barigat,البريجات,30.494,30.823,Kum Hamada,مركز كوم حمادة,kum-hamada-eg1813,30.654,30.774,Behera,البحيرة
El-Barima,البريمة,28.897,33.328,Abu Radis,قسم أبو رديس,abu-radis-eg3503,29.049,33.598,South Sinai,جنوب سيناء
El-Basatin,البساتين,30.894,31.271,Aga,مركز أجا,aga-eg1204,30.895,31.313,Dakahlia,الدقهلية
El-Basatin,البساتين,30.981,30.434,Damanhur,مركز دمنهور,damanhur-eg1802,31.032,30.527,Behera,البحيرة
El-Basatin - El-Awamer Sabeqan,البساتين-العوامر سابقا,31.4,31.745,Kafr Sad,مركز كفر سعد,kafr-sad-eg1104,31.359,31.603,Damietta,دمياط
El-Basatin El-Sharqiya,البساتين الشرقية,29.984,31.301,Basatin,قسم البساتين,basatin-eg0135,29.98,31.293,Cairo,القاهرة
El-Basatin El-Gharbiya,البساتين الغربية,29.985,31.262,Basatin,قسم البساتين,basatin-eg0135,29.98,31.293,Cairo,القاهرة
El-Bustan,البستان,30.101,31.329,Misr al-Gadida,قسم مصرالجديدة,misr-al-gadida-eg0128,30.091,31.327,Cairo,القاهرة
El-Bustan,البستان,30.77,30.523,Al-Dilingat,مركز الدلنجات,al-dilingat-eg1805,30.81,30.49,Behera,البحيرة
El-Bustan Qibli El-Noubariya,البستان قبلى النوبارية,30.746,30.481,Al-Dilingat,مركز الدلنجات,al-dilingat-eg1805,30.81,30.49,Behera,البحيرة
El-Bustan wa Kafr Tabikha,البستانوكفرطبيخة,31.377,31.76,Dumyat,مركز دمياط,dumyat-eg1102,31.44,31.842,Damietta,دمياط
El-Basqalon,البسقلون,28.694,30.735,Markz Al Idwa,مركز العدوة,markz-al-idwa-eg2405,28.696,30.74,Menia,المنيا
El-Baslaqoun,البسلقون,31.015,30.12,Kafr Al-Dawwar,مركز كفر الدوار,kafr-al-dawwar-eg1812,31.129,30.038,Behera,البحيرة
El-Basyouniya,البسيونية,29.322,30.992,Fayyum,مركز الفيوم,fayyum-eg2302,29.3,30.955,Fayoum,الفيوم
El-Bashayer,البشاير,31.235,30.987,Riyad,مركز الرياض,riyad-eg1512,31.321,30.92,Kafr El-Shikh,كفر الشيخ
El-Bashmour,البشمور,31.132,31.595,Dikirnis,مركز دكرنس,dikirnis-eg1209,31.093,31.78,Dakahlia,الدقهلية
El-Bashandi,البشندى,25.814,28.853,A-Dakhla Oasis,مركز الوحات الداخلة,a-dakhla-oasis-eg3202,24.803,27.209,New Valley,الوادى الجديد
El-Bashnini,البشنيني,30.822,31.501,Sinbillawin,مركز السنبلاوين,sinbillawin-eg1205,30.883,31.513,Dakahlia,الدقهلية
El-Basayela,البصايلة,31.123,32.075,Manzala,مركز المنزلة,manzala-eg1207,31.153,31.958,Dakahlia,الدقهلية
El-Basrat,البصراط,31.197,31.908,Manzala,مركز المنزلة,manzala-eg1207,31.153,31.958,Dakahlia,الدقهلية
El-Basaliya El-Wusta,البصليه الوسطى,25.113,32.768,Adfu,مركز أدفو,adfu-eg2803,25.061,32.957,Aswan,أسوان
El-Basaliya Qibli,البصليه قبلى,25.103,32.788,Adfu,مركز أدفو,adfu-eg2803,25.061,32.957,Aswan,أسوان
El-Batakha,البطاخ,26.624,31.562,Al-Maragha,مركز المراغة,al-maragha-eg2606,26.669,31.588,Suhag,سوهاج
El-Boeirat,البعيرات,25.712,32.625,Luxor,مركز الأقصر,luxor-eg2902,25.685,32.588,Luxor,مدينة الأقصر
El-Baghala,البغ الة,30.028,31.242,Sayyida Zainab,قسم السيدة زينب,sayyida-zainab-eg0107,30.03,31.242,Cairo,القاهرة
El-Baghdadi,البغدادي,25.648,32.624,Luxor,مركز الأقصر,luxor-eg2902,25.685,32.588,Luxor,مدينة الأقصر
El-Baqaashin,البقاشين,30.539,31.28,Kafr Shukr,مركز كفر شكر,kafr-shukr-eg1411,30.554,31.275,Kalyoubia,القليوبية
El-Baqli,البقلي,30.03,31.257,Al Khalifa,قسم الخليفة,al-khalifa-eg0108,30.01,31.296,Cairo,القاهرة
El-Baqliya,البقلية,30.957,31.427,El Mansora,مركز المنصورة,el-mansora-eg1203,31.053,31.467,Dakahlia,الدقهلية
El-Bakatoush,البكاتوش,31.069,30.812,Qillin,مركز قلين,qillin-eg1509,31.085,30.817,Kafr El-Shikh,كفر الشيخ
El-Bakarsha,البكارشة,30.923,31.867,Al-Husayniya,مركز الحسينية,al-husayniya-eg1306,30.924,32.006,Sharkia,الشرقية
El-Bakariya,البكارية,30.837,31.496,Sinbillawin,مركز السنبلاوين,sinbillawin-eg1205,30.883,31.513,Dakahlia,الدقهلية
El-Bakriya,البكرية,29.03,30.971,Biba,مركز ببا,biba-eg2207,28.951,30.967,Beni Suef,بنى سويف
El-Balabish El-Mostagedda,البلابيش المستجدة,26.225,32.131,Dar al-Salam,مركز دار السلام,dar-al-salam-eg2608,26.274,32.043,Suhag,سوهاج
El-Balabish Bahari,البلابيشبحري,26.24,32.112,Dar al-Salam,مركز دار السلام,dar-al-salam-eg2608,26.274,32.043,Suhag,سوهاج
El-Balabish Qibli,البلابيشقبلي,26.166,32.157,Dar al-Salam,مركز دار السلام,dar-al-salam-eg2608,26.274,32.043,Suhag,سوهاج
El-Balashoun,البلاشون,30.437,31.438,Bilbis,مركز بلبيس,bilbis-eg1308,30.408,31.531,Sharkia,الشرقية
El-Balaazetin,البلاعزتين,28.63,30.699,Markz Maghagha,مركز مغاغة,markz-maghagha-eg2410,28.641,30.794,Menia,المنيا
El-Balaqsa,البلاقسة,30.044,31.245,Abdin,قسم عابدين,abdin-eg0109,30.046,31.245,Cairo,القاهرة
El-Balakous,البلاكوس,30.747,30.708,Kum Hamada,مركز كوم حمادة,kum-hamada-eg1813,30.654,30.774,Behera,البحيرة
El-Balamoun,البلامون,30.832,31.449,Sinbillawin,مركز السنبلاوين,sinbillawin-eg1205,30.883,31.513,Dakahlia,الدقهلية
El-Balayza,البلايزة,27.033,31.241,Abu Tig,مركز أبوتيج,abu-tig-eg2505,27.037,31.289,Assiut,أسيوط
El-Balqatriya,البلقطرية,31.194,29.887,Al Gumruk,قسم الجمرك,al-gumruk-eg0210,31.203,29.879,Alexandria,الاسكندرية
El-Buleida,البليدة,29.681,31.276,Ayat,مركز العياط,ayat-eg2112,29.564,31.25,Giza,الجيزة
El-Banna wa Ezabha,البناوعزبها,31.336,31.071,Al Hamul,مركز الحامول,al-hamul-eg1511,31.388,31.075,Kafr El-Shikh,كفر الشيخ
El-Banahwa,البناهوة,30.842,32.265,"Qantara Gharb, al-",مركز القنطرة,qantara-gharb-al-eg1906,30.742,32.245,Ismailia,الإسماعيلية
El-Banawan,البناوان,31.093,31.08,El Mahalla El Kobra,مركز المحله الكبرى,el-mahalla-el-kobra-eg1607,31.017,31.13,Gharbia,الغربية
El-Bana'een,البنائين,31.589,31.081,Burullus,مركز البرلس,burullus-eg1503,31.521,31.273,Kafr El-Shikh,كفر الشيخ
El-Bandariya,البندارية,30.723,30.951,Tala,مركز تلا,tala-eg1707,30.67,30.946,Menoufia,المنوفية
El-Bandara,البندرة,30.822,31.133,Santa,مركز السنطة,santa-eg1604,30.773,31.119,Gharbia,الغربية
El-Bandira,البنديرة,31.141,31.522,El Mansora,مركز المنصورة,el-mansora-eg1203,31.053,31.467,Dakahlia,الدقهلية
El-Benhawi,البنهاوي,30.058,31.265,Bab Al-Shariyya,قسم باب الشعرية,bab-al-shariyya-eg0116,30.059,31.258,Cairo,القاهرة
El-Bahsamoun,البهسمون,29.064,30.88,Ahnasya,مركز أهناسيا,ahnasya-eg2206,29.102,30.943,Beni Suef,بنى سويف
El-Bahansa El-Gharbiya wa Kafr El-Mansoura,البهنسا الغربيةوكفر المنصورة,28.548,30.656,Markz Bani Mazar,مركز بنى مزار,markz-bani-mazar-eg2406,28.518,30.731,Menia,المنيا
El-Bahoufrik,البهوفريك,30.948,31.369,Aga,مركز أجا,aga-eg1204,30.895,31.313,Dakahlia,الدقهلية
El-Bahi,البهي,30.92,30.565,Itay Al-Barud,مركز إيتاى البارود,itay-al-barud-eg1807,30.886,30.656,Behera,البحيرة
El-Bawarik,البواريك,26.471,31.795,Al-Minshat,مركز المنشأة,al-minshat-eg2607,26.464,31.756,Suhag,سوهاج
El-Boura,البورة,27.206,31.07,Assuit,مركز أسيوط,assuit-eg2503,27.117,31.232,Assiut,أسيوط
El-Boursa,البورصة,30.801,31.003,Tanta 1,قسم أول طنطا,tanta-1-eg1601,30.795,31.014,Gharbia,الغربية
El-Boursa wa Kafr Ashari,البورصةوكفرعشري,31.182,29.886,Mina Al-Basal,قسم مينا البصل,mina-al-basal-eg0211,31.167,29.88,Alexandria,الاسكندرية
El-Bouha,البوها,30.773,31.323,Mit Ghamr,مركز ميت غمر,mit-ghamr-eg1213,30.708,31.338,Dakahlia,الدقهلية
El-Bouha,البوها,30.775,31.654,Kafr Saqr,مركز كفر صقر,kafr-saqr-eg1313,30.837,31.675,Sharkia,الشرقية
El-Bayadi wa El-Qarya,البياضي والقرية,26.357,31.882,Girga,قسم جرجا,girga-eg2609,26.348,31.888,Suhag,سوهاج
El-Bayadiya,البياضية,30.884,32.229,"Qantara Gharb, al-",مركز القنطرة,qantara-gharb-al-eg1906,30.742,32.245,Ismailia,الإسماعيلية
El-Bayadiya,البياضية,27.787,30.878,Markz Mallawi,مركز ملوى,markz-mallawi-eg2412,27.775,30.801,Menia,المنيا
El-Bayadiya,البياضية,26.96,31.445,Al- Badari,مركز البدارى,al-badari-eg2506,26.946,31.456,Assiut,أسيوط
El-Bayadiya bel-Nazir,البياضيةب الناظر,26.533,31.783,Al-Minshat,مركز المنشأة,al-minshat-eg2607,26.464,31.756,Suhag,سوهاج
El-Bayraqdar,البيرقدار,30.058,31.27,Gamaliyya,قسم الجمالية,gamaliyya-eg0115,30.054,31.265,Cairo,القاهرة
El-Bayroum,البيروم,30.75,31.784,Faqus,مركز فاقوس,faqus-eg1312,30.749,31.896,Sharkia,الشرقية
El-Beida,البيضا,30.941,31.564,Tamy Al-Amdid,مركز تمى الأمديد,tamy-al-amdid-eg1216,30.947,31.594,Dakahlia,الدقهلية
El-Beida,البيضا,31.162,30.058,Kafr Al-Dawwar,مركز كفر الدوار,kafr-al-dawwar-eg1812,31.129,30.038,Behera,البحيرة
El-Bitash Sharq,البيطاششرق,31.107,29.793,Al Dikhila,قسم الدخيلة,al-dikhila-eg0212,31.119,29.806,Alexandria,الاسكندرية
El-Bitash Gharb,البيطاشغرب,31.131,29.787,Al Dikhila,قسم الدخيلة,al-dikhila-eg0212,31.119,29.806,Alexandria,الاسكندرية
El-Baylouq,البيلوق,30.947,31.294,Aga,مركز أجا,aga-eg1204,30.895,31.313,Dakahlia,الدقهلية
El-Bayhou,البيهو,28.255,30.73,Markz Samalut,مركز سمالوط,markz-samalut-eg2408,28.285,30.629,Menia,المنيا
El-Bayoum,البيوم,30.627,31.391,Zaqaziq,مركز الزقازيق,zaqaziq-eg1303,30.587,31.581,Sharkia,الشرقية
El-Tabaniya,التبنية,28.327,28.688,Bahariya Oasis,قسم الواحاتالبحرية,bahariya-oasis-eg2114,28.452,28.836,Giza,الجيزة
El-Tebbin El-Bahariya,التبين البحرية,29.779,31.297,Al Tibbin,قسم التبين,al-tibbin-eg0101,29.781,31.337,Cairo,القاهرة
El-Tebbin El-Qibliya,التبين القبلية,29.773,31.296,Al Tibbin,قسم التبين,al-tibbin-eg0101,29.781,31.337,Cairo,القاهرة
El-Tatalya,التت الية,27.343,30.835,Al-Qusia,مركز القوصية,al-qusia-eg2509,27.403,30.826,Assiut,أسيوط
El-Tagammu El-Khamis,التجمع الخامس,30.009,31.422,New Cairo-1,قسم أول القاهرة الجديدة,new-cairo-1-eg0137,30.024,31.55,Cairo,القاهرة
El-Tahrir,التحرير,30.977,31.174,El Mahalla El Kobra 1,قسم أول المحلة الكبرى,el-mahalla-el-kobra-1-eg1605,30.972,31.172,Gharbia,الغربية
El-Tahrir,التحرير,28.601,30.651,Markz Maghagha,مركز مغاغة,markz-maghagha-eg2410,28.641,30.794,Menia,المنيا
El-Tahrir,التحرير,26.87,31.421,Tama,مركز طما,tama-eg2613,26.874,31.422,Suhag,سوهاج
El-Taramisa,الترامسة,26.135,32.698,Qina,مركز قنا,qina-eg2702,26.163,32.578,Qena,قنا
El-Torgoman,الترجمان,30.058,31.24,Bulaq,قسم بولاق,bulaq-eg0112,30.062,31.234,Cairo,القاهرة
El-Terea,الترعة,25.208,32.655,Isna,مركز إسنا,isna-eg2705,25.365,32.52,Qena,قنا
El-Terea El-Boulaqiya,الترعة البولاقية,30.076,31.252,Shubra,قسم شبرا,shubra-eg0119,30.072,31.25,Cairo,القاهرة
El-Tafteesh,التفتيش,31.31,30.481,Rashid,مركز رشيد,rashid-eg1809,31.379,30.375,Behera,البحيرة
El-Taqaddom,التقدم,30.856,32.517,"Qantara Sharq, al-",قسم القنطرة شرق,qantara-sharq-al-eg1908,30.603,32.55,Ismailia,الإسماعيلية
El-Tell El-Kebir,التل الكبير,30.607,30.567,Badr,مركز بدر,badr-eg1818,30.547,30.679,Behera,البحيرة
El-Telal El-Ahmar,التل الأحمر,30.662,32.343,"Qantara Sharq, al-",قسم القنطرة شرق,qantara-sharq-al-eg1908,30.603,32.55,Ismailia,الإسماعيلية
El-Telal El-Kebir,التل الكبير,30.517,31.85,"Tal al-Kabir, al-",مركز التل الكبير,tal-al-kabir-al-eg1905,30.418,31.933,Ismailia,الإسماعيلية
El-Teloul,التلول,31.041,33.339,Bir Al-Abd,قسم بئر العبد,bir-al-abd-eg3405,30.69,33.102,North Sinai,شمال سيناء
El-Tellein,التلين,30.564,31.357,Minya al-Qamh,مركز منيا القمح,minya-al-qamh-eg1314,30.507,31.369,Sharkia,الشرقية
El-Tamama,التمامة,31.136,30.223,Kafr Al-Dawwar,مركز كفر الدوار,kafr-al-dawwar-eg1812,31.129,30.038,Behera,البحيرة
El-Tamad,التمد,29.741,34.36,Nakhl,قسم نخل,nakhl-eg3407,29.909,34.024,North Sinai,شمال سيناء
El-Tamad El-Hagar,التمد الحجر,30.955,31.485,Sinbillawin,مركز السنبلاوين,sinbillawin-eg1205,30.883,31.513,Dakahlia,الدقهلية
El-Tamraziya,التمرازية,31.203,29.885,Al Gumruk,قسم الجمرك,al-gumruk-eg0210,31.203,29.879,Alexandria,الاسكندرية
El-Temsah,التمساح,30.612,32.315,Ismailiyya 1,قسم أول الاسماعيلية,ismailiyya-1-eg1901,30.606,32.311,Ismailia,الإسماعيلية
El-Temsahiya,التمساحية,27.379,30.803,Al-Qusia,مركز القوصية,al-qusia-eg2509,27.403,30.826,Assiut,أسيوط
El-Tanagha,التناغا,27.031,31.379,Sahil Silim,مركز ساحل سليم,sahil-silim-eg2507,27.093,31.349,Assiut,أسيوط
El-Tawader,التوادر,26.266,31.924,Al-Balyana,مركز البلينا,al-balyana-eg2605,26.241,31.944,Suhag,سوهاج
El-Tawfiq,التوفيق,30.073,31.321,Nasr City,قسم أول مدينة نصر,nasr-city-eg0126,30.032,31.369,Cairo,القاهرة
El-Tawfiq 7,التوفيق 7,28.579,30.639,Markz Maghagha,مركز مغاغة,markz-maghagha-eg2410,28.641,30.794,Menia,المنيا
El-Tawfiqiya,التوفيقية,31.228,30.052,Muntazah,قسم المنتزة,muntazah-eg0201,31.264,30.03,Alexandria,الاسكندرية
El-Tawfiqiya,التوفيقية,31.378,31.692,Kafr Sad,مركز كفر سعد,kafr-sad-eg1104,31.359,31.603,Damietta,دمياط
El-Tawfiqiya,التوفيقية,30.813,30.735,Itay Al-Barud,مركز إيتاى البارود,itay-al-barud-eg1807,30.886,30.656,Behera,البحيرة
El-Tawfiqiya,التوفيقية,29.376,30.812,Sinuras,مركز سنورس,sinuras-eg2305,29.441,30.815,Fayoum,الفيوم
El-Tawfiqiya,التوفيقية,28.367,30.76,Markz Samalut,مركز سمالوط,markz-samalut-eg2408,28.285,30.629,Menia,المنيا
El-Touma,التومه,31.001,33.928,Shaykh Zuwayd,قسم الشيخ زويد,shaykh-zuwayd-eg3408,30.918,33.971,North Sinai,شمال سيناء
El-Tounsi,التونسي,30.006,31.271,Al Khalifa,قسم الخليفة,al-khalifa-eg0108,30.01,31.296,Cairo,القاهرة
El-Thawra,الثورة,29.238,34.335,Nuweiba,قسم نويبع,nuweiba-eg3507,29.314,34.312,South Sinai,جنوب سيناء
El-Gabriya,الجابرية,31.014,31.079,El Mahalla El Kobra,مركز المحله الكبرى,el-mahalla-el-kobra-eg1607,31.017,31.13,Gharbia,الغربية
El-Gamaa,الجامع,30.597,31.504,Zaqaziq 2,قسم ثان الزقازيق,zaqaziq-2-eg1302,30.601,31.519,Sharkia,الشرقية
El-Gamaa El-Tawfiqi,الجامع التوفيقي,31.269,32.3,Al-Arab,قسم العرب,al-arab-eg0302,31.262,32.294,Port Said,بورسعيد
El-Gamaa El-Abbasi,الجامع العباسي,31.268,32.303,Al-Arab,قسم العرب,al-arab-eg0302,31.262,32.294,Port Said,بورسعيد
El-Gamaa El-Amrikiya wa Rawda,الجامعه الامريكيه و روضه,30.011,31.611,New Cairo-1,قسم أول القاهرة الجديدة,new-cairo-1-eg0137,30.024,31.55,Cairo,القاهرة
El-Gawli,الجاولي,27.25,31.029,Manfalut,مركز منفلوط,manfalut-eg2512,27.294,30.951,Assiut,أسيوط
El-Gabab,الجباب,26.893,31.394,Tama,مركز طما,tama-eg2613,26.874,31.422,Suhag,سوهاج
El-Gabal El-Asfar,الجبل الاصفر,30.202,31.395,Al Khanka,مركز الخانكة,al-khanka-eg1403,30.231,31.358,Kalyoubia,القليوبية
El-Gablaw,الجبلاو,26.13,32.759,Qina,مركز قنا,qina-eg2702,26.163,32.578,Qena,قنا
El-Gablaya,الجبلاية,30.058,31.22,Zamalik,قسم الزمالك,zamalik-eg0133,30.056,31.223,Cairo,القاهرة
El-Gubeirat,الجبيرات,26.751,31.411,Tahta,مركز طهطا,tahta-eg2614,26.785,31.42,Suhag,سوهاج
El-Gedod wa El-Labban - El-Warsha,الجدد و اللبان - الورشه,31.194,29.89,A L Labban,قسم اللبان,a-l-labban-eg0209,31.191,29.892,Alexandria,الاسكندرية
El-Gedi,الجدي,30.052,33.1,Al-Hasna,قسم الحسنة,al-hasna-eg3406,30.288,33.542,North Sinai,شمال سيناء
El-Gediya,الجدية,31.357,30.405,Rashid,مركز رشيد,rashid-eg1809,31.379,30.375,Behera,البحيرة
El-Gedida,الجديدة,30.544,31.379,Minya al-Qamh,مركز منيا القمح,minya-al-qamh-eg1314,30.507,31.369,Sharkia,الشرقية
El-Gedida,الجديدة,31.291,30.425,Rashid,مركز رشيد,rashid-eg1809,31.379,30.375,Behera,البحيرة
El-Gedida,الجديدة,25.83,28.898,A-Dakhla Oasis,مركز الوحات الداخلة,a-dakhla-oasis-eg3202,24.803,27.209,New Valley,الوادى الجديد
El-Garadat,الجرادات,31.075,30.322,Abu Hummus,مركز ابوحمص,abu-hummus-eg1804,31.106,30.31,Behera,البحيرة
El-Gorn,الجرن,31.092,30.309,Abu Hummus,مركز ابوحمص,abu-hummus-eg1804,31.106,30.31,Behera,البحيرة
El-Garnous,الجرنوس,28.58,30.714,Markz Bani Mazar,مركز بنى مزار,markz-bani-mazar-eg2406,28.518,30.731,Menia,المنيا
El-Gereidat,الجريدات,26.809,31.432,Tahta,مركز طهطا,tahta-eg2614,26.785,31.42,Suhag,سوهاج
El-Gazazra,الجزازرة,26.72,31.549,Al-Maragha,مركز المراغة,al-maragha-eg2606,26.669,31.588,Suhag,سوهاج
El-Gazaer,الجزائر,28.335,30.744,Markz Samalut,مركز سمالوط,markz-samalut-eg2408,28.285,30.629,Menia,المنيا
El-Gezira El-Khadra,الجزيرة الخضراء,30.476,31.903,"Tal al-Kabir, al-",مركز التل الكبير,tal-al-kabir-al-eg1905,30.418,31.933,Ismailia,الإسماعيلية
El-Gezira Bahari,الجزيرة بحرى,29.058,31.086,Bani Swayf,قسم بنى سويف,bani-swayf-eg2201,29.077,31.097,Beni Suef,بنى سويف
El-Gezira Qibli,الجزيرة قبلى,29.067,31.104,Bani Swayf,قسم بنى سويف,bani-swayf-eg2201,29.077,31.097,Beni Suef,بنى سويف
El-Gezira El-Gedida,الجزيرة الجديدة,30.041,31.242,Abdin,قسم عابدين,abdin-eg0109,30.046,31.245,Cairo,القاهرة
El-Gezira El-Khadra,الجزيرة الخضراء,31.449,30.432,Mitubas,مركز مطوبس,mitubas-eg1510,31.383,30.47,Kafr El-Shikh,كفر الشيخ
El-Gezira El-Sharqiya,الجزيرة الشرقية,30.405,31.093,Al-Bagur,مركز الباجور,al-bagur-eg1704,30.413,31.032,Menoufia,المنوفية
El-Gezira El-Sharqiya,الجزيرة الشرقية,28.914,31.001,Biba,مركز ببا,biba-eg2207,28.951,30.967,Beni Suef,بنى سويف
El-Gezira El-Shaqra,الجزيرة الشقراء,29.616,31.287,Saf,مركز الصف,saf-eg2111,29.62,31.305,Giza,الجيزة
El-Gaar,الجعار,30.481,30.165,Wadi Al-NatrUn,مركز وادى النطرون,wadi-al-natrun-eg1814,30.43,30.313,Behera,البحيرة
El-Gaafra,الجعافرة,31.146,31.824,MIt Salsil,مركز ميت سلسيل,mit-salsil-eg1217,31.233,31.792,Dakahlia,الدقهلية
El-Gaafra,الجعافرة,30.646,31.779,Faqus,مركز فاقوس,faqus-eg1312,30.749,31.896,Sharkia,الشرقية
El-Gaafra,الجعافرة,30.202,31.289,Shibin al-Qanatir,مركز شبين القناطر,shibin-al-qanatir-eg1405,30.296,31.307,Kalyoubia,القليوبية
El-Gaafra,الجعافرة,29.245,30.778,Atsa,مركز أطسا,atsa-eg2304,29.208,30.767,Fayoum,الفيوم
El-Gaafra,الجعافرة,24.357,32.918,Daraw,مركز دراو,daraw-eg2806,24.326,33.001,Aswan,أسوان
El-Gaafariya,الجعفرية,30.484,31.671,Abu Hammad,مركز أبو حماد,abu-hammad-eg1304,30.543,31.649,Sharkia,الشرقية
El-Gaafariya,الجعفرية,30.684,31.099,Santa,مركز السنطة,santa-eg1604,30.773,31.119,Gharbia,الغربية
El-Gafadoun,الجفادون,28.839,30.796,Al Fashn,مركز الفشن,al-fashn-eg2204,28.809,30.827,Beni Suef,بنى سويف
El-Gafgafa,الجفجافة,30.256,33.307,Al-Hasna,قسم الحسنة,al-hasna-eg3406,30.288,33.542,North Sinai,شمال سيناء
El-Gafira,الجفيرة,31.072,28.151,Daba,مركز الضبعة,daba-eg3304,29.463,28.243,Matrouh,مطروح
El-Galaa,الجلاء,31.259,32.285,Al-Munakh,قسم المناخ,al-munakh-eg0303,31.265,32.287,Port Said,بورسعيد
El-Galaa,الجلاء,28.237,30.69,Markz Samalut,مركز سمالوط,markz-samalut-eg2408,28.285,30.629,Menia,المنيا
El-Galatma,الجلاتمة,30.172,31.116,Imbaba,مركز إمبابة,imbaba-eg2113,30.22,30.963,Giza,الجيزة
El-Galladeen,الجلادين,30.064,31.235,Bulaq,قسم بولاق,bulaq-eg0112,30.062,31.234,Cairo,القاهرة
El-Galawiya,الجلاوية,26.743,31.607,Saqulta,مركز ساقلته,saqulta-eg2612,26.692,31.663,Suhag,سوهاج
El-Galayela,الجلايلة,30.835,31.518,Sinbillawin,مركز السنبلاوين,sinbillawin-eg1205,30.883,31.513,Dakahlia,الدقهلية
El-Gamaliya,الجم الية,30.053,31.266,Gamaliyya,قسم الجمالية,gamaliyya-eg0115,30.054,31.265,Cairo,القاهرة
El-Gamaliya,الجم الية,30.823,31.962,Al-Husayniya,مركز الحسينية,al-husayniya-eg1306,30.924,32.006,Sharkia,الشرقية
El-Gamaliya,الجم الية,25.854,32.759,Qus,مركز قوص,qus-eg2707,25.857,32.789,Qena,قنا
El-Gamamla,الجماملة,31.149,32.045,Manzala,مركز المنزلة,manzala-eg1207,31.153,31.958,Dakahlia,الدقهلية
El-Gamla,الجملة,29.565,31.256,Ayat,مركز العياط,ayat-eg2112,29.564,31.25,Giza,الجيزة
El-Gamhoud,الجمهود,28.825,30.784,Al Fashn,مركز الفشن,al-fashn-eg2204,28.809,30.827,Beni Suef,بنى سويف
El-Gomhouriya,الجمهورية,29.512,30.929,Tamya,مركز طامية,tamya-eg2306,29.467,30.982,Fayoum,الفيوم
El-Gameiza,الجميزة,30.797,31.133,Santa,مركز السنطة,santa-eg1604,30.773,31.119,Gharbia,الغربية
El-Ganayen,الجناين,30.961,32.755,Rummana,قسم رمانة,rummana-eg3410,30.957,32.699,North Sinai,شمال سيناء
El-Gindiya,الجندية,28.568,30.813,Markz Bani Mazar,مركز بنى مزار,markz-bani-mazar-eg2406,28.518,30.731,Menia,المنيا
El-Ganzouri,الجنزوري,30.058,31.275,Al Zahir,قسم الظاهر,al-zahir-eg0117,30.063,31.268,Cairo,القاهرة
El-Gineina,الجنينة,31.104,31.687,Minya Al-Nasr,مركز منية النصر,minya-al-nasr-eg1214,31.154,31.707,Dakahlia,الدقهلية
El-Gineina El-Saghira w Kom Bekir,الجنينة الصغيرةوكومبكير,31.191,29.891,A L Labban,قسم اللبان,a-l-labban-eg0209,31.191,29.892,Alexandria,الاسكندرية
El-Gineina El-Kabira w Souq El-Ma'iz,الجنينة الكبيرةوسوق المعيز,31.194,29.894,A L Labban,قسم اللبان,a-l-labban-eg0209,31.191,29.892,Alexandria,الاسكندرية
El-Gineina w El-Shubbak,الجنينة والشباك,24.551,33.016,Nasr,مركز نصر,nasr-eg2805,24.373,32.932,Aswan,أسوان
El-Gihad,الجهاد,24.996,32.779,Adfu,مركز أدفو,adfu-eg2803,25.061,32.957,Aswan,أسوان
El-Gawabir,الجوابر,30.062,31.236,Bulaq,قسم بولاق,bulaq-eg0112,30.062,31.234,Cairo,القاهرة
El-Gawabir,الجوابر,31.157,31.817,MIt Salsil,مركز ميت سلسيل,mit-salsil-eg1217,31.233,31.792,Dakahlia,الدقهلية
El-Gawadiya,الجوادية,31.221,31.419,Bilqas,مركز بلقاس,bilqas-eg1208,31.344,31.379,Dakahlia,الدقهلية
El-Gawashna,الجواشنة,30.793,31.461,Dyarb Nigm,مركز ديرب نجم,dyarb-nigm-eg1310,30.752,31.444,Sharkia,الشرقية
El-Gawaheen,الجواهين,26.329,31.78,Girga,مركز جرجا,girga-eg2610,26.307,31.867,Suhag,سوهاج
El-Goura,الجورة,30.973,34.135,Shaykh Zuwayd,قسم الشيخ زويد,shaykh-zuwayd-eg3408,30.918,33.971,North Sinai,شمال سيناء
El-Gawsaq,الجوسق,30.431,31.503,Bilbis,مركز بلبيس,bilbis-eg1308,30.408,31.531,Sharkia,الشرقية
El-Golf,الجولف,30.077,31.331,Nasr City,قسم أول مدينة نصر,nasr-city-eg0126,30.032,31.369,Cairo,القاهرة
El-Gawhariya,الجوهرية,30.795,30.966,Tanta,مركز طنطا,tanta-eg1603,30.809,30.932,Gharbia,الغربية
El-Gawa,الجوى,30.796,29.389,Al-Hammam,قسم الحمام,al-hammam-eg3302,29.804,29.418,Matrouh,مطروح
El-Gweira,الجويرة,30.871,29.444,Burg al-Arab,قسم برج العرب,burg-al-arab-eg0214,30.901,29.494,Alexandria,الاسكندرية
El-Gayyar,الجيار,30.397,30.84,Sadat City,مركز السادات,sadat-city-eg1711,30.358,30.661,Menoufia,المنوفية
El-Giyara,الجيارة,30.06,31.246,Al Azbakiyya,قسم الأزبكية,al-azbakiyya-eg0113,30.06,31.246,Cairo,القاهرة
El-Giza,الجيزة,30.016,31.334,Al Khalifa,قسم الخليفة,al-khalifa-eg0108,30.01,31.296,Cairo,القاهرة
El-Giza,الجيزة,25.929,28.849,A-Dakhla Oasis,مركز الوحات الداخلة,a-dakhla-oasis-eg3202,24.803,27.209,New Valley,الوادى الجديد
El-Gilani,الجيلاني,29.434,30.696,Abshaway,مركز أبشواى,abshaway-eg2303,29.374,30.69,Fayoum,الفيوم
El-Hag Qandil,الحاجقنديل,27.63,30.88,Markz Dir Mawas,مركز دير مواس,markz-dir-mawas-eg2407,27.655,30.79,Menia,المنيا
El-Hager,الحاجر,31.073,30.099,Kafr Al-Dawwar,مركز كفر الدوار,kafr-al-dawwar-eg1812,31.129,30.038,Behera,البحيرة
El-Hager,الحاجر,30.278,30.926,Imbaba,مركز إمبابة,imbaba-eg2113,30.22,30.963,Giza,الجيزة
El-Hager bi Awlad Yahya,الحاجربأولاديحيي,26.323,31.993,Dar al-Salam,مركز دار السلام,dar-al-salam-eg2608,26.274,32.043,Suhag,سوهاج
El-Hadqa,الحادقة,29.269,30.839,Fayyum,مركز الفيوم,fayyum-eg2302,29.3,30.955,Fayoum,الفيوم
El-Hara,الحارة,28.363,28.757,Bahariya Oasis,قسم الواحاتالبحرية,bahariya-oasis-eg2114,28.452,28.836,Giza,الجيزة
El-Hara El-Wase'a w El-Takhshiba,الحارة الواسعة والتخشيبة,31.191,29.89,A L Labban,قسم اللبان,a-l-labban-eg0209,31.191,29.892,Alexandria,الاسكندرية
El-Hakimiya,الحاكمية,30.624,31.348,Mit Ghamr,مركز ميت غمر,mit-ghamr-eg1213,30.708,31.338,Dakahlia,الدقهلية
El-Hamidiya,الحامدية,29.144,30.843,Atsa,مركز أطسا,atsa-eg2304,29.208,30.767,Fayoum,الفيوم
El-Hamoul,الحامول,30.475,30.973,Minuf,مركز منوف,minuf-eg1709,30.46,30.881,Menoufia,المنوفية
El-Hamouli,الحامولي,29.293,30.607,Yousef El sadeq,مركز يوسف الصديق,yousef-el-sadeq-eg2307,29.353,30.586,Fayoum,الفيوم
El-Habalsa,الحب الصة,27.42,30.765,Al-Qusia,مركز القوصية,al-qusia-eg2509,27.403,30.826,Assiut,أسيوط
El-Habash,الحبش,30.743,31.562,El-Ibrahimiya,مركز الأبراهيمية,el-ibrahimiya-eg1317,30.732,31.564,Sharkia,الشرقية
El-Hubeil,الحبيل,25.669,32.658,Luxor,مركز الأقصر,luxor-eg2902,25.685,32.588,Luxor,مدينة الأقصر
El-Hubeil - Qaryet El-Sayyadeen,الحبيل - قرية الصيادين,28.28,33.582,Al-Tur,قسم الطور,al-tur-eg3501,28.365,33.753,South Sinai,جنوب سيناء
El-Hubeil w El-Shalouliya,الحبيل والشلولية,26.189,31.944,Al-Balyana,مركز البلينا,al-balyana-eg2605,26.241,31.944,Suhag,سوهاج
El-Hubeilat El-Sharqiya,الحبيلات الشرقية,26.122,32.135,Abu Tisht,مركز أبو طشت,abu-tisht-eg2703,26.13,32.086,Qena,قنا
El-Hubeilat El-Gharbiya,الحبيلات الغربية,26.114,32.065,Abu Tisht,مركز أبو طشت,abu-tisht-eg2703,26.13,32.086,Qena,قنا
El-Hatahta,الحتاحتة,28.238,30.709,Markz Samalut,مركز سمالوط,markz-samalut-eg2408,28.285,30.629,Menia,المنيا
El-Haggagiya,الحجاجية,30.686,31.807,Faqus,مركز فاقوس,faqus-eg1312,30.749,31.896,Sharkia,الشرقية
El-Haggagiya El-Mostagedda,الحجاجية المستجدة,30.639,31.829,Faqus,مركز فاقوس,faqus-eg1312,30.749,31.896,Sharkia,الشرقية
El-Hagara,الحجارة,29.943,31.283,Tura,قسم طره,tura-eg0105,29.939,31.38,Cairo,القاهرة
El-Hagari,الحجاري,31.204,29.881,Al Gumruk,قسم الجمرك,al-gumruk-eg0210,31.203,29.879,Alexandria,الاسكندرية
El-Higaziya,الحجازية,30.85,31.899,Al-Husayniya,مركز الحسينية,al-husayniya-eg1306,30.924,32.006,Sharkia,الشرقية
El-Hagayza,الحجايزة,30.852,31.612,Sinbillawin,مركز السنبلاوين,sinbillawin-eg1205,30.883,31.513,Dakahlia,الدقهلية
El-Hagar,الحجر,29.132,30.657,Atsa,مركز أطسا,atsa-eg2304,29.208,30.767,Fayoum,الفيوم
El-Hagar El-Mahrouq,الحجر المحروق,30.908,30.487,Al-Dilingat,مركز الدلنجات,al-dilingat-eg1805,30.81,30.49,Behera,البحيرة
El-Hagz,الحجز,26.229,31.938,Al-Balyana,مركز البلينا,al-balyana-eg2605,26.241,31.944,Suhag,سوهاج
El-Hagz Bahari,الحجز بحرى,25.16,32.738,Adfu,مركز أدفو,adfu-eg2803,25.061,32.957,Aswan,أسوان
El-Hagz Qibli,الحجزقبلي,25.119,32.808,Adfu,مركز أدفو,adfu-eg2803,25.061,32.957,Aswan,أسوان
El-Hogairat,الحجيرات,26.157,32.545,Qina,مركز قنا,qina-eg2702,26.163,32.578,Qena,قنا
El-Haddad,الحداد,30.9,30.863,Basyun,مركز بسيون,basyun-eg1608,30.959,30.827,Gharbia,الغربية
El-Hadada,الحدادة,31.062,31.751,Bany Abeed,مركز بنى عبيد,bany-abeed-eg1218,31.024,31.648,Dakahlia,الدقهلية
El-Haddadi w 'Ezabha,الحداديوعزبها,31.356,30.802,Sidi Salim,مركز سيدى سالم,sidi-salim-eg1507,31.31,30.738,Kafr El-Shikh,كفر الشيخ
El-Hadayed,الحدايد,29.744,32.398,Ataqa,قسم عتاقة,ataqa-eg0403,29.539,32.128,Suez,السويس
El-Hada'eq,الحدائق,30.076,31.273,Hadaiq Al-Qubba,قسم حدائقالقبة,hadaiq-al-qubba-eg0123,30.086,31.283,Cairo,القاهرة
El-Hodoud,الحدود,31.165,30.878,Kafr Al-Shaykh,مركز كفر الشيخ,kafr-al-shaykh-eg1502,31.2,31.016,Kafr El-Shikh,كفر الشيخ
El-Hadiqa,الحديقة,26.869,31.38,Tama,مركز طما,tama-eg2613,26.874,31.422,Suhag,سوهاج
El-Hadiqa El-Dawliya,الحديقة الدولية,30.049,31.335,Nasr City,قسم أول مدينة نصر,nasr-city-eg0126,30.032,31.369,Cairo,القاهرة
El-Hadein,الحدين,30.728,30.635,Kum Hamada,مركز كوم حمادة,kum-hamada-eg1813,30.654,30.774,Behera,البحيرة
El-Harabi,الحرابي,31.059,28.249,Daba,مركز الضبعة,daba-eg3304,29.463,28.243,Matrouh,مطروح
El-Haragiya,الحراجية,25.951,32.798,Qus,مركز قوص,qus-eg2707,25.857,32.789,Qena,قنا
El-Haradna,الحرادنة,27.405,30.805,Al-Qusia,مركز القوصية,al-qusia-eg2509,27.403,30.826,Assiut,أسيوط
El-Haradna,الحرادنة,26.709,31.656,Saqulta,مركز ساقلته,saqulta-eg2612,26.692,31.663,Suhag,سوهاج
El-Harafsha,الحرافشة,26.725,31.474,Guhayna Al-Gharbiyya,مركز جهينة الغربية,guhayna-al-gharbiyya-eg2611,26.689,31.471,Suhag,سوهاج
El-Haraniya,الحرانية,29.964,31.171,Giza,مركز الجيزة,giza-eg2109,29.943,31.213,Giza,الجيزة
El-Harga,الحرجة,29.217,31.018,Nasir,مركز ناصر,nasir-eg2209,29.187,31.078,Beni Suef,بنى سويف
El-Harga bil-Qor'an,الحرجةب القرعان,26.235,31.888,Al-Balyana,مركز البلينا,al-balyana-eg2605,26.241,31.944,Suhag,سوهاج
El-Harga Bahari,الحرجةبحري,26.22,31.921,Al-Balyana,مركز البلينا,al-balyana-eg2605,26.241,31.944,Suhag,سوهاج
El-Harga Qibli,الحرجةقبلي,26.205,31.931,Al-Balyana,مركز البلينا,al-balyana-eg2605,26.241,31.944,Suhag,سوهاج
El-Herfa,الحرفة,31.108,30.277,Abu Hummus,مركز ابوحمص,abu-hummus-eg1804,31.106,30.31,Behera,البحيرة
El-Herfa,الحرفة,30.854,30.27,Hush Isa,مركز حوش عيسى,hush-isa-eg1808,30.891,30.346,Behera,البحيرة
El-Horreya,الحرية,31.125,31.771,Dikirnis,مركز دكرنس,dikirnis-eg1209,31.093,31.78,Dakahlia,الدقهلية
El-Horreya,الحرية,30.463,31.693,Abu Hammad,مركز أبو حماد,abu-hammad-eg1304,30.543,31.649,Sharkia,الشرقية
El-Horreya,الحرية,30.818,30.035,Abu-l-Matamir,مركز ابوالمطامير,abu-l-matamir-eg1803,30.773,30.144,Behera,البحيرة
El-Haridiya,الحريدية,26.697,31.581,Al-Maragha,مركز المراغة,al-maragha-eg2606,26.669,31.588,Suhag,سوهاج
El-Haridiya El-Bahariya,الحريدية البحرية,26.771,31.45,Tahta,مركز طهطا,tahta-eg2614,26.785,31.42,Suhag,سوهاج
El-Hariri,الحريرى,30.585,31.512,Zaqaziq 1,قسم اول الزقازيق,zaqaziq-1-eg1301,30.585,31.513,Sharkia,الشرقية
El-Haririya El-Qibliya,الحريرية القبلية,26.772,31.466,Tahta,مركز طهطا,tahta-eg2614,26.785,31.42,Suhag,سوهاج
El-Horeizat El-Sharqiya,الحريزات الشرقية,26.467,31.777,Al-Minshat,مركز المنشأة,al-minshat-eg2607,26.464,31.756,Suhag,سوهاج
El-Horeizat El-Gharbiya,الحريزات الغربية,26.464,31.757,Al-Minshat,مركز المنشأة,al-minshat-eg2607,26.464,31.756,Suhag,سوهاج
El-Horreya,الحريه,27.788,30.789,Markz Mallawi,مركز ملوى,markz-mallawi-eg2412,27.775,30.801,Menia,المنيا
El-Hazaniya,الحزانية,30.224,31.293,Shibin al-Qanatir,مركز شبين القناطر,shibin-al-qanatir-eg1405,30.296,31.307,Kalyoubia,القليوبية
El-Husamda,الحسامدة,26.867,31.446,Tama,مركز طما,tama-eg2613,26.874,31.422,Suhag,سوهاج
El-Hassanat,الحسانات,26.111,32.124,Abu Tisht,مركز أبو طشت,abu-tisht-eg2703,26.13,32.086,Qena,قنا
El-Hassani,الحساني,27.259,31.044,Assuit,مركز أسيوط,assuit-eg2503,27.117,31.232,Assiut,أسيوط
El-Hassaniya,الحسانية,27.923,30.733,Markz Abu Qurqas,مركز ابو قرقاص,markz-abu-qurqas-eg2404,27.939,30.77,Menia,المنيا
El-Hassaniya,الحسانيه,30.3,31.212,Qaha,قسم قها,qaha-eg1414,30.293,31.215,Kalyoubia,القليوبية
El-Hassaniyeen,الحسانيين,30.175,31.105,Imbaba,مركز إمبابة,imbaba-eg2113,30.22,30.963,Giza,الجيزة
El-Hasayna,الحساينة,30.357,31.302,Shibin al-Qanatir,مركز شبين القناطر,shibin-al-qanatir-eg1405,30.296,31.307,Kalyoubia,القليوبية
El-Hasana,الحسنة,26.9,31.404,Tama,مركز طما,tama-eg2613,26.874,31.422,Suhag,سوهاج
El-Haswa,الحسوة,28.963,33.697,Abu Radis,قسم أبو رديس,abu-radis-eg3503,29.049,33.598,South Sinai,جنوب سيناء
El-Husseynat,الحسينات,31.223,34.129,Rafah,قسم رفح,rafah-eg3409,31.087,34.227,North Sinai,شمال سيناء
El-Husseiniya,الحسينية,29.242,30.669,Atsa,مركز أطسا,atsa-eg2304,29.208,30.767,Fayoum,الفيوم
El-Husseiniya,الحسينية,28.496,30.814,Markz Bani Mazar,مركز بنى مزار,markz-bani-mazar-eg2406,28.518,30.731,Menia,المنيا
El-Husseiniya,الحسينيه,31.368,31.666,Kafr Sad,مركز كفر سعد,kafr-sad-eg1104,31.359,31.603,Damietta,دمياط
El-Husseiniya,الحسينيه,30.586,31.52,Zaqaziq 1,قسم اول الزقازيق,zaqaziq-1-eg1301,30.585,31.513,Sharkia,الشرقية
El-Hasafa,الحصافة,30.308,31.269,Shibin al-Qanatir,مركز شبين القناطر,shibin-al-qanatir-eg1405,30.296,31.307,Kalyoubia,القليوبية
El-Hasayna,الحصاينة,30.912,31.52,Sinbillawin,مركز السنبلاوين,sinbillawin-eg1205,30.883,31.513,Dakahlia,الدقهلية
El-Hessa,الحصة,30.39,31.221,Tukh,مركز طوخ,tukh-eg1408,30.344,31.19,Kalyoubia,القليوبية
El-Hesas,الحصص,31.218,31.488,Shirbin,مركز شربين,shirbin-eg1210,31.261,31.576,Dakahlia,الدقهلية
El-Hasfa,الحصفة,31.344,30.936,Riyad,مركز الرياض,riyad-eg1512,31.321,30.92,Kafr El-Shikh,كفر الشيخ
El-Haswa,الحصوة,30.895,31.595,Sinbillawin,مركز السنبلاوين,sinbillawin-eg1205,30.883,31.513,Dakahlia,الدقهلية
El-Haswa,الحصوة,30.763,31.734,Abu Kabir,مركز أبوكبير,abu-kabir-eg1305,30.733,31.69,Sharkia,الشرقية
El-Haswa,الحصوة,30.328,31.291,Tukh,مركز طوخ,tukh-eg1408,30.344,31.19,Kalyoubia,القليوبية
El-Hataba,الحطابة,30.031,31.263,Al Khalifa,قسم الخليفة,al-khalifa-eg0108,30.01,31.296,Cairo,القاهرة
El-Hefnawiya,الحفناوية,26.077,32.192,Nag Hammadi,مركز نجع حمادى,nag-hammadi-eg2708,26.085,32.297,Qena,قنا
El-Hefeir w El-Amal - El-Markaziya,الحفير و الأمل - المركزية,31.442,31.486,Bilqas,مركز بلقاس,bilqas-eg1208,31.344,31.379,Dakahlia,الدقهلية
El-Hakamna,الحكامنة,29.106,31.062,Bani Swayf,مركز بنى سويف,bani-swayf-eg2202,29.098,31.042,Beni Suef,بنى سويف
El-Hekr,الحكر,30.61,32.263,Ismailiyya 2,قسم ثان الاسماعيلية,ismailiyya-2-eg1902,30.614,32.26,Ismailia,الإسماعيلية
El-Hikma,الحكمه,30.588,31.507,Zaqaziq 2,قسم ثان الزقازيق,zaqaziq-2-eg1302,30.601,31.519,Sharkia,الشرقية
El-Halabiya,الحلابية,29.047,31.05,Bani Swayf,مركز بنى سويف,bani-swayf-eg2202,29.098,31.042,Beni Suef,بنى سويف
El-Halafi,الحلافي,26.171,31.991,Al-Balyana,مركز البلينا,al-balyana-eg2605,26.241,31.944,Suhag,سوهاج
El-Hallaqi,الحلاقي,31.285,31.009,Kafr Al-Shaykh,مركز كفر الشيخ,kafr-al-shaykh-eg1502,31.2,31.016,Kafr El-Shikh,كفر الشيخ
El-Hallaqi,الحلاقي,26.836,31.386,Tama,مركز طما,tama-eg2613,26.874,31.422,Suhag,سوهاج
El-Halamsha,الحلامشة,30.664,31.114,Birkat Al-Sab,مركز بركة السبع,birkat-al-sab-eg1706,30.651,31.108,Menoufia,المنوفية
El-Halawat,الحلاوات,30.7,31.557,El-Ibrahimiya,مركز الأبراهيمية,el-ibrahimiya-eg1317,30.732,31.564,Sharkia,الشرقية
El-Hella,الحلة,25.301,32.577,Isna,مركز إسنا,isna-eg2705,25.365,32.52,Qena,قنا
El-Hella,الحلة,25.91,32.743,Qus,مركز قوص,qus-eg2707,25.857,32.789,Qena,قنا
El-Half,الحلف,29.389,31.251,Atfeh,مركز أطفيح,atfeh-eg2115,29.343,31.25,Giza,الجيزة
El-Half El-Gharbi,الحلف الغربي,29.397,31.245,Atfeh,مركز أطفيح,atfeh-eg2115,29.343,31.25,Giza,الجيزة
El-Halfaya Bahari,الحلفايةبحري,26.033,32.33,Nag Hammadi,مركز نجع حمادى,nag-hammadi-eg2708,26.085,32.297,Qena,قنا
El-Halfaya Qibli,الحلفايةقبلي,26.049,32.385,Nag Hammadi,مركز نجع حمادى,nag-hammadi-eg2708,26.085,32.297,Qena,قنا
El-Helmiya,الحلمية,30.034,31.255,Al Khalifa,قسم الخليفة,al-khalifa-eg0108,30.01,31.296,Cairo,القاهرة
El-Helmiya,الحلمية,30.499,31.647,Abu Hammad,مركز أبو حماد,abu-hammad-eg1304,30.543,31.649,Sharkia,الشرقية
El-Helmiya,الحلمية,28.36,30.69,Markz Samalut,مركز سمالوط,markz-samalut-eg2408,28.285,30.629,Menia,المنيا
El-Halwasi,الحلواصي,30.247,31.044,Ashmun,مركز أشمون,ashmun-eg1703,30.299,31.008,Menoufia,المنوفية
El-Halwagi,الحلوجي,31.2,29.883,Al Gumruk,قسم الجمرك,al-gumruk-eg0210,31.203,29.879,Alexandria,الاسكندرية
El-Hama,الحما,26.88,31.44,Tama,مركز طما,tama-eg2613,26.874,31.422,Suhag,سوهاج
El-Hammad,الحماد,31.508,31.294,Burullus,مركز البرلس,burullus-eg1503,31.521,31.273,Kafr El-Shikh,كفر الشيخ
El-Hammad,الحماد,31.339,30.446,Rashid,مركز رشيد,rashid-eg1809,31.379,30.375,Behera,البحيرة
El-Hammadiya,الحمادية,26.595,31.664,Suhag,مركز سوهاج,suhag-eg2603,26.547,31.655,Suhag,سوهاج
El-Hammadiyeen,الحماديين,30.744,31.701,Abu Kabir,مركز أبوكبير,abu-kabir-eg1305,30.733,31.69,Sharkia,الشرقية
El-Hammadiyeen,الحماديين,30.792,31.897,Al-Husayniya,مركز الحسينية,al-husayniya-eg1306,30.924,32.006,Sharkia,الشرقية
El-Hammam,الحمام,29.233,31.021,Nasir,مركز ناصر,nasir-eg2209,29.187,31.078,Beni Suef,بنى سويف
El-Hammam,الحمام,27.269,31.188,Abnub,مركز أبنوب,abnub-eg2504,27.295,31.106,Assiut,أسيوط
El-Hammamiya,الحمامية,31.017,30.504,Damanhur,مركز دمنهور,damanhur-eg1802,31.032,30.527,Behera,البحيرة
El-Hamaysha,الحمايشة,28.327,30.721,Markz Samalut,مركز سمالوط,markz-samalut-eg2408,28.285,30.629,Menia,المنيا
El-Hamr w El-Ga'afra,الحمر والجعافرة,25.935,32.768,Qus,مركز قوص,qus-eg2707,25.857,32.789,Qena,قنا
El-Hamra,الحمرا,31.185,30.834,Kafr Al-Shaykh,مركز كفر الشيخ,kafr-al-shaykh-eg1502,31.2,31.016,Kafr El-Shikh,كفر الشيخ
El-Hamra,الحمراء,30.43,30.313,Wadi Al-NatrUn,مركز وادى النطرون,wadi-al-natrun-eg1814,30.43,30.313,Behera,البحيرة
El-Hamrawein,الحمراوين,26.504,34.055,Qusir,قسم القصير,qusir-eg3102,25.957,33.951,Red Sea,البحر الأحمر
El-Hamzawi,الحمزاوي,30.048,31.259,Gamaliyya,قسم الجمالية,gamaliyya-eg0115,30.054,31.265,Cairo,القاهرة
El-Hemma,الحمه,30.285,33.403,Al-Hasna,قسم الحسنة,al-hasna-eg3406,30.288,33.542,North Sinai,شمال سيناء
El-Humeidat,الحميدات,26.145,32.734,Qina,قسم قنا,qina-eg2701,26.165,32.712,Qena,قنا
El-Humeidat,الحميدات,25.396,32.572,Isna,مركز إسنا,isna-eg2705,25.365,32.52,Qena,قنا
El-Hamidiya,الحميدية,31.148,31.73,Minya Al-Nasr,مركز منية النصر,minya-al-nasr-eg1214,31.154,31.707,Dakahlia,الدقهلية
El-Hamidiya,الحميدية,30.488,31.359,Minya al-Qamh,مركز منيا القمح,minya-al-qamh-eg1314,30.507,31.369,Sharkia,الشرقية
El-Hamidiya El-Gedida,الحميدية الجديدة,29.348,30.779,Fayyum,مركز الفيوم,fayyum-eg2302,29.3,30.955,Fayoum,الفيوم
El-Hanafi,الحنفي,30.036,31.247,Sayyida Zainab,قسم السيدة زينب,sayyida-zainab-eg0107,30.03,31.242,Cairo,القاهرة
El-Hawatka,الحواتكة,27.254,30.991,Manfalut,مركز منفلوط,manfalut-eg2512,27.294,30.951,Assiut,أسيوط
El-Hawarta,الحوارتة,28.164,30.758,Markz Al Minya,مركز المنيا,markz-al-minya-eg2402,28.101,30.641,Menia,المنيا
El-Hawarni,الحوارني,31.37,31.732,Fariskur,مركز فارسكور,fariskur-eg1103,31.31,31.733,Damietta,دمياط
El-Hawasliya,الحواصلية,28.024,30.781,Markz Al Minya,مركز المنيا,markz-al-minya-eg2402,28.101,30.641,Menia,المنيا
El-Hawamda,الحوامدة,30.87,31.693,Kafr Saqr,مركز كفر صقر,kafr-saqr-eg1313,30.837,31.675,Sharkia,الشرقية
El-Hawamdiya El-Gedida,الحوامدية الجديدة,31.055,31.208,El Mahalla El Kobra,مركز المحله الكبرى,el-mahalla-el-kobra-eg1607,31.017,31.13,Gharbia,الغربية
El-Hawawsha,الحواوشة,30.986,31.383,El Mansora,مركز المنصورة,el-mansora-eg1203,31.053,31.467,Dakahlia,الدقهلية
El-Hawawish,الحواويش,26.592,31.766,Akhmim,مركز أخميم,akhmim-eg2604,26.551,31.715,Suhag,سوهاج
El-Howa,الحوة,31.467,31.207,Biyalu,مركز بيلا,biyalu-eg1504,31.32,31.248,Kafr El-Shikh,كفر الشيخ
El-Houta,الحوتة,31.181,31.961,Manzala,مركز المنزلة,manzala-eg1207,31.153,31.958,Dakahlia,الدقهلية
El-Houta,الحوتة,30.871,30.709,Itay Al-Barud,مركز إيتاى البارود,itay-al-barud-eg1807,30.886,30.656,Behera,البحيرة
El-Houtiya,الحوتية,30.057,31.209,Al-Aguza,قسم العجوزة,al-aguza-eg2102,30.059,31.204,Giza,الجيزة
El-Hawd El-Tawil,الحوض الطويل,30.477,31.417,Minya al-Qamh,مركز منيا القمح,minya-al-qamh-eg1314,30.507,31.369,Sharkia,الشرقية
El-Howta El-Sharqiya,الحوطا الشرقية,27.572,30.859,Dayrut,مركز ديروط,dayrut-eg2510,27.537,30.782,Assiut,أسيوط
El-Howta El-Gharbiya,الحوطا الغربية,27.579,30.847,Dayrut,مركز ديروط,dayrut-eg2510,27.537,30.782,Assiut,أسيوط
El-Houma,الحومة,29.344,31.165,Al Wasta,مركز الواسطى,al-wasta-eg2205,29.324,31.17,Beni Suef,بنى سويف
El-Huweihi,الحويحي,30.768,30.021,Abu-l-Matamir,مركز ابوالمطامير,abu-l-matamir-eg1803,30.773,30.144,Behera,البحيرة
El-Huweishi - El-Lehyan,الحويشى - اللحيان,29.107,33.37,Abu Radis,قسم أبو رديس,abu-radis-eg3503,29.049,33.598,South Sinai,جنوب سيناء
El-Hayy w El-Mansha,الحى والمنشى,29.62,31.325,Saf,مركز الصف,saf-eg2111,29.62,31.305,Giza,الجيزة
El-Hayy El-Sabe',الحي السابع,30.048,31.326,Madinat Nasr-2,قسم ثانمدينةنصر,madinat-nasr-2-eg0127,30.048,31.309,Cairo,القاهرة
El-Hayy El-Sades,الحي السادس,30.045,31.324,Madinat Nasr-2,قسم ثانمدينةنصر,madinat-nasr-2-eg0127,30.048,31.309,Cairo,القاهرة
El-Hayy El-Asher,الحي العاشر,30.016,31.382,Nasr City,قسم أول مدينة نصر,nasr-city-eg0126,30.032,31.369,Cairo,القاهرة
El-Heiba,الحيبة,28.783,30.922,Al Fashn,مركز الفشن,al-fashn-eg2204,28.809,30.827,Beni Suef,بنى سويف
El-Khadimiya,الخادمية,31.18,31.05,Kafr Al-Shaykh,مركز كفر الشيخ,kafr-al-shaykh-eg1502,31.2,31.016,Kafr El-Shikh,كفر الشيخ
El-Khazindar,الخازندار,31.207,31.332,Nebro,مركز نبروة,nebro-eg1221,31.129,31.297,Dakahlia,الدقهلية
El-Khazindara,الخازندارة,30.084,31.255,Al Sahil,قسم الساحل,al-sahil-eg0121,30.092,31.247,Cairo,القاهرة
El-Khassa,الخاصة,30.082,31.285,Hadaiq Al-Qubba,قسم حدائقالقبة,hadaiq-al-qubba-eg0123,30.086,31.283,Cairo,القاهرة
El-Khaldiya,الخ الدية,29.424,30.671,Abshaway,مركز أبشواى,abshaway-eg2303,29.374,30.69,Fayoum,الفيوم
El-Kharanqa,الخرانقة,25.89,32.759,Qus,مركز قوص,qus-eg2707,25.857,32.789,Qena,قنا
El-Kharba - Abu Sa'dan,الخربة - أبو سعدان,31.014,32.914,Bir Al-Abd,قسم بئر العبد,bir-al-abd-eg3405,30.69,33.102,North Sinai,شمال سيناء
El-Kharas,الخرس,30.54,31.361,Minya al-Qamh,مركز منيا القمح,minya-al-qamh-eg1314,30.507,31.369,Sharkia,الشرقية
El-Khartoum,الخرطوم,30.5,30.646,Badr,مركز بدر,badr-eg1818,30.547,30.679,Behera,البحيرة
El-Kharqaniya,الخرقانية,30.172,31.175,Qanatir Al-Khayriyya,مركز القناطر الخيرية,qanatir-al-khayriyya-eg1404,30.214,31.135,Kalyoubia,القليوبية
El-Kharman,الخرمان,29.326,31.233,Atfeh,مركز أطفيح,atfeh-eg2115,29.343,31.25,Giza,الجيزة
El-Kharnafash,الخرنفش,30.05,31.261,Gamaliyya,قسم الجمالية,gamaliyya-eg0115,30.054,31.265,Cairo,القاهرة
El-Kharrouba,الخروبة,30.934,33.813,Shaykh Zuwayd,قسم الشيخ زويد,shaykh-zuwayd-eg3408,30.918,33.971,North Sinai,شمال سيناء
El-Khoreiqat,الخريقات,31.209,25.202,Salloum,قسم السلوم,salloum-eg3303,30.646,25.255,Matrouh,مطروح
El-Khazzafeen,الخزافين,31.134,34.213,Rafah,قسم رفح,rafah-eg3409,31.087,34.227,North Sinai,شمال سيناء
El-Khazan,الخزان,30.033,31.273,Minshat Nasir,منشأةناصر,minshat-nasir-eg0134,30.043,31.284,Cairo,القاهرة
El-Khazindariya,الخزندارية,26.794,31.538,Tahta,مركز طهطا,tahta-eg2614,26.785,31.42,Suhag,سوهاج
El-Khashashna,الخشاشنة,31.075,31.58,Dikirnis,مركز دكرنس,dikirnis-eg1209,31.093,31.78,Dakahlia,الدقهلية
El-Khisha,الخشة,30.406,31.343,Mashtul Al-Suq,مركز مشتول السوق,mashtul-al-suq-eg1316,30.361,31.383,Sharkia,الشرقية
El-Khadariya,الخضارية,30.734,31.546,El-Ibrahimiya,مركز الأبراهيمية,el-ibrahimiya-eg1317,30.732,31.564,Sharkia,الشرقية
El-Khadra,الخضرة,31.2,30.069,Kafr Al-Dawwar,مركز كفر الدوار,kafr-al-dawwar-eg1812,31.129,30.038,Behera,البحيرة
El-Khadra Qelti El-Saghira Sabeqan,الخضرة_قلتي الصغريسابقا,30.366,31.032,Al-Bagur,مركز الباجور,al-bagur-eg1704,30.413,31.032,Menoufia,المنوفية
El-Khodeiri,الخضيرى,31.213,31.761,Minya Al-Nasr,مركز منية النصر,minya-al-nasr-eg1214,31.154,31.707,Dakahlia,الدقهلية
El-Khodeiri,الخضيري,31.15,30.984,Kafr Al-Shaykh,مركز كفر الشيخ,kafr-al-shaykh-eg1502,31.2,31.016,Kafr El-Shikh,كفر الشيخ
Al-Khattara,الخطارة,30.635,31.802,Faqus,مركز فاقوس,faqus-eg1312,30.749,31.896,Sharkia,الشرقية
Al-Khattara,الخطارة,25.923,32.721,Naqada,مركز نقادة,naqada-eg2709,25.89,32.711,Qena,قنا
Al-Khatatba,الخطاطبة,30.376,30.84,Sadat City,مركز السادات,sadat-city-eg1711,30.358,30.661,Menoufia,المنوفية
Al-Khotairy,الخطيري,30.059,31.23,Bulaq,قسم بولاق,bulaq-eg0112,30.062,31.234,Cairo,القاهرة
Al-Khafga,الخفجة,30.075,34.208,Nakhl,قسم نخل,nakhl-eg3407,29.909,34.024,North Sinai,شمال سيناء
Al-Khilafiya,الخلافية,26.324,31.9,Girga,مركز جرجا,girga-eg2610,26.307,31.867,Suhag,سوهاج
Al-Khalala,الخل الة,31.315,31.331,Bilqas,مركز بلقاس,bilqas-eg1208,31.344,31.379,Dakahlia,الدقهلية
Al-Khalayfa,الخلايفة,31.176,31.97,Manzala,مركز المنزلة,manzala-eg1207,31.153,31.958,Dakahlia,الدقهلية
Al-Khalij,الخليج,31.022,31.493,El Mansora,مركز المنصورة,el-mansora-eg1203,31.053,31.467,Dakahlia,الدقهلية
Al-Khalifa,الخليفة,30.028,31.253,Al Khalifa,قسم الخليفة,al-khalifa-eg0108,30.01,31.296,Cairo,القاهرة
Al-Khalifiya,الخليفيه,31.374,31.773,Dumyat,مركز دمياط,dumyat-eg1102,31.44,31.842,Damietta,دمياط
Al-Khaliliya,الخليلية,30.882,30.471,Al-Dilingat,مركز الدلنجات,al-dilingat-eg1805,30.81,30.49,Behera,البحيرة
Al-Khamsa,الخمسة,30.951,31.633,Tamy Al-Amdid,مركز تمى الأمديد,tamy-al-amdid-eg1216,30.947,31.594,Dakahlia,الدقهلية
Al-Khanansa,الخنانسة,26.427,31.755,Al-Minshat,مركز المنشأة,al-minshat-eg2607,26.464,31.756,Suhag,سوهاج
Al-Khanansa Gharb,الخنانسةغرب,26.415,31.737,Al-Minshat,مركز المنشأة,al-minshat-eg2607,26.464,31.756,Suhag,سوهاج
Al-Khawass,الخواص,30.057,31.267,Gamaliyya,قسم الجمالية,gamaliyya-eg0115,30.054,31.265,Cairo,القاهرة
Al-Khawaled,الخ والد,31.291,30.842,Sidi Salim,مركز سيدى سالم,sidi-salim-eg1507,31.31,30.738,Kafr El-Shikh,كفر الشيخ
Al-Khawaled,الخ والد,30.835,30.734,Itay Al-Barud,مركز إيتاى البارود,itay-al-barud-eg1807,30.886,30.656,Behera,البحيرة
Al-Khawaled,الخ والد,27.082,31.371,Sahil Silim,مركز ساحل سليم,sahil-silim-eg2507,27.093,31.349,Assiut,أسيوط
Al-Khawaled,الخ والد,26.159,32.03,Abu Tisht,مركز أبو طشت,abu-tisht-eg2703,26.13,32.086,Qena,قنا
Al-Khokha wa al-Qanaya,الخوخة والقناية,30.003,31.229,Misr Al-Qadima,مصرالقديمة,misr-al-qadima-eg0106,30.006,31.242,Cairo,القاهرة
Al-Khor,الخور,30.254,31.016,Ashmun,مركز أشمون,ashmun-eg1703,30.299,31.008,Menoufia,المنوفية
Al-Khor,الخور,31.271,25.717,Sidi Barani,قسم سيدى برانى,sidi-barani-eg3305,30.656,25.886,Matrouh,مطروح
Al-Khouly,الخولى,26.562,31.694,Suhag,قسم اول سوهاج,suhag-eg2601,26.547,31.693,Suhag,سوهاج
Al-Khiyariya,الخيارية,31.09,31.434,El Mansora,مركز المنصورة,el-mansora-eg1203,31.053,31.467,Dakahlia,الدقهلية
Al-Khiyam wa Jazirat Naqnaq,الخياموجزيرةنقنق,26.205,32.056,Dar al-Salam,مركز دار السلام,dar-al-salam-eg2608,26.274,32.043,Suhag,سوهاج
Al-Khais,الخيس,30.537,31.591,Abu Hammad,مركز أبو حماد,abu-hammad-eg1304,30.543,31.649,Sharkia,الشرقية
Al-Dakhla,الداخلة,31.197,27.807,Marsa Matruh,قسم مرسى مطروح,marsa-matruh-eg3301,30.022,26.997,Matrouh,مطروح
Al-Dakhli,الداخلي,30.71,30.768,Kum Hamada,مركز كوم حمادة,kum-hamada-eg1813,30.654,30.774,Behera,البحيرة
Al-Damos,الدامص,31.282,25.963,Sidi Barani,قسم سيدى برانى,sidi-barani-eg3305,30.656,25.886,Matrouh,مطروح
Al-Dawoudiya,الداودية,30.041,31.256,Al Darb al-Ahmar,قسم الدرب الأحمر,al-darb-al-ahmar-eg0114,30.041,31.26,Cairo,القاهرة
Al-Dawoudiya,الداوودية,28.151,30.768,Markz Al Minya,مركز المنيا,markz-al-minya-eg2402,28.101,30.641,Menia,المنيا
Al-Da'ira al-Gumrukiya,الدائرة الجمركيه,29.882,32.619,Port Suez Police Department,إدارة شرطة ميناء السويس,port-suez-police-department-eg0406,29.882,32.619,Suez,السويس
Al-Da'ira al-Gumrukiya,الدائرة الجمركية,31.18,29.876,Port Alexandria Police Department,اداره شرطه ميناء الأسكندريه,port-alexandria-police-department-eg0215,31.18,29.876,Alexandria,الاسكندرية
Al-Da'ira al-Gumrukiya,الدائرة الجمركية,31.254,32.301,Police Department Port Said Port,إدارة شرطة ميناء بورسعيد,police-department-port-said-port-eg0312,31.254,32.301,Port Said,بورسعيد
Al-Dababya,الدبابية,30.602,31.073,Birkat Al-Sab,مركز بركة السبع,birkat-al-sab-eg1706,30.651,31.108,Menoufia,المنوفية
Al-Dabbous wa Kafr Latif,الدبوسوكفرلطيف,30.917,31.279,Aga,مركز أجا,aga-eg1204,30.895,31.313,Dakahlia,الدقهلية
Al-Dakhila,الدخيله,31.124,29.818,Al Dikhila,قسم الدخيلة,al-dikhila-eg0212,31.119,29.806,Alexandria,الاسكندرية
Al-Dirasa,الدراسة,30.047,31.269,Gamaliyya,قسم الجمالية,gamaliyya-eg0115,30.054,31.265,Cairo,القاهرة
Al-Darb,الدرب,26.029,32.249,Nag Hammadi,مركز نجع حمادى,nag-hammadi-eg2708,26.085,32.297,Qena,قنا
Al-Darb al-Ahmar,الدرب الأحمر,30.041,31.261,Al Darb al-Ahmar,قسم الدرب الأحمر,al-darb-al-ahmar-eg0114,30.041,31.26,Cairo,القاهرة
Al-Darb al-Gadid,الدرب الجديد,30.034,31.244,Sayyida Zainab,قسم السيدة زينب,sayyida-zainab-eg0107,30.03,31.242,Cairo,القاهرة
Al-Darmaliya,الدرملية,30.944,30.587,Itay Al-Barud,مركز إيتاى البارود,itay-al-barud-eg1807,30.886,30.656,Behera,البحيرة
Al-Darawteen,الدروتين,31.129,31.346,Nebro,مركز نبروة,nebro-eg1221,31.129,31.297,Dakahlia,الدقهلية
Al-Daqanwa,الدقانوة,31.139,32.004,Manzala,مركز المنزلة,manzala-eg1207,31.153,31.958,Dakahlia,الدقهلية
Al-Dokki,الدقي,30.042,31.208,DuqqI,قسم الدقي,duqqi-eg2103,30.042,31.208,Giza,الجيزة
Al-Dikka,الدكة,24.601,32.921,Nasr,مركز نصر,nasr-eg2805,24.373,32.932,Aswan,أسوان
Al-Dalaton wa Rizqat Shams al-Din,الدلاتونورزقةشمس الدين,30.498,31.035,Shibin al-Kum,مركز شبين الكوم,shibin-al-kum-eg1702,30.561,30.954,Menoufia,المنوفية
Al-Dalagmon,الدلجمون,30.812,30.832,Kafr Al-Zayyat,مركز كفر الزيات,kafr-al-zayyat-eg1612,30.807,30.835,Gharbia,الغربية
Al-Damayra,الدمايرة,31.27,31.415,Bilqas,مركز بلقاس,bilqas-eg1208,31.344,31.379,Dakahlia,الدقهلية
Al-Demerdash,الدمرداش,30.073,31.274,Al Wayli,قسم الوايلي,al-wayli-eg0122,30.072,31.283,Cairo,القاهرة
Al-Demokrat,الدمقراط,25.574,32.455,Armant,مركز أرمنت,armant-eg2704,25.612,32.492,Qena,قنا
Al-Damiyyin,الدميين,30.691,31.762,Faqus,مركز فاقوس,faqus-eg1312,30.749,31.896,Sharkia,الشرقية
Al-Danabiq,الدنابيق,31.053,31.454,El Mansora,مركز المنصورة,el-mansora-eg1203,31.053,31.467,Dakahlia,الدقهلية
Al-Danaqla,الدناقلة,26.369,31.772,Al-Minshat,مركز المنشأة,al-minshat-eg2607,26.464,31.756,Suhag,سوهاج
Al-Danawiya,الدناوية,29.72,31.243,Ayat,مركز العياط,ayat-eg2112,29.564,31.25,Giza,الجيزة
Al-Dahar,الدهار,27.468,33.593,Hurghada 2,قسم ثان الغردقة,hurghada-2-eg3108,27.745,33.08,Red Sea,البحر الأحمر
Al-Dahashna,الدهاشنة,30.472,31.549,Bilbis,مركز بلبيس,bilbis-eg1308,30.408,31.531,Sharkia,الشرقية
Al-Dahayma,الدهايمه,31.391,31.573,Kafr Sad,مركز كفر سعد,kafr-sad-eg1104,31.359,31.603,Damietta,دمياط
Al-Dahtamoun,الدهتمون,30.688,31.716,Abu Kabir,مركز أبوكبير,abu-kabir-eg1305,30.733,31.69,Sharkia,الشرقية
Al-Dahsa,الدهسة,26.043,32.151,Farshut,مركز فرشوط,farshut-eg2710,26.056,32.149,Qena,قنا
"Al-Dawagen 1, 2, 3","الدواجن 1, 2, 3",30.665,30.146,Abu-l-Matamir,مركز ابوالمطامير,abu-l-matamir-eg1803,30.773,30.144,Behera,البحيرة
Al-Dawakhliya,الدواخلية,30.975,31.132,El Mahalla El Kobra,مركز المحله الكبرى,el-mahalla-el-kobra-eg1607,31.017,31.13,Gharbia,الغربية
Al-Dawalta,الد والطة,29.121,31.069,Bani Swayf,مركز بنى سويف,bani-swayf-eg2202,29.098,31.042,Beni Suef,بنى سويف
Al-Dawawin,الدواوين,30.043,31.239,Abdin,قسم عابدين,abdin-eg0109,30.046,31.245,Cairo,القاهرة
Al-Dawawin,الدواوين,30.803,31.013,Tanta 1,قسم أول طنطا,tanta-1-eg1601,30.795,31.014,Gharbia,الغربية
Al-Domen,الدومين,31.334,31.471,Bilqas,مركز بلقاس,bilqas-eg1208,31.344,31.379,Dakahlia,الدقهلية
Al-Dawiya,الدوية,29.057,31.067,Bani Swayf,مركز بنى سويف,bani-swayf-eg2202,29.098,31.042,Beni Suef,بنى سويف
Al-Duweir,الدوير,26.964,31.337,Sidfa,مركز صدفا,sidfa-eg2511,26.943,31.38,Assiut,أسيوط
Al-Duweirat,الدويرات,26.426,31.776,Al-Minshat,مركز المنشأة,al-minshat-eg2607,26.464,31.756,Suhag,سوهاج
Al-Diabat,الديابات,26.588,31.789,Akhmim,مركز أخميم,akhmim-eg2604,26.551,31.715,Suhag,سوهاج
Al-Diabya,الديابية,29.294,31.205,Al Wasta,مركز الواسطى,al-wasta-eg2205,29.324,31.17,Beni Suef,بنى سويف
Al-Diabya,الديابية,25.503,32.505,Isna,مركز إسنا,isna-eg2705,25.365,32.52,Qena,قنا
Al-Didamoun,الديدمون,30.738,31.807,Faqus,مركز فاقوس,faqus-eg1312,30.749,31.896,Sharkia,الشرقية
Al-Deir,الدير,30.892,31.301,Aga,مركز أجا,aga-eg1204,30.895,31.313,Dakahlia,الدقهلية
Al-Deir,الدير,30.339,31.28,Tukh,مركز طوخ,tukh-eg1408,30.344,31.19,Kalyoubia,القليوبية
Al-Deir,الدير,25.346,32.568,Isna,مركز إسنا,isna-eg2705,25.365,32.52,Qena,قنا
Al-Deir,الدير,26.049,32.757,Qina,مركز قنا,qina-eg2702,26.163,32.578,Qena,قنا
Al-Deir al-Sharqi,الدير الشرقي,26.076,32.749,Qina,مركز قنا,qina-eg2702,26.163,32.578,Qena,قنا
Al-Disa,الديسة,31.043,31.676,Bany Abeed,مركز بنى عبيد,bany-abeed-eg1218,31.024,31.648,Dakahlia,الدقهلية
Al-Dismi,الديسمي,29.494,31.277,Saf,مركز الصف,saf-eg2111,29.62,31.305,Giza,الجيزة
Al-Diyoura,الديورة,30.01,31.24,Misr Al-Qadima,مصرالقديمة,misr-al-qadima-eg0106,30.006,31.242,Cairo,القاهرة
Al-Diyouniya,الديونية,30.654,31.322,Mit Ghamr,مركز ميت غمر,mit-ghamr-eg1213,30.708,31.338,Dakahlia,الدقهلية
Al-Diraa al-Bahari,الذراع البحرى,30.879,29.362,Al-Hammam,قسم الحمام,al-hammam-eg3302,29.804,29.418,Matrouh,مطروح
Al-Diraa al-Bahari,الذراع البحري,31.064,29.725,Al Amreia,قسم العامرية,al-amreia-eg0213,30.959,29.828,Alexandria,الاسكندرية
Al-Diraa al-Bahari,الذراع البحري,31.027,29.651,Burg al-Arab,قسم برج العرب,burg-al-arab-eg0214,30.901,29.494,Alexandria,الاسكندرية
Al-Rashda,الراشدة,25.832,28.945,A-Dakhla Oasis,مركز الوحات الداخلة,a-dakhla-oasis-eg3202,24.803,27.209,New Valley,الوادى الجديد
Al-Raheb,الراهب,30.527,31.032,Shibin al-Kum,مركز شبين الكوم,shibin-al-kum-eg1702,30.561,30.954,Menoufia,المنوفية
Al-Rahebin,الراهبين,30.983,31.221,Samannud,مركز سمنود,samannud-eg1610,30.95,31.221,Gharbia,الغربية
Al-Raba'iyyin,الرباعيين,30.778,31.594,Kafr Saqr,مركز كفر صقر,kafr-saqr-eg1313,30.837,31.675,Sharkia,الشرقية
Al-Rabadan,الربدان,30.965,30.737,Shubra Khit,مركز شبراخيت,shubra-khit-eg1810,31.003,30.679,Behera,البحيرة
Al-Rob',الربع,30.959,31.542,Tamy Al-Amdid,مركز تمى الأمديد,tamy-al-amdid-eg1216,30.947,31.594,Dakahlia,الدقهلية
Al-Rob' Souq al-Talāt,الربع_سوق التلات,31.563,31.104,Burullus,مركز البرلس,burullus-eg1503,31.521,31.273,Kafr El-Shikh,كفر الشيخ
Al-Rob'maya,الربعماية,30.567,31.382,Minya al-Qamh,مركز منيا القمح,minya-al-qamh-eg1314,30.507,31.369,Sharkia,الشرقية
Al-Rabi'a,الربيعة,31.087,31.81,Dikirnis,مركز دكرنس,dikirnis-eg1209,31.093,31.78,Dakahlia,الدقهلية
Al-Ragabya,الرجابية,30.745,31.156,Santa,مركز السنطة,santa-eg1604,30.773,31.119,Gharbia,الغربية
Al-Ragdiya,الرجدية,30.841,31.052,Tanta,مركز طنطا,tanta-eg1603,30.809,30.932,Gharbia,الغربية
Al-Rehab wa al-Mustathmeroun,الرحاب و المستثمرون,30.063,31.505,New Cairo-2,قسم ثان القاهرة الجديدة,new-cairo-2-eg0138,30.074,31.582,Cairo,القاهرة
Al-Rahamna,الرحامنة,31.289,31.757,Fariskur,مركز فارسكور,fariskur-eg1103,31.31,31.733,Damietta,دمياط
Al-Rahba,الرحبة,28.646,34.057,Sant Katrin,قسم سانت كاترين,sant-katrin-eg3504,28.66,34.052,South Sinai,جنوب سيناء
Al-Rahba wa al-Gibali,الرحبة والجبالى,29.083,31.085,Bani Swayf,قسم بنى سويف,bani-swayf-eg2201,29.077,31.097,Beni Suef,بنى سويف
Al-Rahmaniya,الرحمانية,30.641,31.369,Mit Ghamr,مركز ميت غمر,mit-ghamr-eg1213,30.708,31.338,Dakahlia,الدقهلية
Al-Rahmaniya,الرحمانية,30.652,31.711,Abu Kabir,مركز أبوكبير,abu-kabir-eg1305,30.733,31.69,Sharkia,الشرقية
Al-Rahmaniya,الرحمانية,27.618,30.826,Markz Dir Mawas,مركز دير مواس,markz-dir-mawas-eg2407,27.655,30.79,Menia,المنيا
Al-Rahmaniya Qibli,الرحمانيةقبلي,26.076,32.292,Nag Hammadi,مركز نجع حمادى,nag-hammadi-eg2708,26.085,32.297,Qena,قنا
Al-Rakha',الرخاء,28.166,30.574,Markz Samalut,مركز سمالوط,markz-samalut-eg2408,28.285,30.629,Menia,المنيا
Al-Ridisia Bahari,الرديسية بحري,24.987,32.902,Adfu,مركز أدفو,adfu-eg2803,25.061,32.957,Aswan,أسوان
Al-Rizqa,الرزقة,31.056,30.322,Abu Hummus,مركز ابوحمص,abu-hummus-eg1804,31.106,30.31,Behera,البحيرة
Al-Rizqa,الرزقة,26.117,32.152,Abu Tisht,مركز أبو طشت,abu-tisht-eg2703,26.13,32.086,Qena,قنا
Al-Riziqat,الرزيقات,25.616,32.454,Armant,مركز أرمنت,armant-eg2704,25.612,32.492,Qena,قنا
Al-Riziqat al-Qibliya,الرزيقات القبلية,25.585,32.455,Armant,مركز أرمنت,armant-eg2704,25.612,32.492,Qena,قنا
Al-Rizimat,الرزيمات,30.948,30.256,Hush Isa,مركز حوش عيسى,hush-isa-eg1808,30.891,30.346,Behera,البحيرة
Al-Rashayda,الرشايدة,26.372,31.787,Al Usayrat,مركز العسيرات,al-usayrat-eg2617,26.401,31.815,Suhag,سوهاج
Al-Rasif,الرصيف,31.414,30.925,Riyad,مركز الرياض,riyad-eg1512,31.321,30.92,Kafr El-Shikh,كفر الشيخ
Al-Rida,الرضا,30.799,30.011,Abu-l-Matamir,مركز ابوالمطامير,abu-l-matamir-eg1803,30.773,30.144,Behera,البحيرة
Al-Raghama,الرغامة,31.289,30.948,Riyad,مركز الرياض,riyad-eg1512,31.321,30.92,Kafr El-Shikh,كفر الشيخ
Al-Rafsha,الرفشة,26.105,32.075,Abu Tisht,مركز أبو طشت,abu-tisht-eg2703,26.13,32.086,Qena,قنا
Al-Raqaqna,الرقاقنة,26.344,31.784,Girga,مركز جرجا,girga-eg2610,26.307,31.867,Suhag,سوهاج
Al-Raqaba,الرقبة,24.377,32.897,Daraw,مركز دراو,daraw-eg2806,24.326,33.001,Aswan,أسوان
Al-Raqqa al-Bahariya,الرقة البحرية,29.433,31.21,Atfeh,مركز أطفيح,atfeh-eg2115,29.343,31.25,Giza,الجيزة
Al-Raqqa al-Gharbiya,الرقة الغربية,29.431,31.188,Ayat,مركز العياط,ayat-eg2112,29.564,31.25,Giza,الجيزة
Al-Raqqa al-Qibliya,الرقة القبلية,29.411,31.236,Atfeh,مركز أطفيح,atfeh-eg2115,29.343,31.25,Giza,الجيزة
Al-Rikabiya,الركابية,31.414,31.592,Kafr Sad,مركز كفر سعد,kafr-sad-eg1104,31.359,31.603,Damietta,دمياط
Al-Ramadi Bahari,الرماديبحري,24.879,32.86,Adfu,مركز أدفو,adfu-eg2803,25.061,32.957,Aswan,أسوان
Al-Ramadi Qibli,الرماديقبلي,24.756,32.918,Adfu,مركز أدفو,adfu-eg2803,25.061,32.957,Aswan,أسوان
Al-Ramali,الرم الي,30.598,31.145,Quwisna,مركز قويسنا,quwisna-eg1708,30.56,31.163,Menoufia,المنوفية
Al-Ramtha,الرمثة,29.092,33.42,Abu Radis,قسم أبو رديس,abu-radis-eg3503,29.049,33.598,South Sinai,جنوب سيناء
Al-Ramziya,الرمزية,30.866,31.576,Sinbillawin,مركز السنبلاوين,sinbillawin-eg1205,30.883,31.513,Dakahlia,الدقهلية
Al-Ramla,الرملة,31.277,31.374,Bilqas,مركز بلقاس,bilqas-eg1208,31.344,31.379,Dakahlia,الدقهلية
Al-Ramla,الرملة,30.434,31.166,Banha,مركز بنها,banha-eg1402,30.443,31.248,Kalyoubia,القليوبية
Al-Ramla,الرملة,31.438,25.176,Salloum,قسم السلوم,salloum-eg3303,30.646,25.255,Matrouh,مطروح
Al-Ramla - Wadi al-Bida',الرملة - وادى البدع,29.041,33.236,Abu Radis,قسم أبو رديس,abu-radis-eg3503,29.049,33.598,South Sinai,جنوب سيناء
Al-Ramli,الرملي,30.054,31.257,Muski,قسم الموسكي,muski-eg0110,30.05,31.252,Cairo,القاهرة
Al-Ramliya,الرملية,30.888,31.045,Tanta,مركز طنطا,tanta-eg1603,30.809,30.932,Gharbia,الغربية
Al-Rahawi,الرهاوي,30.199,31.037,Imbaba,مركز إمبابة,imbaba-eg2113,30.22,30.963,Giza,الجيزة
Al-Rawateb,الرواتب,26.149,32.077,Abu Tisht,مركز أبو طشت,abu-tisht-eg2703,26.13,32.086,Qena,قنا
Al-Rouby,الروبى,28.331,30.62,Markz Samalut,مركز سمالوط,markz-samalut-eg2408,28.285,30.629,Menia,المنيا
Al-Roubyat,الروبيات,29.426,31.006,Tamya,مركز طامية,tamya-eg2306,29.467,30.982,Fayoum,الفيوم
Al-Rawda,الرودة,31.215,31.977,Manzala,مركز المنزلة,manzala-eg1207,31.153,31.958,Dakahlia,الدقهلية
Al-Rawda,الروضة,30.911,31.418,Sinbillawin,مركز السنبلاوين,sinbillawin-eg1205,30.883,31.513,Dakahlia,الدقهلية
Al-Rawda,الروضة,31.136,31.414,Talkha,مركز طلخا,talkha-eg1211,31.109,31.383,Dakahlia,الدقهلية
Al-Rawda,الروضة,30.461,31.562,Bilbis,مركز بلبيس,bilbis-eg1308,30.408,31.531,Sharkia,الشرقية
Al-Rawda,الروضة,30.672,31.824,Faqus,مركز فاقوس,faqus-eg1312,30.749,31.896,Sharkia,الشرقية
Al-Rawda,الروضة,31.368,30.688,Sidi Salim,مركز سيدى سالم,sidi-salim-eg1507,31.31,30.738,Kafr El-Shikh,كفر الشيخ
Al-Rawda,الروضة,30.667,31.073,Birkat Al-Sab,مركز بركة السبع,birkat-al-sab-eg1706,30.651,31.108,Menoufia,المنوفية
Al-Rawda,الروضة,29.458,30.994,Tamya,مركز طامية,tamya-eg2306,29.467,30.982,Fayoum,الفيوم
Al-Rawda,الروضة,28.38,30.684,Markz Samalut,مركز سمالوط,markz-samalut-eg2408,28.285,30.629,Menia,المنيا
Al-Rawda,الروضة,28.447,30.689,Markz Matay,مركز مطاى,markz-matay-eg2409,28.431,30.71,Menia,المنيا
Al-Rawda,الروضة,27.794,30.846,Markz Mallawi,مركز ملوى,markz-mallawi-eg2412,27.775,30.801,Menia,المنيا
Al-Rawda,الروضة,31.053,33.423,Bir Al-Abd,قسم بئر العبد,bir-al-abd-eg3405,30.69,33.102,North Sinai,شمال سيناء
Al-Rawda wa al-Miqyas,الروضة والمقياس,30.012,31.226,Misr Al-Qadima,مصرالقديمة,misr-al-qadima-eg0106,30.006,31.242,Cairo,القاهرة
Al-Rawqa,الروقة,30.953,30.559,Itay Al-Barud,مركز إيتاى البارود,itay-al-barud-eg1807,30.886,30.656,Behera,البحيرة
Al-Ruweigat,الرويجات,27.045,31.418,Sahil Silim,مركز ساحل سليم,sahil-silim-eg2507,27.093,31.349,Assiut,أسيوط
Al-Ruweheb,الرويهب,26.487,31.747,Al-Minshat,مركز المنشأة,al-minshat-eg2607,26.464,31.756,Suhag,سوهاج
Al-Riyah,الرياح,30.474,31.183,Banha,قسم بنها,banha-eg1401,30.466,31.19,Kalyoubia,القليوبية
Al-Riyah wa Yatba'ha al-Ballah,الرياحويتبعها البلاح,30.781,32.226,"Qantara Gharb, al-",مركز القنطرة,qantara-gharb-al-eg1906,30.742,32.245,Ismailia,الإسماعيلية
Al-Riyadh,الرياض,31.378,31.706,Kafr Sad,مركز كفر سعد,kafr-sad-eg1104,31.359,31.603,Damietta,دمياط
Al-Riyadh,الرياض,31.156,31.74,Minya Al-Nasr,مركز منية النصر,minya-al-nasr-eg1214,31.154,31.707,Dakahlia,الدقهلية
Al-Riyadh,الرياض,30.645,31.392,Zaqaziq,مركز الزقازيق,zaqaziq-eg1303,30.587,31.581,Sharkia,الشرقية
Al-Riyadh,الرياض,30.699,31.746,Abu Kabir,مركز أبوكبير,abu-kabir-eg1305,30.733,31.69,Sharkia,الشرقية
Al-Riyadh,الرياض,30.65,31.241,Zifta,مركز زفتى,zifta-eg1609,30.728,31.215,Gharbia,الغربية
Al-Riyadh,الرياض,29.218,31.148,Nasir,مركز ناصر,nasir-eg2209,29.187,31.078,Beni Suef,بنى سويف
Al-Riyadh,الرياض,27.521,30.734,Dayrut,مركز ديروط,dayrut-eg2510,27.537,30.782,Assiut,أسيوط
Al-Riyada,الرياضة,31.214,29.934,Sidi Gabir,قسم سيدى جابر,sidi-gabir-eg0203,31.216,29.949,Alexandria,الاسكندرية
Al-Rayayna,الرياينة,31.012,30.953,Qutur,مركز قطور,qutur-eg1611,30.971,30.97,Gharbia,الغربية
Al-Rayayna,الرياينة,25.63,32.478,Armant,مركز أرمنت,armant-eg2704,25.612,32.492,Qena,قنا
Al-Rayayna al-Mu'allaq,الرياينة المعلق,26.888,31.413,Tama,مركز طما,tama-eg2613,26.874,31.422,Suhag,سوهاج
Al-Rayayna bil-Hager,الرياينةب الحاجر,26.722,31.637,Saqulta,مركز ساقلته,saqulta-eg2612,26.692,31.663,Suhag,سوهاج
Al-Rayayna bil-Katkata,الرياينةب الكتكاتة,26.703,31.649,Saqulta,مركز ساقلته,saqulta-eg2612,26.692,31.663,Suhag,سوهاج
Al-Rayhani,الريحانى,30.055,31.249,Al Azbakiyya,قسم الأزبكية,al-azbakiyya-eg0113,30.06,31.246,Cairo,القاهرة
Al-Raydaniya,الريدانية,31.084,31.459,El Mansora,مركز المنصورة,el-mansora-eg1203,31.053,31.467,Dakahlia,الدقهلية
Al-Rirmoun,الريرمون,27.761,30.858,Markz Mallawi,مركز ملوى,markz-mallawi-eg2412,27.775,30.801,Menia,المنيا
Al-Raysan,الريسان,30.539,33.788,Al-Hasna,قسم الحسنة,al-hasna-eg3406,30.288,33.542,North Sinai,شمال سيناء
Al-Rayna,الرينة,29.933,32.836,Ras Sidr,قسم رأس سدر,ras-sidr-eg3502,29.599,33.317,South Sinai,جنوب سيناء
Al-Ra'isiya,الرئيسية,26.053,32.353,Nag Hammadi,مركز نجع حمادى,nag-hammadi-eg2708,26.085,32.297,Qena,قنا
Al-Ra'isiya,الرئيسيه,24.906,32.987,Adfu,مركز أدفو,adfu-eg2803,25.061,32.957,Aswan,أسوان
Al-Zara,الزارة,26.43,31.787,Al-Minshat,مركز المنشأة,al-minshat-eg2607,26.464,31.756,Suhag,سوهاج
Al-Zawya,الزاوية,27.072,31.215,Assuit,مركز أسيوط,assuit-eg2503,27.117,31.232,Assiut,أسيوط
Al-Zawya al-Hamra,الزاوية الحمراء,30.726,31.778,Faqus,مركز فاقوس,faqus-eg1312,30.749,31.896,Sharkia,الشرقية
Al-Zawya al-Hamra al-Balad,الزاوية الحمراء البلد,30.087,31.266,Al Sharabiyya,قسم الشرابية,al-sharabiyya-eg0118,30.082,31.264,Cairo,القاهرة
Al-Zawya al-Hamra Masaken,الزاوية الحمراءمساكن,30.095,31.27,Zawiyya Al-Hamra,قسم الزاويةالحمراء,zawiyya-al-hamra-eg0131,30.098,31.27,Cairo,القاهرة
Al-Zawya al-Khadra,الزاوية الخضراء,28.88,30.895,Al Fashn,مركز الفشن,al-fashn-eg2204,28.809,30.827,Beni Suef,بنى سويف
Al-Zawya al-Khadra,الزاوية الخضراء,29.407,30.846,Sinuras,مركز سنورس,sinuras-eg2305,29.441,30.815,Fayoum,الفيوم
Al-Zabou,الزبو,28.477,28.877,Bahariya Oasis,قسم الواحاتالبحرية,bahariya-oasis-eg2114,28.452,28.836,Giza,الجيزة
Al-Zarabi,الزرابي,29.047,31.074,Bani Swayf,مركز بنى سويف,bani-swayf-eg2202,29.098,31.042,Beni Suef,بنى سويف
Al-Zarabi,الزرابي,26.993,31.274,Abu Tig,مركز أبوتيج,abu-tig-eg2505,27.037,31.289,Assiut,أسيوط
Al-Zara'ib,الزرائب,26.135,32.136,Abu Tisht,مركز أبو طشت,abu-tisht-eg2703,26.13,32.086,Qena,قنا
Al-Zarzamoun,الزرزمون,30.648,31.618,Hihya,مركز ههيا,hihya-eg1315,30.652,31.617,Sharkia,الشرقية
Al-Zuriqi,الزريقي,30.935,31.442,Sinbillawin,مركز السنبلاوين,sinbillawin-eg1205,30.883,31.513,Dakahlia,الدقهلية
Al-Za'atra,الزعاترة,31.194,31.606,Zarqa,مركز الزرقا,zarqa-eg1107,31.209,31.649,Damietta,دمياط
Al-Za'faran,الزعفران,30.077,31.292,Al Wayli,قسم الوايلي,al-wayli-eg0122,30.072,31.283,Cairo,القاهرة
Al-Za'faran,الزعفران,31.271,31.155,Al Hamul,مركز الحامول,al-hamul-eg1511,31.388,31.075,Kafr El-Shikh,كفر الشيخ
Al-Za'farana wa Tashmal al-Adira,الزعفرانةوتشمل الأديرة,29.148,32.622,Ras Gharib,قسم رأس غارب,ras-gharib-eg3105,28.506,32.377,Red Sea,البحر الأحمر
Al-Za'farani,الزعفراني,30.702,30.708,Kum Hamada,مركز كوم حمادة,kum-hamada-eg1813,30.654,30.774,Behera,البحيرة
Al-Zughayrat,الزغيرات,31.469,26.541,Marsa Matruh,قسم مرسى مطروح,marsa-matruh-eg3301,30.022,26.997,Matrouh,مطروح
Al-Zaqaziq al-Bahariya,الزقازيق البحريه,30.609,31.527,Zaqaziq 2,قسم ثان الزقازيق,zaqaziq-2-eg1302,30.601,31.519,Sharkia,الشرقية
Al-Zaqaziq al-Qibliya,الزقازيق القبليه,30.598,31.516,Zaqaziq 2,قسم ثان الزقازيق,zaqaziq-2-eg1302,30.601,31.519,Sharkia,الشرقية
Al-Zammar,الزمار,30.979,31.491,El Mansora,مركز المنصورة,el-mansora-eg1203,31.053,31.467,Dakahlia,الدقهلية
Al-Zanqour,الزنقور,26.274,31.852,Girga,مركز جرجا,girga-eg2610,26.307,31.867,Suhag,سوهاج
Al-Zankaloun,الزنكلون,30.577,31.445,Zaqaziq,مركز الزقازيق,zaqaziq-eg1303,30.587,31.581,Sharkia,الشرقية
Al-Zahhar,الزهار,30.06,31.242,Al Azbakiyya,قسم الأزبكية,al-azbakiyya-eg0113,30.06,31.246,Cairo,القاهرة
Al-Zahayra,الزهايرة,30.916,31.492,Sinbillawin,مركز السنبلاوين,sinbillawin-eg1205,30.883,31.513,Dakahlia,الدقهلية
Al-Zahraa,الزهراء,29.941,31.386,Tura,قسم طره,tura-eg0105,29.939,31.38,Cairo,القاهرة
Al-Zahraa,الزهراء,31.239,31.443,Bilqas,مركز بلقاس,bilqas-eg1208,31.344,31.379,Dakahlia,الدقهلية
Al-Zahraa,الزهراء,30.52,31.547,Zaqaziq,مركز الزقازيق,zaqaziq-eg1303,30.587,31.581,Sharkia,الشرقية
Al-Zahraa - Mit Abu Ghalib Sabiqan,الزهراء - ميت ابو غالب سابقا,31.305,31.657,Kafr Sad,مركز كفر سعد,kafr-sad-eg1104,31.359,31.603,Damietta,دمياط
Al-Zahraa wa Masakin Al-Hilmiya,الزهراءومساكن الحلمية,30.124,31.339,Ain Shams,قسم عينشمس,ain-shams-eg0130,30.123,31.33,Cairo,القاهرة
Al-Zuhur,الزهور,31.266,32.266,Al-Zohour,قسم الزهور,al-zohour-eg0307,31.266,32.266,Port Said,بورسعيد
Al-Zahwiyyin,الزهويين,30.267,31.275,Shibin al-Qanatir,مركز شبين القناطر,shibin-al-qanatir-eg1405,30.296,31.307,Kalyoubia,القليوبية
Al-Zuhayri,الزهيرى,31.032,31.633,Bany Abeed,مركز بنى عبيد,bany-abeed-eg1218,31.024,31.648,Dakahlia,الدقهلية
Al-Zawatna Al-Bahariya,الزواتنة البحرية,26.292,31.9,Girga,مركز جرجا,girga-eg2610,26.307,31.867,Suhag,سوهاج
Al-Zawatna Al-Qibliya,الزواتنة القبلية,26.3,31.936,Girga,مركز جرجا,girga-eg2610,26.307,31.867,Suhag,سوهاج
Al-Zawamil,الزوامل,30.361,31.431,Bilbis,مركز بلبيس,bilbis-eg1308,30.408,31.531,Sharkia,الشرقية
Al-Zawawa,الزواوعة,30.713,34.033,Shaykh Zuwayd,قسم الشيخ زويد,shaykh-zuwayd-eg3408,30.918,33.971,North Sinai,شمال سيناء
Al-Zawayda,الزوايدة,25.975,32.764,Naqada,مركز نقادة,naqada-eg2709,25.89,32.711,Qena,قنا
Al-Zawayda,الزوايدة,31.537,26.225,Sidi Barani,قسم سيدى برانى,sidi-barani-eg3305,30.656,25.886,Matrouh,مطروح
Al-Zawra,الزورة,28.611,30.673,Markz Maghagha,مركز مغاغة,markz-maghagha-eg2410,28.641,30.794,Menia,المنيا
Al-Zawk Al-Sharqiya,الزوك الشرقية,26.447,31.752,Al-Minshat,مركز المنشأة,al-minshat-eg2607,26.464,31.756,Suhag,سوهاج
Al-Zawk Al-Gharbiya,الزوك الغربية,26.44,31.732,Al-Minshat,مركز المنشأة,al-minshat-eg2607,26.464,31.756,Suhag,سوهاج
Al-Zumrutiya,الزومروتية,30.586,31.315,Kafr Shukr,مركز كفر شكر,kafr-shukr-eg1411,30.554,31.275,Kalyoubia,القليوبية
Al-Zayyat,الزيات,25.3,30.569,Al-Kharga Oasis,مركز الواحات الخارجة,al-kharga-oasis-eg3201,24.964,31.013,New Valley,الوادى الجديد
Al-Zayyat,الزيات,31.143,27.632,Marsa Matruh,قسم مرسى مطروح,marsa-matruh-eg3301,30.022,26.997,Matrouh,مطروح
Al-Zaytoun,الزيتون,29.175,31.151,Nasir,مركز ناصر,nasir-eg2209,29.187,31.078,Beni Suef,بنى سويف
Al-Zaytoun,الزيتون,31.073,28.111,Daba,مركز الضبعة,daba-eg3304,29.463,28.243,Matrouh,مطروح
Al-Zaytoun Al-Bahariya,الزيتون البحرية,30.109,31.318,Al Zaytun,قسم الزيتون,al-zaytun-eg0124,30.1,31.301,Cairo,القاهرة
Al-Zaytoun Al-Sharqiya,الزيتون الشرقية,30.102,31.313,Al Zaytun,قسم الزيتون,al-zaytun-eg0124,30.1,31.301,Cairo,القاهرة
Al-Zaytoun Al-Gharbiya,الزيتون الغربية,30.109,31.309,Al Zaytun,قسم الزيتون,al-zaytun-eg0124,30.1,31.301,Cairo,القاهرة
Al-Zaytoun Al-Qibliya,الزيتون القبلية,30.094,31.303,Al Zaytun,قسم الزيتون,al-zaytun-eg0124,30.1,31.301,Cairo,القاهرة
Al-Zaydiya,الزيدية,30.104,31.14,Auseem,مركز أوسيم,auseem-eg2116,30.132,31.142,Giza,الجيزة
Al-Zira,الزيرة,27.036,31.259,Abu Tig,مركز أبوتيج,abu-tig-eg2505,27.037,31.289,Assiut,أسيوط
Al-Zayni,الزيني,31.039,30.308,Abu Hummus,مركز ابوحمص,abu-hummus-eg1804,31.106,30.31,Behera,البحيرة
Al-Zayniya Bahari,الزينيةبحري,25.757,32.69,Tiba police station,مركز شرطة طيبة,tiba-police-station-eg2903,25.738,32.703,Luxor,مدينة الأقصر
Al-Zayniya Qibli,الزينيةقبلي,25.746,32.677,Tiba police station,مركز شرطة طيبة,tiba-police-station-eg2903,25.738,32.703,Luxor,مدينة الأقصر
Al-Saha,الساحة,30.047,31.246,Abdin,قسم عابدين,abdin-eg0109,30.046,31.245,Cairo,القاهرة
Al-Sahel,الساحل,30.091,31.24,Al Sahil,قسم الساحل,al-sahil-eg0121,30.092,31.247,Cairo,القاهرة
Al-Sahel,الساحل,30.406,31.111,Banha,مركز بنها,banha-eg1402,30.443,31.248,Kalyoubia,القليوبية
Al-Sahel,الساحل,31.323,30.416,Rashid,مركز رشيد,rashid-eg1809,31.379,30.375,Behera,البحيرة
Al-Sahel Al-Shamali,الساحل الشمالى,30.935,29.475,North Coast,الساحل الشمالى,north-coast-eg0218,30.935,29.475,Alexandria,الاسكندرية
Al-Sahel Al-Shamali,الساحل الشمالى,30.921,28.824,Alamn,قسم مارينا العلمين السياحية,alamn-eg3307,30.782,28.74,Matrouh,مطروح
Al-Sahel Al-Bahari_Baloush,الساحل البحري_بلوش,31.591,31.096,Burullus,مركز البرلس,burullus-eg1503,31.521,31.273,Kafr El-Shikh,كفر الشيخ
Al-Sahel Al-Qibli_Al-Wahhabiya,الساحل القبلي_ الوهابية,31.571,31.082,Burullus,مركز البرلس,burullus-eg1503,31.521,31.273,Kafr El-Shikh,كفر الشيخ
Al-Sahel Bahari,الساحل بحري,26.277,31.973,Al-Balyana,مركز البلينا,al-balyana-eg2605,26.241,31.944,Suhag,سوهاج
Al-Sahel Qibli,الساحلقبلي,26.256,31.982,Al-Balyana,مركز البلينا,al-balyana-eg2605,26.241,31.944,Suhag,سوهاج
Al-Sadat,السادات,29.722,32.385,Ataqa,قسم عتاقة,ataqa-eg0403,29.539,32.128,Suez,السويس
Al-Sadat,السادات,31.032,33.054,Bir Al-Abd,قسم بئر العبد,bir-al-abd-eg3405,30.69,33.102,North Sinai,شمال سيناء
Al-Salmiya,الس المية,31.356,31.764,Fariskur,مركز فارسكور,fariskur-eg1103,31.31,31.733,Damietta,دمياط
Al-Salmiya,الس المية,31.191,30.604,Fuwwa,مركز فوه,fuwwa-eg1508,31.232,30.564,Kafr El-Shikh,كفر الشيخ
Al-Saba'in,السباعين,30.037,31.243,Sayyida Zainab,قسم السيدة زينب,sayyida-zainab-eg0107,30.03,31.242,Cairo,القاهرة
Al-Sabtiya,السبتية,30.07,31.231,Bulaq,قسم بولاق,bulaq-eg0112,30.062,31.234,Cairo,القاهرة
Al-Sabkha,السبخا,30.967,31.375,Aga,مركز أجا,aga-eg1204,30.895,31.313,Dakahlia,الدقهلية
Al-Sabkhawiya,السبخاوية,31.306,31.472,Bilqas,مركز بلقاس,bilqas-eg1208,31.344,31.379,Dakahlia,الدقهلية
Al-Sab' Abar Al-Sharqiya,السبعآبار الشرقية,30.557,32.231,Ismailiyya,مركز الاسماعيلية,ismailiyya-eg1904,30.426,32.183,Ismailia,الإسماعيلية
Al-Sab' Abar Al-Gharbiya,السبعآبار الغربية,30.564,32.149,Ismailiyya,مركز الاسماعيلية,ismailiyya-eg1904,30.426,32.183,Ismailia,الإسماعيلية
Al-Subu',السبوع,23.876,33.025,Aswan,مركز أسوان,aswan-eg2802,23.972,32.831,Aswan,أسوان
Al-Subu' - Tahjir,السبوع - تهجير,24.568,33.008,Nasr,مركز نصر,nasr-eg2805,24.373,32.932,Aswan,أسوان
Al-Subuwiyat,السبويات,30.898,25.058,Salloum,قسم السلوم,salloum-eg3303,30.646,25.255,Matrouh,مطروح
Al-Sabil,السبيل,30.169,31.099,Imbaba,مركز إمبابة,imbaba-eg2113,30.22,30.963,Giza,الجيزة
Al-Sabil,السبيل,24.535,32.921,Kum Umbu,مركز كوم امبو,kum-umbu-eg2804,24.48,32.947,Aswan,أسوان
Al-Sabil,السبيل,31.271,25.514,Salloum,قسم السلوم,salloum-eg3303,30.646,25.255,Matrouh,مطروح
Al-Sabil,السبيل,31.075,33.546,El Arish 4,قسم رابع العريش,el-arish-4-eg3404,30.851,33.596,North Sinai,شمال سيناء
Al-Stamouni,الستاموني,31.372,31.376,Bilqas,مركز بلقاس,bilqas-eg1208,31.344,31.379,Dakahlia,الدقهلية
Al-Stayta,الستايتة,31.135,31.87,Manzala,مركز المنزلة,manzala-eg1207,31.153,31.958,Dakahlia,الدقهلية
Al-Stamana,الستمانة,30.818,30.263,Hush Isa,مركز حوش عيسى,hush-isa-eg1808,30.891,30.346,Behera,البحيرة
Al-Sag'iya,السجاعية,30.975,31.068,El Mahalla El Kobra,مركز المحله الكبرى,el-mahalla-el-kobra-eg1607,31.017,31.13,Gharbia,الغربية
Al-Sahhala,السح الة,28.004,30.829,Markz Abu Qurqas,مركز ابو قرقاص,markz-abu-qurqas-eg2404,27.939,30.77,Menia,المنيا
Al-Sokhna,السخنة,30.5,30.78,Badr,مركز بدر,badr-eg1818,30.547,30.679,Behera,البحيرة
Al-Sadd,السد,30.266,31.246,Qalyub,مركز قليوب,qalyub-eg1410,30.207,31.214,Kalyoubia,القليوبية
Al-Sudus,السدس,30.744,31.528,El-Ibrahimiya,مركز الأبراهيمية,el-ibrahimiya-eg1317,30.732,31.564,Sharkia,الشرقية
Al-Sarariya,السرارية,28.351,30.777,Markz Samalut,مركز سمالوط,markz-samalut-eg2408,28.285,30.629,Menia,المنيا
Al-Sarraqna,السراقنا,27.406,30.788,Al-Qusia,مركز القوصية,al-qusia-eg2509,27.403,30.826,Assiut,أسيوط
Al-Sarai,السراي,31.266,32.294,Al-Munakh,قسم المناخ,al-munakh-eg0303,31.265,32.287,Port Said,بورسعيد
Al-Sarayat,السرايات,30.066,31.283,Al Wayli,قسم الوايلي,al-wayli-eg0122,30.072,31.283,Cairo,القاهرة
Al-Sarayat Al-Sharqiya,السرايات الشرقية,30.061,31.293,Madinat Nasr-2,قسم ثانمدينةنصر,madinat-nasr-2-eg0127,30.048,31.309,Cairo,القاهرة
Al-Sarsi,السرسى,30.882,31.586,Sinbillawin,مركز السنبلاوين,sinbillawin-eg1205,30.883,31.513,Dakahlia,الدقهلية
Al-Sarugiya,السروجية,30.038,31.256,Al Darb al-Ahmar,قسم الدرب الأحمر,al-darb-al-ahmar-eg0114,30.041,31.26,Cairo,القاهرة
Al-Sa'adat,السعادات,30.461,31.621,Bilbis,مركز بلبيس,bilbis-eg1308,30.408,31.531,Sharkia,الشرقية
Al-Sa'ada,السعادة,30.553,31.598,Zaqaziq,مركز الزقازيق,zaqaziq-eg1303,30.587,31.581,Sharkia,الشرقية
Al-Sa'ada,السعادة,26.83,31.436,Tama,مركز طما,tama-eg2613,26.874,31.422,Suhag,سوهاج
Al-Sa'da,السعدة,29.176,30.807,Atsa,مركز أطسا,atsa-eg2304,29.208,30.767,Fayoum,الفيوم
Al-Sa'diya,السعدية,31.229,31.555,Shirbin,مركز شربين,shirbin-eg1210,31.261,31.576,Dakahlia,الدقهلية
Al-Sa'diya,السعدية,30.534,31.701,Abu Hammad,مركز أبو حماد,abu-hammad-eg1304,30.543,31.649,Sharkia,الشرقية
Al-Sa'diya,السعدية,28.469,30.753,Markz Bani Mazar,مركز بنى مزار,markz-bani-mazar-eg2406,28.518,30.731,Menia,المنيا
Al-Sa'diyyin,السعديين,30.463,31.364,Minya al-Qamh,مركز منيا القمح,minya-al-qamh-eg1314,30.507,31.369,Sharkia,الشرقية
Al-Sa'raniya,السعرانية,31.144,30.144,Kafr Al-Dawwar,قسم كفرالدوار,kafr-al-dawwar-eg1811,31.137,30.133,Behera,البحيرة
Al-Sa'udiya,السعودية,30.97,31.6,Tamy Al-Amdid,مركز تمى الأمديد,tamy-al-amdid-eg1216,30.947,31.594,Dakahlia,الدقهلية
Al-Sa'udiya,السعودية,29.551,31.224,Ayat,مركز العياط,ayat-eg2112,29.564,31.25,Giza,الجيزة
Al-Sa'idiya,السعيدية,30.407,31.483,Bilbis,مركز بلبيس,bilbis-eg1308,30.408,31.531,Sharkia,الشرقية
Al-Sa'idiya,السعيدية,29.448,30.783,Sinuras,مركز سنورس,sinuras-eg2305,29.441,30.815,Fayoum,الفيوم
Al-Sa'idiya Al-Bahariya,السعيدية البحرية,31.392,31.667,Kafr Sad,مركز كفر سعد,kafr-sad-eg1104,31.359,31.603,Damietta,دمياط
Al-Sa'idiya Al-Qibliya,السعيدية القبلية,31.381,31.671,Kafr Sad,مركز كفر سعد,kafr-sad-eg1104,31.359,31.603,Damietta,دمياط
Al-Safayna,السفاينة,30.389,31.196,Tukh,مركز طوخ,tukh-eg1408,30.344,31.19,Kalyoubia,القليوبية
Al-Saqala,السق الة,27.353,33.661,Hurghada 1,قسم أول الغردقة,hurghada-1-eg3101,27.129,33.244,Red Sea,البحر الأحمر
Al-Saqayyin,السقايين,30.04,31.248,Abdin,قسم عابدين,abdin-eg0109,30.046,31.245,Cairo,القاهرة
Al-Saqriya,السقرية,26.435,31.716,Al-Minshat,مركز المنشأة,al-minshat-eg2607,26.464,31.756,Suhag,سوهاج
Al-Sakadra,السكادرة,31.113,33.931,Shaykh Zuwayd,قسم الشيخ زويد,shaykh-zuwayd-eg3408,30.918,33.971,North Sinai,شمال سيناء
Al-Sakaska,السكاسكة,31.112,33.828,El Arish 1,قسم أول العريش,el-arish-1-eg3401,31.12,33.824,North Sinai,شمال سيناء
Al-Sakakra,السكاكرة,30.692,31.633,Hihya,مركز ههيا,hihya-eg1315,30.652,31.617,Sharkia,الشرقية
Al-Sakakini,السكاكيني,30.064,31.267,Al Zahir,قسم الظاهر,al-zahir-eg0117,30.063,31.268,Cairo,القاهرة
Al-Sikka Al-Jadida wal Tartoushi,السكة الجديدة والطرطوشي,31.19,29.886,A L Labban,قسم اللبان,a-l-labban-eg0209,31.191,29.892,Alexandria,الاسكندرية
Al-Sukkariya,السكرية,30.644,31.014,Shibin al-Kum,مركز شبين الكوم,shibin-al-kum-eg1702,30.561,30.954,Menoufia,المنوفية
Al-Siksaka,السكساكة,26.925,31.457,Tama,مركز طما,tama-eg2613,26.874,31.422,Suhag,سوهاج
Al-Salatna,السلاطنة,30.736,31.768,Faqus,مركز فاقوس,faqus-eg1312,30.749,31.896,Sharkia,الشرقية
Al-Salam,السلام,31.248,32.286,Al-Dawahy,قسم الضواحى,al-dawahy-eg0305,31.246,32.28,Port Said,بورسعيد
Al-Salam,السلام,31.22,31.7,Zarqa,مركز الزرقا,zarqa-eg1107,31.209,31.649,Damietta,دمياط
Al-Salam,السلام,30.81,31.257,Aga,مركز أجا,aga-eg1204,30.895,31.313,Dakahlia,الدقهلية
Al-Salam,السلام,31.074,31.747,Dikirnis,مركز دكرنس,dikirnis-eg1209,31.093,31.78,Dakahlia,الدقهلية
Al-Salam,السلام,31.297,31.582,Shirbin,مركز شربين,shirbin-eg1210,31.261,31.576,Dakahlia,الدقهلية
Al-Salam,السلام,30.364,31.527,Bilbis,مركز بلبيس,bilbis-eg1308,30.408,31.531,Sharkia,الشرقية
Al-Salam,السلام,30.461,30.812,Sadat City,مركز السادات,sadat-city-eg1711,30.358,30.661,Menoufia,المنوفية
Al-Salam,السلام,30.725,30.005,Abu-l-Matamir,مركز ابوالمطامير,abu-l-matamir-eg1803,30.773,30.144,Behera,البحيرة
Al-Salam,السلام,28.461,30.729,Markz Bani Mazar,مركز بنى مزار,markz-bani-mazar-eg2406,28.518,30.731,Menia,المنيا
Al-Salam,السلام,28.288,30.662,Markz Samalut,مركز سمالوط,markz-samalut-eg2408,28.285,30.629,Menia,المنيا
Al-Salam,السلام,30.788,29.118,Al-Hammam,قسم الحمام,al-hammam-eg3302,29.804,29.418,Matrouh,مطروح
Al-Salam,السلام,31.004,32.802,Rummana,قسم رمانة,rummana-eg3410,30.957,32.699,North Sinai,شمال سيناء
Al-Salam - Al-Ghabiya,السلام - الغبية,29.937,34.087,Nakhl,قسم نخل,nakhl-eg3407,29.909,34.024,North Sinai,شمال سيناء
Al-Salam - Kafr Tanboul Al-Jadid Sabiqan,السلام - كفر طنبول الجديد سابقا,30.853,31.411,Sinbillawin,مركز السنبلاوين,sinbillawin-eg1205,30.883,31.513,Dakahlia,الدقهلية
Al-Salam Al-Jadida? Tashmal Al-Buhayrat Al-Murra?,السلام الجديدة?تشمل البحيرات المرة?,30.631,32.412,"Qantara Sharq, al-",قسم القنطرة شرق,qantara-sharq-al-eg1908,30.603,32.55,Ismailia,الإسماعيلية
Al-Salam Al-Sharqiya,السلام الشرقية,30.172,31.422,Al Salam,قسم السلام,al-salam-eg0132,30.162,31.428,Cairo,القاهرة
Al-Salam Al-Gharbiya,السلام الغربية,30.175,31.41,Al Salam,قسم السلام,al-salam-eg0132,30.162,31.428,Cairo,القاهرة
Al-Salamoun,السلامون,30.649,31.665,Hihya,مركز ههيا,hihya-eg1315,30.652,31.617,Sharkia,الشرقية
Al-Salamouni,السلاموني,26.613,31.77,Akhmim,مركز أخميم,akhmim-eg2604,26.551,31.715,Suhag,سوهاج
Al-Salamiya,السلامية,30.89,31.254,Aga,مركز أجا,aga-eg1204,30.895,31.313,Dakahlia,الدقهلية
Al-Slayma,السلايمة,31.051,33.825,El Arish 3,قسم ثالث العريش,el-arish-3-eg3403,30.995,33.777,North Sinai,شمال سيناء
Al-Salkhana,السلخانة,30.775,30.985,Tanta 2,قسم ثان طنطا,tanta-2-eg1602,30.786,30.989,Gharbia,الغربية
Al-Sultan Barqouq,السلطانبرقوق,30.051,31.283,Minshat Nasir,منشأةناصر,minshat-nasir-eg0134,30.043,31.284,Cairo,القاهرة
Al-Sultan Hassan,السلطانحسن,27.952,30.693,Markz Abu Qurqas,مركز ابو قرقاص,markz-abu-qurqas-eg2404,27.939,30.77,Menia,المنيا
Al-Sultani,السلطاني,28.968,30.964,Biba,مركز ببا,biba-eg2207,28.951,30.967,Beni Suef,بنى سويف
Al-Silk,السلك,27.985,34.378,Sharm el-Sheikh,قسم شرم الشيخ,sharm-el-sheikh-eg3505,28.08,34.203,South Sinai,جنوب سيناء
Al-Salmani,السلماني,26.221,31.893,Al-Balyana,مركز البلينا,al-balyana-eg2605,26.241,31.944,Suhag,سوهاج
Al-Salmaniya,السلمانية,30.193,31.292,Shibin al-Qanatir,مركز شبين القناطر,shibin-al-qanatir-eg1405,30.296,31.307,Kalyoubia,القليوبية
Al-Salmiya Al-Hayit,السلمية الحايط,26.075,32.273,Nag Hammadi,مركز نجع حمادى,nag-hammadi-eg2708,26.085,32.297,Qena,قنا
Al-Sulaymat,السليمات,26.097,32.101,Abu Tisht,مركز أبو طشت,abu-tisht-eg2703,26.13,32.086,Qena,قنا
Al-Samahiya Al-Kubra,السماحية الكبري,31.25,31.399,Bilqas,مركز بلقاس,bilqas-eg1208,31.344,31.379,Dakahlia,الدقهلية
Al-Samara,السمارة,30.931,31.634,Tamy Al-Amdid,مركز تمى الأمديد,tamy-al-amdid-eg1216,30.947,31.594,Dakahlia,الدقهلية
Al-Samarna,السمارنة,26.629,31.528,Al-Maragha,مركز المراغة,al-maragha-eg2606,26.669,31.588,Suhag,سوهاج
Al-Sama'na,السماعنة,30.78,31.832,Faqus,مركز فاقوس,faqus-eg1312,30.749,31.896,Sharkia,الشرقية
Al-Samaniya,السمانية,26.055,32.407,Nag Hammadi,مركز نجع حمادى,nag-hammadi-eg2708,26.085,32.297,Qena,قنا
Al-Samta,السمطا,26.203,32.003,Al-Balyana,مركز البلينا,al-balyana-eg2605,26.241,31.944,Suhag,سوهاج
Al-Samta Bahari,السمطابحري,26.137,32.515,Dishna,مركز دشنا,dishna-eg2706,26.142,32.444,Qena,قنا
Al-Samta Qibli,السمطاقبلي,26.136,32.542,Dishna,مركز دشنا,dishna-eg2706,26.142,32.444,Qena,قنا
Al-Samlawiya,السملاوية,30.717,31.181,Zifta,مركز زفتى,zifta-eg1609,30.728,31.215,Gharbia,الغربية
Al-Sanagra,السناجرة,30.521,31.632,Abu Hammad,مركز أبو حماد,abu-hammad-eg1304,30.543,31.649,Sharkia,الشرقية
Al-Sanariya,السنارية,28.463,30.72,Markz Bani Mazar,مركز بنى مزار,markz-bani-mazar-eg2406,28.518,30.731,Menia,المنيا
Al-Sanaqra,السناقرة,30.946,29.586,Burg al-Arab,قسم برج العرب,burg-al-arab-eg0214,30.901,29.494,Alexandria,الاسكندرية
Al-Sananiya,السنانية,31.457,31.791,Dumyat,مركز دمياط,dumyat-eg1102,31.44,31.842,Damietta,دمياط
Al-Sunbat,السنباط,29.318,30.779,Fayyum,مركز الفيوم,fayyum-eg2302,29.3,30.955,Fayoum,الفيوم
Al-Sinbillawin,السنبلاوين,27.919,30.806,Markz Abu Qurqas,مركز ابو قرقاص,markz-abu-qurqas-eg2404,27.939,30.77,Menia,المنيا
Al-Sandabisi,السندبيسي,30.059,31.235,Bulaq,قسم بولاق,bulaq-eg0112,30.062,31.234,Cairo,القاهرة
Al-Sanqari,السنقارى,23.879,33.032,Aswan,مركز أسوان,aswan-eg2802,23.972,32.831,Aswan,أسوان
Al-Sanqari - Tahjir,السنقارى - تهجير,24.575,33.041,Nasr,مركز نصر,nasr-eg2805,24.373,32.932,Aswan,أسوان
Al-Sahrij,السهريج,27.351,30.934,Manfalut,مركز منفلوط,manfalut-eg2512,27.294,30.951,Assiut,أسيوط
Al-Sawahl,السواحل,31.41,31.772,Kafr Sad,مركز كفر سعد,kafr-sad-eg1104,31.359,31.603,Damietta,دمياط
Al-Sawalm,الس والم,31.282,31.644,Kafr Sad,مركز كفر سعد,kafr-sad-eg1104,31.359,31.603,Damietta,دمياط
Al-Sawalm,الس والم,27.683,30.811,Markz Dir Mawas,مركز دير مواس,markz-dir-mawas-eg2407,27.655,30.79,Menia,المنيا
Al-Sawalm,الس والم,26.786,31.505,Tahta,مركز طهطا,tahta-eg2614,26.785,31.42,Suhag,سوهاج
Al-Sawalm Al-Bahariya,الس والم البحرية,27.294,31.099,Abnub,مركز أبنوب,abnub-eg2504,27.295,31.106,Assiut,أسيوط
Al-Sawahga,السواهجة,27.776,30.762,Markz Mallawi,مركز ملوى,markz-mallawi-eg2412,27.775,30.801,Menia,المنيا
Al-Soubraki,السوبركي,30.819,31.62,Kafr Saqr,مركز كفر صقر,kafr-saqr-eg1313,30.837,31.675,Sharkia,الشرقية
Al-Suwaynat,السوينات,31.415,26.972,Marsa Matruh,قسم مرسى مطروح,marsa-matruh-eg3301,30.022,26.997,Matrouh,مطروح
Al-Siyala Sharq,السي الةشرق,31.21,29.882,Al Gumruk,قسم الجمرك,al-gumruk-eg0210,31.203,29.879,Alexandria,الاسكندرية
Al-Siyala Gharb,السي الةغرب,31.208,29.881,Al Gumruk,قسم الجمرك,al-gumruk-eg0210,31.203,29.879,Alexandria,الاسكندرية
Al-Sayyida,السيدة,30.031,31.24,Sayyida Zainab,قسم السيدة زينب,sayyida-zainab-eg0107,30.03,31.242,Cairo,القاهرة
Al-Sayyida Aisha,السيدة عائشة,30.026,31.257,Al Khalifa,قسم الخليفة,al-khalifa-eg0108,30.01,31.296,Cairo,القاهرة
Al-Sayfa,السيفا,30.309,31.125,Tukh,مركز طوخ,tukh-eg1408,30.344,31.19,Kalyoubia,القليوبية
Al-Siliyin,السيليين,29.404,30.792,Sinuras,مركز سنورس,sinuras-eg2305,29.441,30.815,Fayoum,الفيوم
Al-Siyouf Bahari,السيوف بحرى,31.254,29.98,Muntazah,قسم المنتزة,muntazah-eg0201,31.264,30.03,Alexandria,الاسكندرية
Al-Siyouf Qibli_Tashmal Ezbet Dirbala,السيوف قبلى_تشمل عزبة درباله,31.24,30.002,Muntazah,قسم المنتزة,muntazah-eg0201,31.264,30.03,Alexandria,الاسكندرية
Al-Shamiya,الشامية,27.066,31.357,Sahil Silim,مركز ساحل سليم,sahil-silim-eg2507,27.093,31.349,Assiut,أسيوط
Al-Shawriya,الشاورية,26.052,32.325,Nag Hammadi,مركز نجع حمادى,nag-hammadi-eg2708,26.085,32.297,Qena,قنا
Al-Shabanat,الشبانات,30.579,31.583,Zaqaziq,مركز الزقازيق,zaqaziq-eg1303,30.587,31.581,Sharkia,الشرقية
Al-Shabrawin,الشبراوين,30.657,31.565,Hihya,مركز ههيا,hihya-eg1315,30.652,31.617,Sharkia,الشرقية
Al-Shaboul,الشبول,31.16,31.985,Manzala,مركز المنزلة,manzala-eg1207,31.153,31.958,Dakahlia,الدقهلية
Al-Shubaykat,الشبيكات,31.204,25.62,Sidi Barani,قسم سيدى برانى,sidi-barani-eg3305,30.656,25.886,Matrouh,مطروح
Al-Shaga'a,الشجاعة,30.535,30.115,Nubariyya West,قسم غرب النوبارية,nubariyya-west-eg1817,30.425,29.897,Behera,البحيرة
Al-Sharabga,الشرابجة,31.074,33.85,El Arish 3,قسم ثالث العريش,el-arish-3-eg3403,30.995,33.777,North Sinai,شمال سيناء
Al-Sharabiya,الشرابية,30.069,31.258,Al Sharabiyya,قسم الشرابية,al-sharabiyya-eg0118,30.082,31.264,Cairo,القاهرة
Al-Sharawna,الشراونة,24.911,32.834,Adfu,مركز أدفو,adfu-eg2803,25.061,32.957,Aswan,أسوان
Al-Sharayna,الشراينة,28.28,30.707,Markz Samalut,مركز سمالوط,markz-samalut-eg2408,28.285,30.629,Menia,المنيا
Al-Shurafa wal Atiyat,الشرفا والعطيات,29.741,31.293,Saf,مركز الصف,saf-eg2111,29.62,31.305,Giza,الجيزة
Al-Sharqaya,الشرقاية,30.801,31.681,Kafr Saqr,مركز كفر صقر,kafr-saqr-eg1313,30.837,31.675,Sharkia,الشرقية
Al-Sharqi Bahgoura,الشرقيبهجورة,26.102,32.212,Nag Hammadi,مركز نجع حمادى,nag-hammadi-eg2708,26.085,32.297,Qena,قنا
Al-Sharqi Samhoud,الشرقيسمهود,26.185,32.103,Abu Tisht,مركز أبو طشت,abu-tisht-eg2703,26.13,32.086,Qena,قنا
Al-Sharikat,الشركات,30.077,31.318,Nasr City,قسم أول مدينة نصر,nasr-city-eg0126,30.032,31.369,Cairo,القاهرة
Al-Sharika,الشركة,31.3,31.432,Bilqas,مركز بلقاس,bilqas-eg1208,31.344,31.379,Dakahlia,الدقهلية
Al-Sharika 17,الشركة 17,25.657,31.011,Al-Kharga Oasis,مركز الواحات الخارجة,al-kharga-oasis-eg3201,24.964,31.013,New Valley,الوادى الجديد
Al-Sharika 53,الشركة 53,25.781,30.859,Al-Kharga Oasis,مركز الواحات الخارجة,al-kharga-oasis-eg3201,24.964,31.013,New Valley,الوادى الجديد
Al-Sharika 55,الشركة 55,25.519,30.603,Al-Kharga Oasis,مركز الواحات الخارجة,al-kharga-oasis-eg3201,24.964,31.013,New Valley,الوادى الجديد
Al-Sharika 8,الشركة 8,25.369,31.159,Al-Kharga Oasis,مركز الواحات الخارجة,al-kharga-oasis-eg3201,24.964,31.013,New Valley,الوادى الجديد
Al-Sharnabiya,الشرنبيه,31.023,28.361,Daba,مركز الضبعة,daba-eg3304,29.463,28.243,Matrouh,مطروح
Al-Sharif,الشريف,26.551,31.693,Suhag,قسم اول سوهاج,suhag-eg2601,26.547,31.693,Suhag,سوهاج
Al-Sharifiya,الشريفية,31.173,31.963,Manzala,مركز المنزلة,manzala-eg1207,31.153,31.958,Dakahlia,الدقهلية
Al-Shutout,الشطوط,31.459,31.237,Biyalu,مركز بيلا,biyalu-eg1504,31.32,31.248,Kafr El-Shikh,كفر الشيخ
Al-Sha'ala,الشع الة,30.844,31.426,Sinbillawin,مركز السنبلاوين,sinbillawin-eg1205,30.883,31.513,Dakahlia,الدقهلية
Al-Sha'aniya,الشعانية,26.095,32.33,Nag Hammadi,مركز نجع حمادى,nag-hammadi-eg2708,26.085,32.297,Qena,قنا
Al-Sha'rani,الشعراني,30.053,31.26,Gamaliyya,قسم الجمالية,gamaliyya-eg0115,30.054,31.265,Cairo,القاهرة
Al-Sha'rani,الشعراني,25.901,32.745,Qus,مركز قوص,qus-eg2707,25.857,32.789,Qena,قنا
Al-Sha'rawiya,الشعراوية,28.273,30.716,Markz Samalut,مركز سمالوط,markz-samalut-eg2408,28.285,30.629,Menia,المنيا
Al-Sha'ira,الشعيرة,30.845,30.716,Itay Al-Barud,مركز إيتاى البارود,itay-al-barud-eg1807,30.886,30.656,Behera,البحيرة
Al-Shaghaniya,الشغانية,30.442,31.515,Bilbis,مركز بلبيس,bilbis-eg1308,30.408,31.531,Sharkia,الشرقية
Al-Shaghab,الشغب,25.528,32.492,Isna,مركز إسنا,isna-eg2705,25.365,32.52,Qena,قنا
El-Shaghabah,الشغبة,27.148,31.253,Assuit,مركز أسيوط,assuit-eg2503,27.117,31.232,Assiut,أسيوط
El-Shaqqah,الشقة,31.141,30.813,Qillin,مركز قلين,qillin-eg1509,31.085,30.817,Kafr El-Shikh,كفر الشيخ
El-Shaqr,الشقر,30.518,31.279,Kafr Shukr,مركز كفر شكر,kafr-shukr-eg1411,30.554,31.275,Kalyoubia,القليوبية
El-Shaqr,الشقر,28.81,30.888,Al Fashn,مركز الفشن,al-fashn-eg2204,28.809,30.827,Beni Suef,بنى سويف
El-Shuqayfi,الشقيفي,26.097,32.149,Abu Tisht,مركز أبو طشت,abu-tisht-eg2703,26.13,32.086,Qena,قنا
El-Shallaq,الشلاق,31.067,33.895,Shaykh Zuwayd,قسم الشيخ زويد,shaykh-zuwayd-eg3408,30.918,33.971,North Sinai,شمال سيناء
El-Shamarqah,الشمارقة,31.134,31.037,Kafr Al-Shaykh,مركز كفر الشيخ,kafr-al-shaykh-eg1502,31.2,31.016,Kafr El-Shikh,كفر الشيخ
El-Shamasimah,الشماسمة,31.335,30.457,Rashid,مركز رشيد,rashid-eg1809,31.379,30.375,Behera,البحيرة
El-Shamashirji,الشماشرجي,30.067,31.249,Shubra,قسم شبرا,shubra-eg0119,30.072,31.25,Cairo,القاهرة
El-Shamammah,الشمامة,30.82,29.227,Al-Hammam,قسم الحمام,al-hammam-eg3302,29.804,29.418,Matrouh,مطروح
El-Shambaki,الشمبكي,30.058,31.254,Bab Al-Shariyya,قسم باب الشعرية,bab-al-shariyya-eg0116,30.059,31.258,Cairo,القاهرة
El-Shamarliyouz Zawiyat El-A'raj,الشمرليوزاوية الأعرج,31.202,29.885,Al Gumruk,قسم الجمرك,al-gumruk-eg0210,31.203,29.879,Alexandria,الاسكندرية
El-Shamout,الشموت,30.434,31.212,Banha,مركز بنها,banha-eg1402,30.443,31.248,Kalyoubia,القليوبية
El-Shinawi,الشناوي,31.2,31.461,Shirbin,مركز شربين,shirbin-eg1210,31.261,31.576,Dakahlia,الدقهلية
El-Shanayinah,الشناينة,26.926,31.371,Sidfa,مركز صدفا,sidfa-eg2511,26.943,31.38,Assiut,أسيوط
El-Shanbab,الشنباب,29.821,31.241,Badrashain,مركز البدرشين,badrashain-eg2110,29.824,31.258,Giza,الجيزة
El-Shantour,الشنطور,28.966,30.854,Sumusta,مركز سمسطا,sumusta-eg2208,28.951,30.866,Beni Suef,بنى سويف
El-Shahabiyah,الشهابية,31.544,31.287,Burullus,مركز البرلس,burullus-eg1503,31.521,31.273,Kafr El-Shikh,كفر الشيخ
El-Shahadah,الشهاده,25.213,32.688,Adfu,مركز أدفو,adfu-eg2803,25.061,32.957,Aswan,أسوان
El-Shuhadaa,الشهداء,26.364,31.788,Al Usayrat,مركز العسيرات,al-usayrat-eg2617,26.401,31.815,Suhag,سوهاج
El-Shuhadaa,الشهداء,31.012,32.572,Rummana,قسم رمانة,rummana-eg3410,30.957,32.699,North Sinai,شمال سيناء
El-Shahid As'ad Khayr,الشهيد اسعد خير,30.82,30.194,Abu-l-Matamir,مركز ابوالمطامير,abu-l-matamir-eg1803,30.773,30.144,Behera,البحيرة
El-Shahid Rizq Darwish,الشهيد رزق درويش,30.765,30.095,Abu-l-Matamir,مركز ابوالمطامير,abu-l-matamir-eg1803,30.773,30.144,Behera,البحيرة
El-Shahid Fikri - Abjoul,الشهيد فكرى - أبجول,30.686,31.081,Birkat Al-Sab,مركز بركة السبع,birkat-al-sab-eg1706,30.651,31.108,Menoufia,المنوفية
El-Shahid Fouad Oweis,الشهيد فؤاد عويس,30.637,30.116,Abu-l-Matamir,مركز ابوالمطامير,abu-l-matamir-eg1803,30.773,30.144,Behera,البحيرة
El-Shahid Mohamed Sabah,الشهيد محمد صباح,30.801,29.975,Abu-l-Matamir,مركز ابوالمطامير,abu-l-matamir-eg1803,30.773,30.144,Behera,البحيرة
El-Shahid Mohamed Abdel Mawla,الشهيد محمد عبدالمولى,30.683,30.09,Abu-l-Matamir,مركز ابوالمطامير,abu-l-matamir-eg1803,30.773,30.144,Behera,البحيرة
El-Shahid Mohamed Farag,الشهيد محمد فرج,30.83,30.156,Abu-l-Matamir,مركز ابوالمطامير,abu-l-matamir-eg1803,30.773,30.144,Behera,البحيرة
El-Shahid Gawad Husni,الشهيدجوادحسني,31.019,30.312,Abu Hummus,مركز ابوحمص,abu-hummus-eg1804,31.106,30.31,Behera,البحيرة
El-Shahid Abdel Moneim Riyad,الشهيدعبد المنعمرياض,26.714,31.415,Guhayna Al-Gharbiyya,مركز جهينة الغربية,guhayna-al-gharbiyya-eg2611,26.689,31.471,Suhag,سوهاج
El-Shahidi,الشهيدي,31.141,31.084,El Mahalla El Kobra,مركز المحله الكبرى,el-mahalla-el-kobra-eg1607,31.017,31.13,Gharbia,الغربية
El-Shawadfi El-Laqani,الشوادفى اللقانى,31.116,30.933,Kafr Al-Shaykh,قسم كفر الشيخ,kafr-al-shaykh-eg1501,31.119,30.941,Kafr El-Shikh,كفر الشيخ
El-Shawashnah,الشواشنة,29.373,30.614,Yousef El sadeq,مركز يوسف الصديق,yousef-el-sadeq-eg2307,29.353,30.586,Fayoum,الفيوم
El-Shawami,الشوامي,31.268,31.345,Bilqas,مركز بلقاس,bilqas-eg1208,31.344,31.379,Dakahlia,الدقهلية
El-Shawawlah,الشواولة,26.414,31.753,Al-Minshat,مركز المنشأة,al-minshat-eg2607,26.464,31.756,Suhag,سوهاج
El-Shoubak,الشوبك,30.313,31.344,Shibin al-Qanatir,مركز شبين القناطر,shibin-al-qanatir-eg1405,30.296,31.307,Kalyoubia,القليوبية
El-Shoubak,الشوبك,29.06,30.959,Ahnasya,مركز أهناسيا,ahnasya-eg2206,29.102,30.943,Beni Suef,بنى سويف
El-Shoubak El-Sharqi,الشوبك الشرقي,29.756,31.295,Saf,مركز الصف,saf-eg2111,29.62,31.305,Giza,الجيزة
El-Shoubak El-Gharbi,الشوبك الغربي,29.754,31.261,Badrashain,مركز البدرشين,badrashain-eg2110,29.824,31.258,Giza,الجيزة
El-Shouhat,الشوحط,30.988,32.581,Rummana,قسم رمانة,rummana-eg3410,30.957,32.699,North Sinai,شمال سيناء
El-Shoukah,الشوكة,31.003,30.429,Damanhur,مركز دمنهور,damanhur-eg1802,31.032,30.527,Behera,البحيرة
El-Shoukah,الشوكة,26.9,31.453,Tama,مركز طما,tama-eg2613,26.874,31.422,Suhag,سوهاج
El-Shouliyah,الشولية,30.38,31.478,Bilbis,مركز بلبيس,bilbis-eg1308,30.408,31.531,Sharkia,الشرقية
El-Shoun,الشون,31.162,30.773,Disuq,مركز دسوق,disuq-eg1506,31.15,30.72,Kafr El-Shikh,كفر الشيخ
El-Shiyakha El-Oula,الشياخة الاولى,29.975,30.964,6 October-1,قسم أول 6 أكتوبر,6-october-1-eg2107,29.985,30.963,Giza,الجيزة
El-Shiyakha El-Oula,الشياخة الأولى,29.872,31.381,15 Mayu,قسم 15 مايو,15-mayu-eg0103,29.853,31.387,Cairo,القاهرة
El-Shiyakha El-Tasi'ah,الشياخة التاسعة,29.978,30.937,6 October-1,قسم أول 6 أكتوبر,6-october-1-eg2107,29.985,30.963,Giza,الجيزة
El-Shiyakha El-Thalithah,الشياخة الثالثة,29.966,30.946,6 October-1,قسم أول 6 أكتوبر,6-october-1-eg2107,29.985,30.963,Giza,الجيزة
El-Shiyakha El-Thalithah wa Tashmal El-Mugawarat min 2 ila 52,الشياخة الثالثة و تشمل المجاورات من 2 إلى 52,29.814,31.391,15 Mayu,قسم 15 مايو,15-mayu-eg0103,29.853,31.387,Cairo,القاهرة
El-Shiyakha El-Thaminah,الشياخة الثامنة,29.983,30.944,6 October-1,قسم أول 6 أكتوبر,6-october-1-eg2107,29.985,30.963,Giza,الجيزة
El-Shiyakha El-Thaniyah,الشياخة الثانية,29.972,30.954,6 October-1,قسم أول 6 أكتوبر,6-october-1-eg2107,29.985,30.963,Giza,الجيزة
El-Shiyakha El-Thaniyah Ashar,الشياخة الثانية عشر,29.962,30.911,6 October-2,قسم ثان 6 أكتوبر,6-october-2-eg2121,29.941,30.908,Giza,الجيزة
El-Shiyakha El-Thaniyah wa Tashmal El-Mugawarat min 7 ila 21,الشياخة الثانية و تشمل المجاورات من 7 إلى 21,29.811,31.358,15 Mayu,قسم 15 مايو,15-mayu-eg0103,29.853,31.387,Cairo,القاهرة
El-Shiyakha El-Hadiyah Ashar,الشياخة الحادية عشر,29.967,30.919,6 October-2,قسم ثان 6 أكتوبر,6-october-2-eg2121,29.941,30.908,Giza,الجيزة
El-Shiyakha El-Khamisah,الشياخة الخامسة,29.955,30.93,6 October-2,قسم ثان 6 أكتوبر,6-october-2-eg2121,29.941,30.908,Giza,الجيزة
El-Shiyakha El-Rabi'ah,الشياخة الرابعة,29.961,30.938,6 October-2,قسم ثان 6 أكتوبر,6-october-2-eg2121,29.941,30.908,Giza,الجيزة
El-Shiyakha El-Sabi'ah,الشياخة السابعة,29.989,30.952,6 October-1,قسم أول 6 أكتوبر,6-october-1-eg2107,29.985,30.963,Giza,الجيزة
El-Shiyakha El-Sadisah,الشياخة السادسة,29.949,30.924,6 October-2,قسم ثان 6 أكتوبر,6-october-2-eg2121,29.941,30.908,Giza,الجيزة
El-Shiyakha El-Ashirah,الشياخة العاشرة,29.972,30.929,6 October-2,قسم ثان 6 أكتوبر,6-october-2-eg2121,29.941,30.908,Giza,الجيزة
El-Sheikh,الشيخ,30.381,30.001,Nubariyya West,قسم غرب النوبارية,nubariyya-west-eg1817,30.425,29.897,Behera,البحيرة
El-Sheikh Zayed - El-Madkhal Sabiqan,الشيخ زايد - المدخل سابقا,30.993,32.547,Rummana,قسم رمانة,rummana-eg3410,30.957,32.699,North Sinai,شمال سيناء
El-Sheikh Otman,الشيخ عتمان,26.958,31.431,Al- Badari,مركز البدارى,al-badari-eg2506,26.946,31.456,Assiut,أسيوط
El-Sheikh Mohamed Metwally El-Shaarawi,الشيخ محمد متولي الشعراوي,30.725,30.041,Abu-l-Matamir,مركز ابوالمطامير,abu-l-matamir-eg1803,30.773,30.144,Behera,البحيرة
El-Sheikh Meftah,الشيخ مفتاح,25.758,29.134,A-Dakhla Oasis,مركز الوحات الداخلة,a-dakhla-oasis-eg3202,24.803,27.209,New Valley,الوادى الجديد
El-Sheikh Nada,الشيخ ندا,30.054,31.255,Muski,قسم الموسكي,muski-eg0110,30.05,31.252,Cairo,القاهرة
El-Sheikh Wali,الشيخ والى,25.804,28.973,A-Dakhla Oasis,مركز الوحات الداخلة,a-dakhla-oasis-eg3202,24.803,27.209,New Valley,الوادى الجديد
El-Sheikh El-Shazli,الشيخ الشاذلي,24.755,35.061,Marsa Alam,قسم مرسى علم,marsa-alam-eg3104,24.707,34.286,Red Sea,البحر الأحمر
El-Sheikh Barakah,الشيخ بركة,26.22,31.947,Al-Balyana,مركز البلينا,al-balyana-eg2605,26.241,31.944,Suhag,سوهاج
El-Sheikh Tami,الشيختمي,27.875,30.843,Markz Abu Qurqas,مركز ابو قرقاص,markz-abu-qurqas-eg2404,27.939,30.77,Menia,المنيا
El-Sheikh Gibeil,الشيخجبيل,30.612,31.682,Abu Hammad,مركز أبو حماد,abu-hammad-eg1304,30.543,31.649,Sharkia,الشرقية
El-Sheikh Hassan,الشيخ حسن,28.391,30.803,Markz Matay,مركز مطاى,markz-matay-eg2409,28.431,30.71,Menia,المنيا
El-Sheikh Hassan Allam,الشيخحسنعلام,28.898,30.897,Biba,مركز ببا,biba-eg2207,28.951,30.967,Beni Suef,بنى سويف
El-Sheikh Hussein,الشيخ حسين,27.707,30.834,Markz Mallawi,مركز ملوى,markz-mallawi-eg2412,27.775,30.801,Menia,المنيا
El-Sheikh Dawoud,الشيخ داود,27.436,30.832,Al-Qusia,مركز القوصية,al-qusia-eg2509,27.403,30.826,Assiut,أسيوط
El-Sheikh Rahoumah,الشيخرحومة,26.803,31.417,Tahta,مركز طهطا,tahta-eg2614,26.785,31.42,Suhag,سوهاج
El-Sheikh Ziyad,الشيخ زياد,28.627,30.823,Markz Maghagha,مركز مغاغة,markz-maghagha-eg2410,28.641,30.794,Menia,المنيا
El-Sheikh Zein El-Din,الشيخزين الدين,26.795,31.504,Tahta,مركز طهطا,tahta-eg2614,26.785,31.42,Suhag,سوهاج
El-Sheikh Shabl,الشيخشبل,26.702,31.562,Al-Maragha,مركز المراغة,al-maragha-eg2606,26.669,31.588,Suhag,سوهاج
El-Sheikh Shabikah,الشيخشبيكة,27.715,30.723,Markz Mallawi,مركز ملوى,markz-mallawi-eg2412,27.775,30.801,Menia,المنيا
El-Sheikh Abadah,الشيخعبادة,27.825,30.847,Markz Mallawi,مركز ملوى,markz-mallawi-eg2412,27.775,30.801,Menia,المنيا
El-Sheikh Abdalla,الشيخعبد اللا,28.272,30.692,Markz Samalut,مركز سمالوط,markz-samalut-eg2408,28.285,30.629,Menia,المنيا
El-Sheikh Abdullah,الشيخ عبدالله,30.043,31.243,Abdin,قسم عابدين,abdin-eg0109,30.046,31.245,Cairo,القاهرة
El-Sheikh Otman,الشيخ عتمان,29.921,31.269,Hwamdeia,قسم الحوامدية,hwamdeia-eg2108,29.902,31.253,Giza,الجيزة
El-Sheikh Atta,الشيخعطا,28.469,30.803,Markz Bani Mazar,مركز بنى مزار,markz-bani-mazar-eg2406,28.518,30.731,Menia,المنيا
El-Sheikh Atiyah,الشيخ عطية,29.321,34.485,Nuweiba,قسم نويبع,nuweiba-eg3507,29.314,34.312,South Sinai,جنوب سيناء
El-Sheikh Ali,الشيخ علي,30.054,31.234,Bulaq,قسم بولاق,bulaq-eg0112,30.062,31.234,Cairo,القاهرة
El-Sheikh Ammar,الشيخعمار,26.878,31.479,Tama,مركز طما,tama-eg2613,26.874,31.422,Suhag,سوهاج
El-Sheikh Awwad,الشيخعواد,28.833,33.844,Sant Katrin,قسم سانت كاترين,sant-katrin-eg3504,28.66,34.052,South Sinai,جنوب سيناء
El-Sheikh Ounallah,الشيخعون الله,27.409,30.841,Al-Qusia,مركز القوصية,al-qusia-eg2509,27.403,30.826,Assiut,أسيوط
El-Sheikh Eissa,الشيخعيسي,26.186,32.65,Qina,مركز قنا,qina-eg2702,26.163,32.578,Qena,قنا
El-Sheikh Farag,الشيخ فراج,30.06,31.236,Bulaq,قسم بولاق,bulaq-eg0112,30.062,31.234,Cairo,القاهرة
El-Sheikh Fadl,الشيخفضل,28.484,30.859,Markz Bani Mazar,مركز بنى مزار,markz-bani-mazar-eg2406,28.518,30.731,Menia,المنيا
El-Sheikh Mubarak,الشيخ مبارك,31.578,31.119,Burullus,مركز البرلس,burullus-eg1503,31.521,31.273,Kafr El-Shikh,كفر الشيخ
El-Sheikh Mohsen,الشيخمحسن,28.829,33.92,Sant Katrin,قسم سانت كاترين,sant-katrin-eg3504,28.66,34.052,South Sinai,جنوب سيناء
El-Sheikh Marzouq,الشيخ مرزوق,26.25,31.906,Al-Balyana,مركز البلينا,al-balyana-eg2605,26.241,31.944,Suhag,سوهاج
El-Sheikh Masoud,الشيخ مسعود,28.646,30.681,Markz Al Idwa,مركز العدوة,markz-al-idwa-eg2405,28.696,30.74,Menia,المنيا
El-Sheikh Masoud,الشيخ مسعود,26.788,31.444,Tahta,مركز طهطا,tahta-eg2614,26.785,31.42,Suhag,سوهاج
El-Sheikh Makram,الشيخ مكرم,26.594,31.7,Suhag,مركز سوهاج,suhag-eg2603,26.547,31.655,Suhag,سوهاج
El-Sheikh Youssef,الشيخ يوسف,26.636,31.629,Al-Maragha,مركز المراغة,al-maragha-eg2606,26.669,31.588,Suhag,سوهاج
El-Sheikhiyah,الشيخية,25.974,32.809,Qift,مركز قفط,qift-eg2711,25.998,32.827,Qena,قنا
El-Shin,الشين,31.008,30.877,Qutur,مركز قطور,qutur-eg1611,30.971,30.97,Gharbia,الغربية
El-Sabourah,الصابورة,31.189,29.888,A L Labban,قسم اللبان,a-l-labban-eg0209,31.191,29.892,Alexandria,الاسكندرية
El-Safiyah wa Mit El-Hamid,الصافيةوميت الحميد,31.075,30.739,Disuq,مركز دسوق,disuq-eg1506,31.15,30.72,Kafr El-Shikh,كفر الشيخ
El-Salhat,الص الحات,31.227,30.814,Sidi Salim,مركز سيدى سالم,sidi-salim-eg1507,31.31,30.738,Kafr El-Shikh,كفر الشيخ
El-Salhiyah,الص الحية,30.749,32.013,Faqus,مركز فاقوس,faqus-eg1312,30.749,31.896,Sharkia,الشرقية
El-Salhiyah,الص الحية,30.303,31.114,Tukh,مركز طوخ,tukh-eg1408,30.344,31.19,Kalyoubia,القليوبية
El-Salhiyah,الص الحية,29.453,31.238,Atfeh,مركز أطفيح,atfeh-eg2115,29.343,31.25,Giza,الجيزة
El-Salhiyah,الص الحية,29.377,31.022,Fayyum,مركز الفيوم,fayyum-eg2302,29.3,30.955,Fayoum,الفيوم
El-Salhiyah,الص الحية,26.147,32.75,Qina,مركز قنا,qina-eg2702,26.163,32.578,Qena,قنا
El-Salhiyah 3 El-Abtal,الصالحية 3 الأبطال,30.868,32.135,Al-Husayniya,مركز الحسينية,al-husayniya-eg1306,30.924,32.006,Sharkia,الشرقية
El-Salhiyah 7 El-Ahrar,الصالحية 7 الأحرار,30.858,32.11,Al-Husayniya,مركز الحسينية,al-husayniya-eg1306,30.924,32.006,Sharkia,الشرقية
El-Salhiyah El-Basatin,الصالحية البساتين,30.817,32.158,Al-Husayniya,مركز الحسينية,al-husayniya-eg1306,30.924,32.006,Sharkia,الشرقية
El-Saniyah,الصانية,30.805,31.508,Dyarb Nigm,مركز ديرب نجم,dyarb-nigm-eg1310,30.752,31.444,Sharkia,الشرقية
El-Sabah,الصباح,30.223,31.2,Qalyub,مركز قليوب,qalyub-eg1410,30.207,31.214,Kalyoubia,القليوبية
El-Sabha,الصبحة,27.463,30.772,Al-Qusia,مركز القوصية,al-qusia-eg2509,27.403,30.826,Assiut,أسيوط
El-Sabhiyah wa Ezbet Sharaks wa Ezbet Raafat,الصبحيةوعزبةشركسوعزبةرأفت,31.186,29.928,Muharam Bik,قسم محرم بك,muharam-bik-eg0205,31.184,29.939,Alexandria,الاسكندرية
El-Sabriyat,الصبريات,26.123,32.433,Dishna,مركز دشنا,dishna-eg2706,26.142,32.444,Qena,قنا
El-Sabriyah,الصبرية,31.216,31.582,Shirbin,مركز شربين,shirbin-eg1210,31.261,31.576,Dakahlia,الدقهلية
El-Sahafah,الصحافة,30.341,31.402,Mashtul Al-Suq,مركز مشتول السوق,mashtul-al-suq-eg1316,30.361,31.383,Sharkia,الشرقية
El-Sakhrah,الصخرة,31.03,30.339,Abu Hummus,مركز ابوحمص,abu-hummus-eg1804,31.106,30.31,Behera,البحيرة
El-Siddiq El-Gadid,الصديق الجديد,30.682,30.237,Abu-l-Matamir,مركز ابوالمطامير,abu-l-matamir-eg1803,30.773,30.144,Behera,البحيرة
El-Sa'aydah,الصعايدة,25.09,32.811,Adfu,مركز أدفو,adfu-eg2803,25.061,32.957,Aswan,أسوان
El-Sa'aydah,الصعايدة,25.755,32.707,Tiba police station,مركز شرطة طيبة,tiba-police-station-eg2903,25.738,32.703,Luxor,مدينة الأقصر
El-Sa'aydah El-Qibliyah,الصعايدة القبلية,29.444,30.658,Yousef El sadeq,مركز يوسف الصديق,yousef-el-sadeq-eg2307,29.353,30.586,Fayoum,الفيوم
El-Sa'id,الصعيد,30.006,31.328,Al Khalifa,قسم الخليفة,al-khalifa-eg0108,30.01,31.296,Cairo,القاهرة
El-Safa,الصفا,30.967,31.576,Tamy Al-Amdid,مركز تمى الأمديد,tamy-al-amdid-eg1216,30.947,31.594,Dakahlia,الدقهلية
El-Safa,الصفا,30.663,31.378,Zaqaziq,مركز الزقازيق,zaqaziq-eg1303,30.587,31.581,Sharkia,الشرقية
El-Safa,الصفا,30.382,31.148,Tukh,مركز طوخ,tukh-eg1408,30.344,31.19,Kalyoubia,القليوبية
El-Safa,الصفا,30.71,30.08,Abu-l-Matamir,مركز ابوالمطامير,abu-l-matamir-eg1803,30.773,30.144,Behera,البحيرة
El-Safasif,الصفاصيف,31.015,30.372,Damanhur,مركز دمنهور,damanhur-eg1802,31.032,30.527,Behera,البحيرة
El-Safraa,الصفراء,25.793,29.124,A-Dakhla Oasis,مركز الوحات الداخلة,a-dakhla-oasis-eg3202,24.803,27.209,New Valley,الوادى الجديد
El-Safihah,الصفيحة,26.794,31.408,Tahta,مركز طهطا,tahta-eg2614,26.785,31.42,Suhag,سوهاج
El-Saffayn,الصفين,30.604,31.279,Kafr Shukr,مركز كفر شكر,kafr-shukr-eg1411,30.554,31.275,Kalyoubia,القليوبية
El-Salahat,الصلاحات,30.998,31.657,Bany Abeed,مركز بنى عبيد,bany-abeed-eg1218,31.024,31.648,Dakahlia,الدقهلية
El-Sal'a,الصلعا,26.496,31.726,Suhag,مركز سوهاج,suhag-eg2603,26.547,31.655,Suhag,سوهاج
El-Salibah,الصليبة,30.03,31.252,Al Khalifa,قسم الخليفة,al-khalifa-eg0108,30.01,31.296,Cairo,القاهرة
El-Sanafayn El-Bahariyah,الصنافين البحرية,30.469,31.303,Minya al-Qamh,مركز منيا القمح,minya-al-qamh-eg1314,30.507,31.369,Sharkia,الشرقية
El-Sanafayn El-Qibliyah,الصنافين القبلية,30.457,31.289,Minya al-Qamh,مركز منيا القمح,minya-al-qamh-eg1314,30.507,31.369,Sharkia,الشرقية
El-Sahw,الصهو,29.037,33.402,Abu Radis,قسم أبو رديس,abu-radis-eg3503,29.049,33.598,South Sinai,جنوب سيناء
El-Sawabi,الصوابي,30.059,31.264,Bab Al-Shariyya,قسم باب الشعرية,bab-al-shariyya-eg0116,30.059,31.258,Cairo,القاهرة
El-Sawwaf,الصواف,30.692,30.774,Kum Hamada,مركز كوم حمادة,kum-hamada-eg1813,30.654,30.774,Behera,البحيرة
El-Sawalih,الص والح,30.673,31.785,Faqus,مركز فاقوس,faqus-eg1312,30.749,31.896,Sharkia,الشرقية
El-Sawalih,الص والح,26.791,31.426,Tahta,مركز طهطا,tahta-eg2614,26.785,31.42,Suhag,سوهاج
El-Sawam'ah Sharq,الصوامعة شرق,26.653,31.722,Akhmim,مركز أخميم,akhmim-eg2604,26.551,31.715,Suhag,سوهاج
El-Sawam'ah Gharb,الصوامعة غرب,26.736,31.538,Tahta,مركز طهطا,tahta-eg2614,26.785,31.42,Suhag,سوهاج
El-Sawah,الصوة,30.542,31.615,Abu Hammad,مركز أبو حماد,abu-hammad-eg1304,30.543,31.649,Sharkia,الشرقية
El-Sourah,الصورة,30.809,31.713,Kafr Saqr,مركز كفر صقر,kafr-saqr-eg1313,30.837,31.675,Sharkia,الشرقية
El-Souri,الصوري,31.192,29.902,Al Attarin,قسم العطارين,al-attarin-eg0206,31.198,29.904,Alexandria,الاسكندرية
El-Soufiyah,الصوفية,30.894,31.809,Awlad Saqr,مركز أولاد صقر,awlad-saqr-eg1319,30.969,31.777,Sharkia,الشرقية
El-Suwayni,الصويني,30.81,31.524,Dyarb Nigm,مركز ديرب نجم,dyarb-nigm-eg1310,30.752,31.444,Sharkia,الشرقية
El-Sayyad,الصياد,26.061,32.306,Nag Hammadi,مركز نجع حمادى,nag-hammadi-eg2708,26.085,32.297,Qena,قنا
El-Sayyadin,الصيادين,31.203,29.878,Al Gumruk,قسم الجمرك,al-gumruk-eg0210,31.203,29.879,Alexandria,الاسكندرية
El-Sayyadin,الصيادين,30.598,31.497,Zaqaziq 2,قسم ثان الزقازيق,zaqaziq-2-eg1302,30.601,31.519,Sharkia,الشرقية
El-Dhahiriyah,الضاهرية,30.545,31.776,"Tal al-Kabir, al-",مركز التل الكبير,tal-al-kabir-al-eg1905,30.418,31.933,Ismailia,الإسماعيلية
El-Dababshah,الضبابشة,30.693,31.177,Zifta,مركز زفتى,zifta-eg1609,30.728,31.215,Gharbia,الغربية
El-Daba'nah,الضباعنة,29.019,31.03,Biba,مركز ببا,biba-eg2207,28.951,30.967,Beni Suef,بنى سويف
El-Daba'ah,الضبعة,31.288,30.914,Riyad,مركز الرياض,riyad-eg1512,31.321,30.92,Kafr El-Shikh,كفر الشيخ
El-Daba'iyah,الضبعية,30.516,32.247,Ismailiyya,مركز الاسماعيلية,ismailiyya-eg1904,30.426,32.183,Ismailia,الإسماعيلية
El-Daba'iyah,الضبعية,25.675,32.59,Luxor,مركز الأقصر,luxor-eg2902,25.685,32.588,Luxor,مدينة الأقصر
El-Dhahrah,الضهرة,31.354,31.772,Fariskur,مركز فارسكور,fariskur-eg1103,31.31,31.733,Damietta,دمياط
El-Dhahriyah,الضهرية,31.223,31.618,Shirbin,مركز شربين,shirbin-eg1210,31.261,31.576,Dakahlia,الدقهلية
El-Dhahriyah,الضهرية,30.854,30.775,Itay Al-Barud,مركز إيتاى البارود,itay-al-barud-eg1807,30.886,30.656,Behera,البحيرة
El-Dhahir,الضهير,31.196,31.989,Matariyya,مركز المطرية,matariyya-eg1206,31.191,32.004,Dakahlia,الدقهلية
El-Dawahiriyah,الضواهرية,30.903,31.959,Al-Husayniya,مركز الحسينية,al-husayniya-eg1306,30.924,32.006,Sharkia,الشرقية
El-Tarif,الطارف,31.403,26.015,Sidi Barani,قسم سيدى برانى,sidi-barani-eg3305,30.656,25.886,Matrouh,مطروح
El-Talbiyah,الط البية,30.757,30.879,Kafr Al-Zayyat,مركز كفر الزيات,kafr-al-zayyat-eg1612,30.807,30.835,Gharbia,الغربية
El-Talbiyah El-Qibliyah,الطالبية القبلية,29.996,31.181,Umraniyya,قسم العمرانية,umraniyya-eg2118,29.993,31.177,Giza,الجيزة
El-Tahirah,الطاهرة,30.572,31.563,Zaqaziq,مركز الزقازيق,zaqaziq-eg1303,30.587,31.581,Sharkia,الشرقية
El-Tayrah,الطايرة,31.109,34.281,Rafah,قسم رفح,rafah-eg3409,31.087,34.227,North Sinai,شمال سيناء
El-Tayfah,الطايفة,31.111,30.984,Kafr Al-Shaykh,مركز كفر الشيخ,kafr-al-shaykh-eg1502,31.2,31.016,Kafr El-Shikh,كفر الشيخ
El-Tahawiyah,الطحاوية,30.44,31.644,Bilbis,مركز بلبيس,bilbis-eg1308,30.408,31.531,Sharkia,الشرقية
El-Tarabiyah,الطرابية,31.141,30.89,Kafr Al-Shaykh,مركز كفر الشيخ,kafr-al-shaykh-eg1502,31.2,31.016,Kafr El-Shikh,كفر الشيخ
El-Taradiyah,الطرادية,30.755,31.594,El-Ibrahimiya,مركز الأبراهيمية,el-ibrahimiya-eg1317,30.732,31.564,Sharkia,الشرقية
El-Taranah,الطرانة,30.436,30.833,Sadat City,مركز السادات,sadat-city-eg1711,30.358,30.661,Menoufia,المنوفية
El-Tarabiyah,الطربية,30.836,28.251,Daba,مركز الضبعة,daba-eg3304,29.463,28.243,Matrouh,مطروح
El-Tarh,الطرح,31.26,30.106,Kafr Al-Dawwar,مركز كفر الدوار,kafr-al-dawwar-eg1812,31.129,30.038,Behera,البحيرة
El-Tarhah,الطرحة,31.352,31.746,Fariskur,مركز فارسكور,fariskur-eg1103,31.31,31.733,Damietta,دمياط
El-Tarfayah,الطرفاية,29.828,31.277,Badrashain,مركز البدرشين,badrashain-eg2110,29.824,31.258,Giza,الجيزة
El-Tarfayah,الطرفاية,31.559,25.781,Sidi Barani,قسم سيدى برانى,sidi-barani-eg3305,30.656,25.886,Matrouh,مطروح
El-Tarfah,الطرفة,28.548,34.088,Sant Katrin,قسم سانت كاترين,sant-katrin-eg3504,28.66,34.052,South Sinai,جنوب سيناء
El-Tulayhat,الطليحات,26.742,31.455,Guhayna Al-Gharbiyya,مركز جهينة الغربية,guhayna-al-gharbiyya-eg2611,26.689,31.471,Suhag,سوهاج
El-Tammar,الطمار,30.056,31.256,Muski,قسم الموسكي,muski-eg0110,30.05,31.252,Cairo,القاهرة
El-Tawabiyah,الطوابية,27.227,31.126,Alfath,مركز الفتح,alfath-eg2513,27.218,31.212,Assiut,أسيوط
El-Tawabiyah,الطوابية,26.144,32.573,Qina,مركز قنا,qina-eg2702,26.163,32.578,Qena,قنا
El-Tawayel El-Sharqiyah,الطوايل الشرقية,26.654,31.666,Saqulta,مركز ساقلته,saqulta-eg2612,26.692,31.663,Suhag,سوهاج
El-Tawayel El-Gharbiyah,الطوايل الغربية,26.649,31.656,Saqulta,مركز ساقلته,saqulta-eg2612,26.692,31.663,Suhag,سوهاج
El-Toud,الطود,30.809,30.63,Kum Hamada,مركز كوم حمادة,kum-hamada-eg1813,30.654,30.774,Behera,البحيرة
El-Toud,الطود,25.602,32.549,Luxor,مركز الأقصر,luxor-eg2902,25.685,32.588,Luxor,مدينة الأقصر
El-Tounab,الطوناب,24.876,32.887,Adfu,مركز أدفو,adfu-eg2803,25.061,32.957,Aswan,أسوان
El-Tuwayrat,الطويرات,26.113,32.737,Qina,مركز قنا,qina-eg2702,26.163,32.578,Qena,قنا
El-Tuwaysah,الطويسة,24.384,32.919,Daraw,مركز دراو,daraw-eg2806,24.326,33.001,Aswan,أسوان
El-Tawil,الطويل,31.133,33.778,El Arish 1,قسم أول العريش,el-arish-1-eg3401,31.12,33.824,North Sinai,شمال سيناء
El-Tawilah,الطويلة,31.114,31.419,Talkha,مركز طلخا,talkha-eg1211,31.109,31.383,Dakahlia,الدقهلية
El-Tawilah,الطويلة,30.644,31.735,Faqus,مركز فاقوس,faqus-eg1312,30.749,31.896,Sharkia,الشرقية
El-Taybah,الطيبة,30.676,31.444,Zaqaziq,مركز الزقازيق,zaqaziq-eg1303,30.587,31.581,Sharkia,الشرقية
El-Taybah,الطيبة,28.278,30.626,Markz Samalut,مركز سمالوط,markz-samalut-eg2408,28.285,30.629,Menia,المنيا
El-Taybah,الطيبة,31.125,31.325,Nebro,مركز نبروة,nebro-eg1221,31.129,31.297,Dakahlia,الدقهلية
El-Tayriyah,الطيرية,30.632,30.779,Kum Hamada,مركز كوم حمادة,kum-hamada-eg1813,30.654,30.774,Behera,البحيرة
El-Dhafariyah,الظافريه,25.993,32.823,Qift,مركز قفط,qift-eg2711,25.998,32.827,Qena,قنا
El-Dhahir,الظاهر,30.063,31.256,Al Zahir,قسم الظاهر,al-zahir-eg0117,30.063,31.268,Cairo,القاهرة
El-Zaheriya wa Ezbet El-Safih,الظاهريةوعزبة الصفيح,31.231,29.963,Kesm than Al Raml,قسم ثان الرمل,kesm-than-al-raml-eg0217,31.211,29.994,Alexandria,الاسكندرية
El-Zaheer,الظهير,30.979,33.961,Shaykh Zuwayd,قسم الشيخ زويد,shaykh-zuwayd-eg3408,30.918,33.971,North Sinai,شمال سيناء
El-Aareen,العارين,30.753,31.756,Faqus,مركز فاقوس,faqus-eg1312,30.749,31.896,Sharkia,الشرقية
El-Aat,العاط,28.001,34.424,Sharm el-Sheikh,قسم شرم الشيخ,sharm-el-sheikh-eg3505,28.08,34.203,South Sinai,جنوب سيناء
El-Aaqsa wa Bakos,العاقصةوباكوس,31.239,29.968,Kesm than Al Raml,قسم ثان الرمل,kesm-than-al-raml-eg0217,31.211,29.994,Alexandria,الاسكندرية
El-Aaqoula,العاقولة,31.245,30.912,Riyad,مركز الرياض,riyad-eg1512,31.321,30.92,Kafr El-Shikh,كفر الشيخ
El-Aaly,الع الي,31.158,30.196,Kafr Al-Dawwar,مركز كفر الدوار,kafr-al-dawwar-eg1812,31.129,30.038,Behera,البحيرة
El-Aamra,العامرة,31.11,31.868,Manzala,مركز المنزلة,manzala-eg1207,31.153,31.958,Dakahlia,الدقهلية
El-Aamra,العامرة,30.492,30.985,Minuf,مركز منوف,minuf-eg1709,30.46,30.881,Menoufia,المنوفية
El-Aamry,العامرى,26.912,31.352,Al-Ghanayem,مركز الغنايم,al-ghanayem-eg2508,26.922,31.329,Assiut,أسيوط
El-Aamriya,العامرية,30.99,31.092,El Mahalla El Kobra,مركز المحله الكبرى,el-mahalla-el-kobra-eg1607,31.017,31.13,Gharbia,الغربية
El-Aamriya,العامرية,29.528,31.218,Ayat,مركز العياط,ayat-eg2112,29.564,31.25,Giza,الجيزة
El-Aamriya El-Sharqiya,العامرية الشرقية,31.285,30.505,Rashid,مركز رشيد,rashid-eg1809,31.379,30.375,Behera,البحيرة
El-Aamriya El-Gharbiya,العامرية الغربية,31.284,30.484,Rashid,مركز رشيد,rashid-eg1809,31.379,30.375,Behera,البحيرة
El-Aamriya Sharq,العامرية شرق,31.009,29.816,Al Amreia,قسم العامرية,al-amreia-eg0213,30.959,29.828,Alexandria,الاسكندرية
El-Aamriya Gharb,العامرية غرب,31.017,29.79,Al Amreia,قسم العامرية,al-amreia-eg0213,30.959,29.828,Alexandria,الاسكندرية
El-Aamriya,العامريه,30.293,31.113,Qanatir Al-Khayriyya,مركز القناطر الخيرية,qanatir-al-khayriyya-eg1404,30.214,31.135,Kalyoubia,القليوبية
El-Aamoud,العامود,31.184,29.892,Mina Al-Basal,قسم مينا البصل,mina-al-basal-eg0211,31.167,29.88,Alexandria,الاسكندرية
El-Aaysha,العايشة,30.745,31.184,Zifta,مركز زفتى,zifta-eg1609,30.728,31.215,Gharbia,الغربية
El-Abadla,العبادلة,30.365,31.158,Tukh,مركز طوخ,tukh-eg1408,30.344,31.19,Kalyoubia,القليوبية
El-Abbasy,العباسى,30.586,32.244,Ismailiyya 1,قسم أول الاسماعيلية,ismailiyya-1-eg1901,30.606,32.311,Ismailia,الإسماعيلية
El-Abbasiya,العباسية,30.504,31.759,Abu Hammad,مركز أبو حماد,abu-hammad-eg1304,30.543,31.649,Sharkia,الشرقية
El-Abbasiya,العباسية,31.33,30.97,Riyad,مركز الرياض,riyad-eg1512,31.321,30.92,Kafr El-Shikh,كفر الشيخ
El-Abbasiya,العباسية,24.432,32.971,Kum Umbu,مركز كوم امبو,kum-umbu-eg2804,24.48,32.947,Aswan,أسوان
El-Abbasiya El-Bahariya,العباسية البحرية,30.073,31.283,Al Wayli,قسم الوايلي,al-wayli-eg0122,30.072,31.283,Cairo,القاهرة
El-Abbasiya El-Gedida,العباسية الجديدة,28.584,30.801,Markz Maghagha,مركز مغاغة,markz-maghagha-eg2410,28.641,30.794,Menia,المنيا
El-Abbasiya El-Sharqiya,العباسية الشرقية,30.064,31.275,Al Wayli,قسم الوايلي,al-wayli-eg0122,30.072,31.283,Cairo,القاهرة
El-Abbasiya El-Gharbiya,العباسية الغربية,30.071,31.281,Al Wayli,قسم الوايلي,al-wayli-eg0122,30.072,31.283,Cairo,القاهرة
El-Abbasiya El-Qibliya,العباسية القبلية,30.068,31.278,Al Wayli,قسم الوايلي,al-wayli-eg0122,30.072,31.283,Cairo,القاهرة
El-Abbasiya,العباسيه,31.381,31.647,Kafr Sad,مركز كفر سعد,kafr-sad-eg1104,31.359,31.603,Damietta,دمياط
El-Abd,العبد,30.014,31.339,Al Khalifa,قسم الخليفة,al-khalifa-eg0108,30.01,31.296,Cairo,القاهرة
El-Absy,العبسي,30.421,31.497,Bilbis,مركز بلبيس,bilbis-eg1308,30.408,31.531,Sharkia,الشرقية
El-Obaidiya,العبيدية,31.344,31.722,Fariskur,مركز فارسكور,fariskur-eg1103,31.31,31.733,Damietta,دمياط
El-Atamna,العتامنة,27.299,30.902,Manfalut,مركز منفلوط,manfalut-eg2512,27.294,30.951,Assiut,أسيوط
El-Atamna,العتامنة,26.847,31.483,Tama,مركز طما,tama-eg2613,26.874,31.422,Suhag,سوهاج
El-Atamna w El-Mazaraa,العتامنة والمزارعة,29.27,30.729,Atsa,مركز أطسا,atsa-eg2304,29.208,30.767,Fayoum,الفيوم
El-Atriss,العتريس,30.031,31.244,Sayyida Zainab,قسم السيدة زينب,sayyida-zainab-eg0107,30.03,31.242,Cairo,القاهرة
El-Othmaniya,العتمانية,31.102,31.222,El Mahalla El Kobra,مركز المحله الكبرى,el-mahalla-el-kobra-eg1607,31.017,31.13,Gharbia,الغربية
El-Othmaniya,العتمانية,26.885,31.505,Al- Badari,مركز البدارى,al-badari-eg2506,26.946,31.456,Assiut,أسيوط
El-Atmour,العتمور,24.525,32.981,Kum Umbu,مركز كوم امبو,kum-umbu-eg2804,24.48,32.947,Aswan,أسوان
El-Atwa El-Bahariya,العتوة البحرية,31.024,30.928,Qutur,مركز قطور,qutur-eg1611,30.971,30.97,Gharbia,الغربية
El-Atwa El-Qibliya,العتوة القبلية,31.011,30.929,Qutur,مركز قطور,qutur-eg1611,30.971,30.97,Gharbia,الغربية
El-Agayza w Manshaat Abdel Rahman Salem,العجايزةومنشأةعبد الرحمنس الم,30.515,31.091,Quwisna,مركز قويسنا,quwisna-eg1708,30.56,31.163,Menoufia,المنوفية
El-Agamy El-Qibliya - Om Zaghiw,العجمى القبليه - ام زغيو,31.08,29.805,Al Amreia,قسم العامرية,al-amreia-eg0213,30.959,29.828,Alexandria,الاسكندرية
El-Agamy El-Bahariya,العجمي البحرية,31.1,29.761,Al Dikhila,قسم الدخيلة,al-dikhila-eg0212,31.119,29.806,Alexandria,الاسكندرية
El-Agamyin,العجميين,29.336,30.721,Abshaway,مركز أبشواى,abshaway-eg2303,29.374,30.69,Fayoum,الفيوم
El-Agouz,العجوز,28.503,29.129,Bahariya Oasis,قسم الواحاتالبحرية,bahariya-oasis-eg2114,28.452,28.836,Giza,الجيزة
El-Agouza,العجوزة,30.052,31.215,Al-Aguza,قسم العجوزة,al-aguza-eg2102,30.059,31.204,Giza,الجيزة
El-Agouzin,العجوزين,31.181,30.761,Disuq,مركز دسوق,disuq-eg1506,31.15,30.72,Kafr El-Shikh,كفر الشيخ
El-Adar,العدر,27.238,31.09,Assuit,مركز أسيوط,assuit-eg2503,27.117,31.232,Assiut,أسيوط
El-Adl,العدل,30.613,30.19,Abu-l-Matamir,مركز ابوالمطامير,abu-l-matamir-eg1803,30.773,30.144,Behera,البحيرة
El-Adliya,العدلية,31.396,31.78,Dumyat,مركز دمياط,dumyat-eg1102,31.44,31.842,Damietta,دمياط
El-Adliya,العدلية,30.361,31.57,Bilbis,مركز بلبيس,bilbis-eg1308,30.408,31.531,Sharkia,الشرقية
El-Adwa,العدوة,30.627,31.578,Hihya,مركز ههيا,hihya-eg1315,30.652,31.617,Sharkia,الشرقية
El-Adwa,العدوة,29.338,30.933,Fayyum,مركز الفيوم,fayyum-eg2302,29.3,30.955,Fayoum,الفيوم
El-Adawy,العدوي,30.06,31.26,Bab Al-Shariyya,قسم باب الشعرية,bab-al-shariyya-eg0116,30.059,31.258,Cairo,القاهرة
El-Adawiya,العدوية,30.058,31.236,Bulaq,قسم بولاق,bulaq-eg0112,30.062,31.234,Cairo,القاهرة
El-Edayat,العديسات,25.58,32.503,Luxor,مركز الأقصر,luxor-eg2902,25.685,32.588,Luxor,مدينة الأقصر
El-Edayat El-Qibliya,العديسات القبلية,25.567,32.513,Luxor,مركز الأقصر,luxor-eg2902,25.685,32.588,Luxor,مدينة الأقصر
El-Araba El-Sharqiya,العرابه الشرقيه,26.585,31.62,Suhag,مركز سوهاج,suhag-eg2603,26.547,31.655,Suhag,سوهاج
El-Iraqi,العراقي,30.509,31.721,Abu Hammad,مركز أبو حماد,abu-hammad-eg1304,30.543,31.649,Sharkia,الشرقية
El-Iraqiya,العراقية,30.543,30.9,Al-Shuhada,مركز الشهداء,al-shuhada-eg1705,30.601,30.87,Menoufia,المنوفية
El-Arayishiya El-Gedida,العرايشيه الجديدة,30.599,32.271,Ismailiyya 2,قسم ثان الاسماعيلية,ismailiyya-2-eg1902,30.614,32.26,Ismailia,الإسماعيلية
El-Arab,العرب,27.445,33.63,Hurghada 2,قسم ثان الغردقة,hurghada-2-eg3108,27.745,33.08,Red Sea,البحر الأحمر
El-Arabaniyat,العربانيات,30.899,29.498,Burg al-Arab,قسم برج العرب,burg-al-arab-eg0214,30.901,29.494,Alexandria,الاسكندرية
El-Arqoub,العرقوب,31.053,30.048,Kafr Al-Dawwar,مركز كفر الدوار,kafr-al-dawwar-eg1812,31.129,30.038,Behera,البحيرة
El-Arky,العركي,26.017,32.167,Farshut,مركز فرشوط,farshut-eg2710,26.056,32.149,Qena,قنا
El-Orouba,العروبة,30.754,30.368,Al-Dilingat,مركز الدلنجات,al-dilingat-eg1805,30.81,30.49,Behera,البحيرة
El-Aryan,العريان,31.198,31.972,Manzala,مركز المنزلة,manzala-eg1207,31.153,31.958,Dakahlia,الدقهلية
El-Aarid,العريض,31.234,31.319,Bilqas,مركز بلقاس,bilqas-eg1208,31.344,31.379,Dakahlia,الدقهلية
El-Arayqib,العريقيب,31.247,25.307,Salloum,قسم السلوم,salloum-eg3303,30.646,25.255,Matrouh,مطروح
El-Arein Bahary,العرينبحري,27.793,30.746,Markz Mallawi,مركز ملوى,markz-mallawi-eg2412,27.775,30.801,Menia,المنيا
El-Arein Qibly,العرينقبلي,27.768,30.743,Markz Mallawi,مركز ملوى,markz-mallawi-eg2412,27.775,30.801,Menia,المنيا
El-Azazma,العزازمه,31.307,31.749,Fariskur,مركز فارسكور,fariskur-eg1103,31.31,31.733,Damietta,دمياط
El-Azazna,العزازنة,31.12,31.567,Dikirnis,مركز دكرنس,dikirnis-eg1209,31.093,31.78,Dakahlia,الدقهلية
El-Azazy,العزازي,30.736,31.969,Faqus,مركز فاقوس,faqus-eg1312,30.749,31.896,Sharkia,الشرقية
El-Azaziya,العزازية,30.77,31.677,Abu Kabir,مركز أبوكبير,abu-kabir-eg1305,30.733,31.69,Sharkia,الشرقية
El-Azawy,العزاوى,30.841,31.484,Sinbillawin,مركز السنبلاوين,sinbillawin-eg1205,30.883,31.513,Dakahlia,الدقهلية
El-Azayza,العزايزة,26.922,31.339,Al-Ghanayem,مركز الغنايم,al-ghanayem-eg2508,26.922,31.329,Assiut,أسيوط
El-Azab,العزب,30.087,31.26,Al Sharabiyya,قسم الشرابية,al-sharabiyya-eg0118,30.082,31.264,Cairo,القاهرة
El-Azab,العزب,30.123,31.295,Al Matariyya,قسم المطرية,al-matariyya-eg0125,30.128,31.304,Cairo,القاهرة
El-Azab,العزب,31.256,32.289,Al-Arab,قسم العرب,al-arab-eg0302,31.262,32.294,Port Said,بورسعيد
El-Azab,العزب,29.256,30.84,Fayyum,مركز الفيوم,fayyum-eg2302,29.3,30.955,Fayoum,الفيوم
El-Azab,العزب,26.176,32.522,Dishna,مركز دشنا,dishna-eg2706,26.142,32.444,Qena,قنا
El-Ezba,العزبة,30.558,32.632,"Qantara Sharq, al-",قسم القنطرة شرق,qantara-sharq-al-eg1908,30.603,32.55,Ismailia,الإسماعيلية
El-Ezba,العزبة,27.229,30.983,Manfalut,مركز منفلوط,manfalut-eg2512,27.294,30.951,Assiut,أسيوط
El-Ezba El-Hamra,العزبة الحمراء,30.691,30.62,Al-Dilingat,مركز الدلنجات,al-dilingat-eg1805,30.81,30.49,Behera,البحيرة
El-Ezba El-Mostagedda,العزبة المستجدة,26.857,31.451,Tama,مركز طما,tama-eg2613,26.874,31.422,Suhag,سوهاج
El-Ezba w El-Arab,العزبة و العرب,26.573,31.715,Akhmim,مركز أخميم,akhmim-eg2604,26.551,31.715,Suhag,سوهاج
El-Aziza,العزيزة,31.187,31.943,Manzala,مركز المنزلة,manzala-eg1207,31.153,31.958,Dakahlia,الدقهلية
El-Aziziya,العزيزية,30.504,31.295,Minya al-Qamh,مركز منيا القمح,minya-al-qamh-eg1314,30.507,31.369,Sharkia,الشرقية
El-Aziziya,العزيزية,30.859,31.208,Samannud,مركز سمنود,samannud-eg1610,30.95,31.221,Gharbia,الغربية
El-Aziziya,العزيزية,29.873,31.25,Badrashain,مركز البدرشين,badrashain-eg2110,29.824,31.258,Giza,الجيزة
El-Aziziya,العزيزية,29.419,31.045,Tamya,مركز طامية,tamya-eg2306,29.467,30.982,Fayoum,الفيوم
El-Aziziya w Alam El-Haras,العزيزيةوعلم الحرس,30.922,25.776,Sidi Barani,قسم سيدى برانى,sidi-barani-eg3305,30.656,25.886,Matrouh,مطروح
El-Azima,العزيمة,30.682,30.041,Abu-l-Matamir,مركز ابوالمطامير,abu-l-matamir-eg1803,30.773,30.144,Behera,البحيرة
El-Azima,العزيمة,30.658,30.62,Badr,مركز بدر,badr-eg1818,30.547,30.679,Behera,البحيرة
El-Azima,العزيمة,28.255,30.558,Markz Samalut,مركز سمالوط,markz-samalut-eg2408,28.285,30.629,Menia,المنيا
El-Asakra,العساكرة,28.916,30.91,Sumusta,مركز سمسطا,sumusta-eg2208,28.951,30.866,Beni Suef,بنى سويف
El-Asakra,العساكرة,26.299,31.947,Al-Balyana,مركز البلينا,al-balyana-eg2605,26.241,31.944,Suhag,سوهاج
El-Asalta,العس التة,30.514,31.029,Shibin al-Kum,مركز شبين الكوم,shibin-al-kum-eg1702,30.561,30.954,Menoufia,المنوفية
El-Asaliya,العسلية,26.067,32.786,Qina,مركز قنا,qina-eg2702,26.163,32.578,Qena,قنا
El-Oseirat,العسيرات,26.07,32.18,Farshut,مركز فرشوط,farshut-eg2710,26.056,32.149,Qena,قنا
El-Ashmawy,العشماوي,30.049,31.249,Muski,قسم الموسكي,muski-eg0110,30.05,31.252,Cairo,القاهرة
El-Ashy,العشي,25.759,32.721,Tiba police station,مركز شرطة طيبة,tiba-police-station-eg2903,25.738,32.703,Luxor,مدينة الأقصر
El-Asara El-Gedida,العصاره الجديدة,30.137,31.363,Al Salam,قسم السلام,al-salam-eg0132,30.162,31.428,Cairo,القاهرة
El-Asafra,العصافرة,31.158,32.028,Matariyya,مركز المطرية,matariyya-eg1206,31.191,32.004,Dakahlia,الدقهلية
El-Asayid,العصايد,30.779,31.512,Dyarb Nigm,مركز ديرب نجم,dyarb-nigm-eg1310,30.752,31.444,Sharkia,الشرقية
El-Asla,العصلة,28.797,34.619,Dahab,قسم دهب,dahab-eg3506,28.73,34.451,South Sinai,جنوب سيناء
El-Aslougy,العصلوجي,30.553,31.515,Zaqaziq,مركز الزقازيق,zaqaziq-eg1303,30.587,31.581,Sharkia,الشرقية
El-Adayma,العضايمة,25.234,32.599,Isna,مركز إسنا,isna-eg2705,25.365,32.52,Qena,قنا
El-Attar,العطار,30.071,31.25,Shubra,قسم شبرا,shubra-eg0119,30.072,31.25,Cairo,القاهرة
El-Attara,العطارة,30.233,31.305,Shibin al-Qanatir,مركز شبين القناطر,shibin-al-qanatir-eg1405,30.296,31.307,Kalyoubia,القليوبية
El-Attarin Sharq,العطارين شرق,31.195,29.901,Al Attarin,قسم العطارين,al-attarin-eg0206,31.198,29.904,Alexandria,الاسكندرية
El-Attarin Gharb,العطارين غرب,31.193,29.899,Al Attarin,قسم العطارين,al-attarin-eg0206,31.198,29.904,Alexandria,الاسكندرية
El-Atf,العطف,30.424,31.093,Al-Bagur,مركز الباجور,al-bagur-eg1704,30.413,31.032,Menoufia,المنوفية
El-Atf,العطف,31.205,30.513,Al-Mahmudiyya,مركز المحمودية,al-mahmudiyya-eg1806,31.197,30.488,Behera,البحيرة
El-Atf,العطف,29.661,31.278,Ayat,مركز العياط,ayat-eg2112,29.564,31.25,Giza,الجيزة
El-Atouf,العطوف,30.052,31.267,Gamaliyya,قسم الجمالية,gamaliyya-eg0115,30.054,31.265,Cairo,القاهرة
El-Atwy,العطوي,31.339,31.782,Fariskur,مركز فارسكور,fariskur-eg1103,31.31,31.733,Damietta,دمياط
El-Atiyat,العطيات,26.176,32.501,Dishna,مركز دشنا,dishna-eg2706,26.142,32.444,Qena,قنا
El-Atiyat El-Qibliya,العطيات القبلية,27.185,31.239,Alfath,مركز الفتح,alfath-eg2513,27.218,31.212,Assiut,أسيوط
El-Afadra,العفادرة,27.038,31.357,Sahil Silim,مركز ساحل سليم,sahil-silim-eg2507,27.093,31.349,Assiut,أسيوط
El-Aqariya,العقارية,26.257,32.017,Dar al-Salam,مركز دار السلام,dar-al-salam-eg2608,26.274,32.043,Suhag,سوهاج
El-Aqal Bahary,العق البحري,26.982,31.416,Al- Badari,مركز البدارى,al-badari-eg2506,26.946,31.456,Assiut,أسيوط
El-Aqal Qibly,العق القبلي,26.948,31.456,Al- Badari,مركز البدارى,al-badari-eg2506,26.946,31.456,Assiut,أسيوط
El-Aqab,العقب,25.815,32.79,Qus,مركز قوص,qus-eg2707,25.857,32.789,Qena,قنا
El-Oqda,العقدة,30.59,31.397,Minya al-Qamh,مركز منيا القمح,minya-al-qamh-eg1314,30.507,31.369,Sharkia,الشرقية
El-Aqliya,العقلية,28.647,30.73,Markz Al Idwa,مركز العدوة,markz-al-idwa-eg2405,28.696,30.74,Menia,المنيا
El-Akresha,العكريشة,31.162,30.125,Kafr Al-Dawwar,قسم كفرالدوار,kafr-al-dawwar-eg1811,31.137,30.133,Behera,البحيرة
El-Akkour,العكور,31.039,34.114,Shaykh Zuwayd,قسم الشيخ زويد,shaykh-zuwayd-eg3408,30.918,33.971,North Sinai,شمال سيناء
El-Ola,العلا,28.29,30.559,Markz Samalut,مركز سمالوط,markz-samalut-eg2408,28.285,30.629,Menia,المنيا
El-Alaqma,العلاقمة,30.624,31.655,Hihya,مركز ههيا,hihya-eg1315,30.652,31.617,Sharkia,الشرقية
El-Alaqy,العلاقى,23.869,33.041,Aswan,مركز أسوان,aswan-eg2802,23.972,32.831,Aswan,أسوان
El-Alaqy - Tahgeer,العلاقي - تهجير,24.637,32.952,Nasr,مركز نصر,nasr-eg2805,24.373,32.932,Aswan,أسوان
El-Alamiya,العلامية,31.157,31.132,Biyalu,مركز بيلا,biyalu-eg1504,31.32,31.248,Kafr El-Shikh,كفر الشيخ
El-Alamiya,العلامية,30.879,30.502,Al-Dilingat,مركز الدلنجات,al-dilingat-eg1805,30.81,30.49,Behera,البحيرة
El-Alawiya,العلوية,30.579,31.604,Zaqaziq,مركز الزقازيق,zaqaziq-eg1303,30.587,31.581,Sharkia,الشرقية
El-Alawiya,العلوية,29.386,30.66,Abshaway,مركز أبشواى,abshaway-eg2303,29.374,30.69,Fayoum,الفيوم
El-Oleyqat,العليقات,25.933,32.832,Qus,مركز قوص,qus-eg2707,25.857,32.789,Qena,قنا
El-Eleimy,العليمى,30.057,31.234,Bulaq,قسم بولاق,bulaq-eg0112,30.062,31.234,Cairo,القاهرة
El-Ammar El-Koubry,العمار الكبري,30.34,31.127,Tukh,مركز طوخ,tukh-eg1408,30.344,31.19,Kalyoubia,القليوبية
El-Amara,العمارة,30.532,31.636,Abu Hammad,مركز أبو حماد,abu-hammad-eg1304,30.543,31.649,Sharkia,الشرقية
El-Amarna,العمارنة,31.14,31.976,Manzala,مركز المنزلة,manzala-eg1207,31.153,31.958,Dakahlia,الدقهلية
El-Ammariya,العمارية,27.618,30.875,Markz Dir Mawas,مركز دير مواس,markz-dir-mawas-eg2407,27.655,30.79,Menia,المنيا
El-Ammariya El-Sharqiya,العمارية الشرقية,27.611,30.869,Markz Dir Mawas,مركز دير مواس,markz-dir-mawas-eg2407,27.655,30.79,Menia,المنيا
El-Amayda,العمايدة,26.43,31.741,Al-Minshat,مركز المنشأة,al-minshat-eg2607,26.464,31.756,Suhag,سوهاج
El-Amma,العمة,31.008,30.965,Qutur,مركز قطور,qutur-eg1611,30.971,30.97,Gharbia,الغربية
El-Omdan,العمدان,31.221,30.887,Riyad,مركز الرياض,riyad-eg1512,31.321,30.92,Kafr El-Shikh,كفر الشيخ
El-Omda Nagm El-Din El-Zafer,العمدة نجم الدين الظافر,31.554,26.143,Sidi Barani,قسم سيدى برانى,sidi-barani-eg3305,30.656,25.886,Matrouh,مطروح
El-Omraniya El-Sharqiya,العمرانية الشرقية,30.003,31.207,Umraniyya,قسم العمرانية,umraniyya-eg2118,29.993,31.177,Giza,الجيزة
El-Omraniya El-Gharbiya,العمرانية الغربية,29.998,31.198,Umraniyya,قسم العمرانية,umraniyya-eg2118,29.993,31.177,Giza,الجيزة
El-Omrawy,العمراوي,31.275,30.027,Muntazah,قسم المنتزة,muntazah-eg0201,31.264,30.03,Alexandria,الاسكندرية
El-Omra,العمرة,26.145,32.0,Abu Tisht,مركز أبو طشت,abu-tisht-eg2703,26.13,32.086,Qena,قنا
El-Omry,العمري,30.041,31.253,Al Darb al-Ahmar,قسم الدرب الأحمر,al-darb-al-ahmar-eg0114,30.041,31.26,Cairo,القاهرة
El-Omry,العمري,30.783,30.983,Tanta 2,قسم ثان طنطا,tanta-2-eg1602,30.786,30.989,Gharbia,الغربية
El-Omriya,العمرية,30.96,30.434,Damanhur,مركز دمنهور,damanhur-eg1802,31.032,30.527,Behera,البحيرة
El-Amour,العمور,26.633,31.543,Al-Maragha,مركز المراغة,al-maragha-eg2606,26.669,31.588,Suhag,سوهاج
El-Amid,العميد,30.837,29.291,Al-Hammam,قسم الحمام,al-hammam-eg3302,29.804,29.418,Matrouh,مطروح
El-Amid w Kafr Ali El-Sayed,العميدوكفرعلي السيد,30.911,31.555,Tamy Al-Amdid,مركز تمى الأمديد,tamy-al-amdid-eg1216,30.947,31.594,Dakahlia,الدقهلية
El-Ananiya,العنانية,31.376,31.828,Dumyat,مركز دمياط,dumyat-eg1102,31.44,31.842,Damietta,دمياط
El-Anbariya,العنبرية,26.522,31.805,Al-Minshat,مركز المنشأة,al-minshat-eg2607,26.464,31.756,Suhag,سوهاج
El-Awasga,العواسجة,30.62,31.6,Hihya,مركز ههيا,hihya-eg1315,30.652,31.617,Sharkia,الشرقية
El-Awamer,العوامر,30.808,30.658,Itay Al-Barud,مركز إيتاى البارود,itay-al-barud-eg1807,30.886,30.656,Behera,البحيرة
El-Awamer,العوامر,27.305,31.174,Abnub,مركز أبنوب,abnub-eg2504,27.295,31.106,Assiut,أسيوط
El-Awamer El-Gharbiya,العوامر الغربية,26.106,32.056,Abu Tisht,مركز أبو طشت,abu-tisht-eg2703,26.13,32.086,Qena,قنا
El-Awamer Bahary,العوامربحري,26.316,31.84,Girga,مركز جرجا,girga-eg2610,26.307,31.867,Suhag,سوهاج
El-Awamer Qibly,العوامرقبلي,26.309,31.85,Girga,مركز جرجا,girga-eg2610,26.307,31.867,Suhag,سوهاج
El-Awamer w Beni Barza,العوامروبنيبرزة,26.182,32.079,Abu Tisht,مركز أبو طشت,abu-tisht-eg2703,26.13,32.086,Qena,قنا
El-Awamiya,العوامية,26.678,31.649,Saqulta,مركز ساقلته,saqulta-eg2612,26.692,31.663,Suhag,سوهاج
El-Awawna,العواونة,29.118,30.953,Ahnasya,مركز أهناسيا,ahnasya-eg2206,29.102,30.943,Beni Suef,بنى سويف
El-Awayisa,العوايسة,28.296,30.727,Markz Samalut,مركز سمالوط,markz-samalut-eg2408,28.285,30.629,Menia,المنيا
El-Awga,العوجا,30.972,30.544,Damanhur,مركز دمنهور,damanhur-eg1802,31.032,30.527,Behera,البحيرة
El-Awadiya,العوضية,31.211,31.617,Shirbin,مركز شربين,shirbin-eg1210,31.261,31.576,Dakahlia,الدقهلية
El-Oufy,العوفي,29.237,30.698,Atsa,مركز أطسا,atsa-eg2304,29.208,30.767,Fayoum,الفيوم
El-Awakliya,العوكلية,26.182,31.964,Al-Balyana,مركز البلينا,al-balyana-eg2605,26.241,31.944,Suhag,سوهاج
El-Ouna,العونة,27.09,31.353,Sahil Silim,مركز ساحل سليم,sahil-silim-eg2507,27.093,31.349,Assiut,أسيوط
El-Oweidat,العويضات,25.986,32.8,Qift,مركز قفط,qift-eg2711,25.998,32.827,Qena,قنا
El-Oweina,العوينة,25.722,28.131,A-Dakhla Oasis,مركز الوحات الداخلة,a-dakhla-oasis-eg3202,24.803,27.209,New Valley,الوادى الجديد
El-Ayadiya,العيادية,31.233,31.523,Shirbin,مركز شربين,shirbin-eg1210,31.261,31.576,Dakahlia,الدقهلية
El-Ayyash,العياش,31.46,31.299,Burullus,مركز البرلس,burullus-eg1503,31.521,31.273,Kafr El-Shikh,كفر الشيخ
El-Ayayisha,العيايشة,25.827,32.78,Qus,مركز قوص,qus-eg2707,25.857,32.789,Qena,قنا
El-Eisawiya Sharq,العيساويةشرق,26.564,31.805,Akhmim,مركز أخميم,akhmim-eg2604,26.551,31.715,Suhag,سوهاج
El-Eisawiya,العيسوية,29.975,31.241,Basatin,قسم البساتين,basatin-eg0135,29.98,31.293,Cairo,القاهرة
El-Eisawiya,العيسوية,31.26,30.793,Sidi Salim,مركز سيدى سالم,sidi-salim-eg1507,31.31,30.738,Kafr El-Shikh,كفر الشيخ
El-Ein,العين,25.851,29.05,A-Dakhla Oasis,مركز الوحات الداخلة,a-dakhla-oasis-eg3202,24.803,27.209,New Valley,الوادى الجديد
El-Einy,العيني,30.028,31.235,Sayyida Zainab,قسم السيدة زينب,sayyida-zainab-eg0107,30.03,31.242,Cairo,القاهرة
El-Ouyoun,العيون,30.842,30.618,Itay Al-Barud,مركز إيتاى البارود,itay-al-barud-eg1807,30.886,30.656,Behera,البحيرة
El-Ghabat,الغابات,26.177,31.952,Al-Balyana,مركز البلينا,al-balyana-eg2605,26.241,31.944,Suhag,سوهاج
El-Ghaba,الغابة,30.731,31.74,Abu Kabir,مركز أبوكبير,abu-kabir-eg1305,30.733,31.69,Sharkia,الشرقية
El-Ghaba,الغابة,31.134,30.25,Abu Hummus,مركز ابوحمص,abu-hummus-eg1804,31.106,30.31,Behera,البحيرة
El-Ghaba,الغابة,29.246,30.747,Atsa,مركز أطسا,atsa-eg2304,29.208,30.767,Fayoum,الفيوم
El-Ghar,الغار,30.557,31.548,Zaqaziq,مركز الزقازيق,zaqaziq-eg1303,30.587,31.581,Sharkia,الشرقية
El-Gharaqa,الغراقة,30.882,31.337,Aga,مركز أجا,aga-eg1204,30.895,31.313,Dakahlia,الدقهلية
El-Gharbawy,الغرباوي,28.351,30.648,Markz Samalut,مركز سمالوط,markz-samalut-eg2408,28.285,30.629,Menia,المنيا
El-Gharbi b El-Salamiya,الغربيب السلامية,26.052,32.271,Nag Hammadi,مركز نجع حمادى,nag-hammadi-eg2708,26.085,32.297,Qena,قنا
El-Gharbi Bahgoura,الغربيبهجورة,26.031,32.208,Nag Hammadi,مركز نجع حمادى,nag-hammadi-eg2708,26.085,32.297,Qena,قنا
El-Gharbi Qamoula,الغربيقمولا,25.806,32.712,Luxor,مركز الأقصر,luxor-eg2902,25.685,32.588,Luxor,مدينة الأقصر
El-Gharbiya,الغربية,28.175,28.525,Bahariya Oasis,قسم الواحاتالبحرية,bahariya-oasis-eg2114,28.452,28.836,Giza,الجيزة
El-Garaq,الغرق,29.164,30.684,Atsa,مركز أطسا,atsa-eg2304,29.208,30.767,Fayoum,الفيوم
Al-Gharaq Qibli,الغرققبلي,29.124,30.697,Atsa,مركز أطسا,atsa-eg2304,29.208,30.767,Fayoum,الفيوم
Al-Gharaqan,الغرقان,28.296,34.377,Sharm el-Sheikh,قسم شرم الشيخ,sharm-el-sheikh-eg3505,28.08,34.203,South Sinai,جنوب سيناء
Al-Gharqada,الغرقدة,30.342,33.639,Al-Hasna,قسم الحسنة,al-hasna-eg3406,30.288,33.542,North Sinai,شمال سيناء
Al-Gharib,الغريب,30.668,31.263,Zifta,مركز زفتى,zifta-eg1609,30.728,31.215,Gharbia,الغربية
Al-Gharib,الغريب,27.139,31.318,Sahil Silim,مركز ساحل سليم,sahil-silim-eg2507,27.093,31.349,Assiut,أسيوط
Al-Gharira,الغريرة,25.522,32.47,Isna,مركز إسنا,isna-eg2705,25.365,32.52,Qena,قنا
Al-Ghariri,الغريري,30.215,31.312,Shibin al-Qanatir,مركز شبين القناطر,shibin-al-qanatir-eg1405,30.296,31.307,Kalyoubia,القليوبية
Al-Ghurayzat,الغريزات,26.616,31.515,Al-Maragha,مركز المراغة,al-maragha-eg2606,26.669,31.588,Suhag,سوهاج
Al-Ghazali,الغز الي,30.818,31.844,Faqus,مركز فاقوس,faqus-eg1312,30.749,31.896,Sharkia,الشرقية
Al-Ghazawiya,الغزاوية,30.371,31.192,Tukh,مركز طوخ,tukh-eg1408,30.344,31.19,Kalyoubia,القليوبية
Al-Ghafariya,الغفارية,30.361,31.405,Mashtul Al-Suq,مركز مشتول السوق,mashtul-al-suq-eg1316,30.361,31.383,Sharkia,الشرقية
Al-Ghamrawi,الغمراوى,29.085,31.081,Bani Swayf,قسم بنى سويف,bani-swayf-eg2201,29.077,31.097,Beni Suef,بنى سويف
Al-Ghannamiya,الغنامية,30.213,31.004,Ashmun,مركز أشمون,ashmun-eg1703,30.299,31.008,Menoufia,المنوفية
Al-Ghunaymi,الغنيمي,31.132,30.775,Qillin,مركز قلين,qillin-eg1509,31.085,30.817,Kafr El-Shikh,كفر الشيخ
Al-Ghunaymiya,الغنيمية,31.307,31.734,Fariskur,مركز فارسكور,fariskur-eg1103,31.31,31.733,Damietta,دمياط
Al-Ghunaymiya,الغنيمية,26.169,31.974,Al-Balyana,مركز البلينا,al-balyana-eg2605,26.241,31.944,Suhag,سوهاج
Al-Ghawabin,الغوابين,31.337,31.763,Fariskur,مركز فارسكور,fariskur-eg1103,31.31,31.733,Damietta,دمياط
Al-Ghouri,الغوري,30.628,31.054,Birkat Al-Sab,مركز بركة السبع,birkat-al-sab-eg1706,30.651,31.108,Menoufia,المنوفية
Al-Ghouriya,الغورية,30.045,31.262,Al Darb al-Ahmar,قسم الدرب الأحمر,al-darb-al-ahmar-eg0114,30.041,31.26,Cairo,القاهرة
Al-Ghawsa,الغوصة,26.187,32.575,Qina,مركز قنا,qina-eg2702,26.163,32.578,Qena,قنا
Al-Gheita,الغيتة,30.914,30.078,Abu-l-Matamir,مركز ابوالمطامير,abu-l-matamir-eg1803,30.773,30.144,Behera,البحيرة
Al-Fakhri,الفاخرى,31.528,26.074,Sidi Barani,قسم سيدى برانى,sidi-barani-eg3305,30.656,25.886,Matrouh,مطروح
Al-Falouja,الف الوجا,30.61,30.511,Badr,مركز بدر,badr-eg1818,30.547,30.679,Behera,البحيرة
Al-Fath,الفتح,30.87,31.538,Sinbillawin,مركز السنبلاوين,sinbillawin-eg1205,30.883,31.513,Dakahlia,الدقهلية
Al-Fath Al-Gadida,الفتح الجديده,30.962,31.554,Tamy Al-Amdid,مركز تمى الأمديد,tamy-al-amdid-eg1216,30.947,31.594,Dakahlia,الدقهلية
Al-Futouh,الفتوح,31.256,30.602,Fuwwa,مركز فوه,fuwwa-eg1508,31.232,30.564,Kafr El-Shikh,كفر الشيخ
Al-Faggala,الفج الة,30.064,31.25,Al Azbakiyya,قسم الأزبكية,al-azbakiyya-eg0113,30.06,31.246,Cairo,القاهرة
Al-Faddadna,الفدادنة,30.729,31.763,Faqus,مركز فاقوس,faqus-eg1312,30.749,31.896,Sharkia,الشرقية
Al-Farasiya,الفراسية,26.726,31.615,Saqulta,مركز ساقلته,saqulta-eg2612,26.692,31.663,Suhag,سوهاج
Al-Fardan,الفردان,30.723,32.303,"Qantara Gharb, al-",مركز القنطرة,qantara-gharb-al-eg1906,30.742,32.245,Ismailia,الإسماعيلية
Al-Fardan Al-Gadida,الفردان الجديدة,30.566,32.133,Ismailiyya,مركز الاسماعيلية,ismailiyya-eg1904,30.426,32.183,Ismailia,الإسماعيلية
Al-Firdaws wa Al-Kawthar,الفردوس و الكوثر,30.075,31.623,New Cairo-2,قسم ثان القاهرة الجديدة,new-cairo-2-eg0138,30.074,31.582,Cairo,القاهرة
Al-Farastaq,الفرستق,30.919,30.79,Basyun,مركز بسيون,basyun-eg1608,30.959,30.827,Gharbia,الغربية
Al-Fara'ouniya,الفرعونية,30.339,31.053,Ashmun,مركز أشمون,ashmun-eg1703,30.299,31.008,Menoufia,المنوفية
Al-Furusat,الفروسات,31.116,31.901,Manzala,مركز المنزلة,manzala-eg1207,31.153,31.958,Dakahlia,الدقهلية
Al-Fuqa'i,الفقاعي,28.885,30.92,Biba,مركز ببا,biba-eg2207,28.951,30.967,Beni Suef,بنى سويف
Al-Fuqa'i,الفقاعي,27.992,30.721,Markz Abu Qurqas,مركز ابو قرقاص,markz-abu-qurqas-eg2404,27.939,30.77,Menia,المنيا
Al-Fuqaha' Al-Bahariya,الفقهاء البحرية,31.363,30.662,Sidi Salim,مركز سيدى سالم,sidi-salim-eg1507,31.31,30.738,Kafr El-Shikh,كفر الشيخ
Al-Fuqaha' Al-Qibliya,الفقهاء القبلية,31.315,30.692,Sidi Salim,مركز سيدى سالم,sidi-salim-eg1507,31.31,30.738,Kafr El-Shikh,كفر الشيخ
Al-Fant,الفنت,28.759,30.883,Al Fashn,مركز الفشن,al-fashn-eg2204,28.809,30.827,Beni Suef,بنى سويف
Al-Fant Al-Gharbiya,الفنت الغربية,28.789,30.866,Al Fashn,مركز الفشن,al-fashn-eg2204,28.809,30.827,Beni Suef,بنى سويف
Al-Fahmiya,الفهمية,29.454,31.069,Tamya,مركز طامية,tamya-eg2306,29.467,30.982,Fayoum,الفيوم
Al-Fahmiyin,الفهميين,29.6,31.304,Saf,مركز الصف,saf-eg2111,29.62,31.305,Giza,الجيزة
Al-Fawaqsa,الفواقسة,30.629,31.627,Hihya,مركز ههيا,hihya-eg1315,30.652,31.617,Sharkia,الشرقية
Al-Fawwala,الف والة,30.05,31.246,Abdin,قسم عابدين,abdin-eg0109,30.046,31.245,Cairo,القاهرة
Al-Fima,الفيما,27.212,31.245,Alfath,مركز الفتح,alfath-eg2513,27.218,31.212,Assiut,أسيوط
Al-Qabuti,القابوطي,31.244,32.282,Al-Dawahy,قسم الضواحى,al-dawahy-eg0305,31.246,32.28,Port Said,بورسعيد
Al-Qadiriya,القادرية,30.022,31.258,Al Khalifa,قسم الخليفة,al-khalifa-eg0108,30.01,31.296,Cairo,القاهرة
Al-Qara,القارة,26.088,32.078,Abu Tisht,مركز أبو طشت,abu-tisht-eg2703,26.13,32.086,Qena,قنا
Al-Qara - Al-Gara,القارة - الجارة,30.884,25.233,Salloum,قسم السلوم,salloum-eg3303,30.646,25.255,Matrouh,مطروح
Al-Qasimiya,القاسمية,29.208,30.721,Atsa,مركز أطسا,atsa-eg2304,29.208,30.767,Fayoum,الفيوم
Al-Qahir,القاهر,30.74,30.127,Abu-l-Matamir,مركز ابوالمطامير,abu-l-matamir-eg1803,30.773,30.144,Behera,البحيرة
Al-Qayat,القايات,28.656,30.701,Markz Al Idwa,مركز العدوة,markz-al-idwa-eg2405,28.696,30.74,Menia,المنيا
Al-Qabab Al-Sughra,القباب الصغري,31.098,31.571,Dikirnis,مركز دكرنس,dikirnis-eg1209,31.093,31.78,Dakahlia,الدقهلية
Al-Qabab Al-Kubra,القباب الكبري,31.1,31.535,Dikirnis,مركز دكرنس,dikirnis-eg1209,31.093,31.78,Dakahlia,الدقهلية
Al-Qababat,القبابات,29.472,31.258,Atfeh,مركز أطفيح,atfeh-eg2115,29.343,31.25,Giza,الجيزة
Al-Qabari Sharq,القباري شرق,31.176,29.882,Mina Al-Basal,قسم مينا البصل,mina-al-basal-eg0211,31.167,29.88,Alexandria,الاسكندرية
Al-Qabari Gharb,القباري غرب,31.173,29.891,Mina Al-Basal,قسم مينا البصل,mina-al-basal-eg0211,31.167,29.88,Alexandria,الاسكندرية
Al-Qabala,القب الة,28.446,29.153,Bahariya Oasis,قسم الواحاتالبحرية,bahariya-oasis-eg2114,28.452,28.836,Giza,الجيزة
Al-Qubba,القبة,30.089,31.289,Hadaiq Al-Qubba,قسم حدائقالقبة,hadaiq-al-qubba-eg0123,30.086,31.283,Cairo,القاهرة
Al-Qubba,القبة,30.579,31.338,Minya al-Qamh,مركز منيا القمح,minya-al-qamh-eg1314,30.507,31.369,Sharkia,الشرقية
Al-Qibli Samhoud,القبليسمهود,26.138,32.066,Abu Tisht,مركز أبو طشت,abu-tisht-eg2703,26.13,32.086,Qena,قنا
Al-Qibli Qamoula,القبليقمولا,25.784,32.697,Luxor,مركز الأقصر,luxor-eg2902,25.685,32.588,Luxor,مدينة الأقصر
Al-Qubayba,القبيبة,26.059,32.19,Farshut,مركز فرشوط,farshut-eg2710,26.056,32.149,Qena,قنا
Al-Qubaysi,القبيسي,30.066,31.26,Al Zahir,قسم الظاهر,al-zahir-eg0117,30.063,31.268,Cairo,القاهرة
Al-Qubaysat,القبيصات,26.753,31.472,Tahta,مركز طهطا,tahta-eg2614,26.785,31.42,Suhag,سوهاج
Al-Qabila,القبيلة,30.057,31.249,Al Azbakiyya,قسم الأزبكية,al-azbakiyya-eg0113,30.06,31.246,Cairo,القاهرة
Al-Qaratiya,القراطية,31.01,31.114,El Mahalla El Kobra,مركز المحله الكبرى,el-mahalla-el-kobra-eg1607,31.017,31.13,Gharbia,الغربية
Al-Qaraqra,القراقرة,30.541,31.42,Minya al-Qamh,مركز منيا القمح,minya-al-qamh-eg1314,30.507,31.369,Sharkia,الشرقية
Al-Qaramita Sharq,القرامطةشرق,26.65,31.68,Saqulta,مركز ساقلته,saqulta-eg2612,26.692,31.663,Suhag,سوهاج
Al-Qaramita Gharb,القرامطةغرب,26.626,31.665,Suhag,مركز سوهاج,suhag-eg2603,26.547,31.655,Suhag,سوهاج
Al-Qaramous,القراموص,30.675,31.692,Abu Kabir,مركز أبوكبير,abu-kabir-eg1305,30.733,31.69,Sharkia,الشرقية
Al-Qaraya,القرايا,25.284,32.541,Isna,مركز إسنا,isna-eg2705,25.365,32.52,Qena,قنا
Al-Qarayin,القرايين,30.807,31.621,Kafr Saqr,مركز كفر صقر,kafr-saqr-eg1313,30.837,31.675,Sharkia,الشرقية
Al-Qarbiya,القربية,30.042,31.257,Al Darb al-Ahmar,قسم الدرب الأحمر,al-darb-al-ahmar-eg0114,30.041,31.26,Cairo,القاهرة
Al-Qardahi,القرداحي,31.239,30.04,Muntazah,قسم المنتزة,muntazah-eg0201,31.264,30.03,Alexandria,الاسكندرية
Al-Qarshiya,القرشية,30.85,31.118,Santa,مركز السنطة,santa-eg1604,30.773,31.119,Gharbia,الغربية
Al-Qarda,القرضا,31.061,30.956,Kafr Al-Shaykh,مركز كفر الشيخ,kafr-al-shaykh-eg1502,31.2,31.016,Kafr El-Shikh,كفر الشيخ
Al-Qur'an,القرعان,26.297,31.856,Girga,مركز جرجا,girga-eg2610,26.307,31.867,Suhag,سوهاج
Al-Qurna,القرنة,25.742,32.64,Luxor,قسم الأقصر,luxor-eg2901,25.707,32.67,Luxor,مدينة الأقصر
Al-Qarnayn,القرنين,30.909,30.278,Hush Isa,مركز حوش عيسى,hush-isa-eg1808,30.891,30.346,Behera,البحيرة
Al-Qarawi,القروي,31.082,30.355,Abu Hummus,مركز ابوحمص,abu-hummus-eg1804,31.106,30.31,Behera,البحيرة
Al-Qura Al-Siyahiya,القرى السياحية,27.264,33.798,Hurghada 1,قسم أول الغردقة,hurghada-1-eg3101,27.129,33.244,Red Sea,البحر الأحمر
Al-Qura Al-Siyahiya - Ni'ma,القرى السياحية - نعمه,28.032,34.27,Sharm el-Sheikh,قسم شرم الشيخ,sharm-el-sheikh-eg3505,28.08,34.203,South Sinai,جنوب سيناء
Al-Qarya Al-Siyahiya - August,القرية السياحية - أوجست,28.7,34.6,Dahab,قسم دهب,dahab-eg3506,28.73,34.451,South Sinai,جنوب سيناء
Al-Qarya bi Al-Duwayr,القريةب الدوير,26.842,31.36,Tama,مركز طما,tama-eg2613,26.874,31.422,Suhag,سوهاج
Al-Quray'a,القريعة,30.647,33.885,Shaykh Zuwayd,قسم الشيخ زويد,shaykh-zuwayd-eg3408,30.918,33.971,North Sinai,شمال سيناء
Al-Quraynin,القرينين,30.42,31.084,Al-Bagur,مركز الباجور,al-bagur-eg1704,30.413,31.032,Menoufia,المنوفية
Al-Qazaqza,القزاقزة,31.137,32.026,Manzala,مركز المنزلة,manzala-eg1207,31.153,31.958,Dakahlia,الدقهلية
Al-Qasima,القسيمة,30.34,34.503,Qasima,قسم القسيمة,qasima-eg3411,30.464,34.301,North Sinai,شمال سيناء
Al-Qashish,القشيش,30.235,31.293,Shibin al-Qanatir,مركز شبين القناطر,shibin-al-qanatir-eg1405,30.296,31.307,Kalyoubia,القليوبية
Al-Qassasin Al-Gadida,القصاصين الجديدة,30.549,31.979,"Tal al-Kabir, al-",مركز التل الكبير,tal-al-kabir-al-eg1905,30.418,31.933,Ismailia,الإسماعيلية
Al-Qassasin Al-Qadima,القصاصين القديمة,30.53,31.897,"Tal al-Kabir, al-",مركز التل الكبير,tal-al-kabir-al-eg1905,30.418,31.933,Ismailia,الإسماعيلية
Al-Qasaba,القصبة,28.951,30.857,Sumusta,مركز سمسطا,sumusta-eg2208,28.951,30.866,Beni Suef,بنى سويف
Al-Qasr,القصر,31.188,30.473,Al-Mahmudiyya,مركز المحمودية,al-mahmudiyya-eg1806,31.197,30.488,Behera,البحيرة
Al-Qasr,القصر,28.432,28.745,Bahariya Oasis,قسم الواحاتالبحرية,bahariya-oasis-eg2114,28.452,28.836,Giza,الجيزة
Al-Qasr,القصر,27.224,31.22,Alfath,مركز الفتح,alfath-eg2513,27.218,31.212,Assiut,أسيوط
Al-Qasr,القصر,26.091,32.31,Nag Hammadi,مركز نجع حمادى,nag-hammadi-eg2708,26.085,32.297,Qena,قنا
Al-Qasr,القصر,25.896,28.903,A-Dakhla Oasis,مركز الوحات الداخلة,a-dakhla-oasis-eg3202,24.803,27.209,New Valley,الوادى الجديد
Al-Qasr,القصر,31.359,27.068,Marsa Matruh,قسم مرسى مطروح,marsa-matruh-eg3301,30.022,26.997,Matrouh,مطروح
Al-Qasriya,القصرية,31.012,31.204,El Mahalla El Kobra,مركز المحله الكبرى,el-mahalla-el-kobra-eg1607,31.017,31.13,Gharbia,الغربية
Al-Qas'a - Bahari Sikkah Hadid Abu Qir,القصعى - بحرى سكه حديد ابو قير,31.242,29.975,Al Raml,قسم أول الرمل,al-raml-eg0202,31.237,29.986,Alexandria,الاسكندرية
Al-Qas'i Qibli,القصعيقبلي,31.243,29.981,Al Raml,قسم أول الرمل,al-raml-eg0202,31.237,29.986,Alexandria,الاسكندرية
Al-Qada,القضا,25.866,29.34,A-Dakhla Oasis,مركز الوحات الداخلة,a-dakhla-oasis-eg3202,24.803,27.209,New Valley,الوادى الجديد
Al-Qadaba,القضابة,30.952,30.778,Basyun,مركز بسيون,basyun-eg1608,30.959,30.827,Gharbia,الغربية
Al-Qadabi,القضابي,31.272,30.674,Sidi Salim,مركز سيدى سالم,sidi-salim-eg1507,31.31,30.738,Kafr El-Shikh,كفر الشيخ
Al-Qadabi,القضابي,28.796,30.889,Al Fashn,مركز الفشن,al-fashn-eg2204,28.809,30.827,Beni Suef,بنى سويف
Al-Qudat,القضاة,30.83,31.729,Kafr Saqr,مركز كفر صقر,kafr-saqr-eg1313,30.837,31.675,Sharkia,الشرقية
Al-Qata,القطا,30.218,30.965,Imbaba,مركز إمبابة,imbaba-eg2113,30.22,30.963,Giza,الجيزة
Al-Qattara,القطارة,30.532,28.506,Al-Hammam,قسم الحمام,al-hammam-eg3302,29.804,29.418,Matrouh,مطروح
Al-Qattara,القطارة,31.508,25.112,Salloum,قسم السلوم,salloum-eg3303,30.646,25.255,Matrouh,مطروح
Al-Qattamiya,القطاميه,29.978,31.405,New Cairo-3,قسم ثالث القاهرة الجديدة,new-cairo-3-eg0139,29.978,31.456,Cairo,القاهرة
Al-Qatawiya,القطاوية,30.546,31.659,Abu Hammad,مركز أبو حماد,abu-hammad-eg1304,30.543,31.649,Sharkia,الشرقية
Al-Qatayi',القطايع,30.743,31.485,Dyarb Nigm,مركز ديرب نجم,dyarb-nigm-eg1310,30.752,31.444,Sharkia,الشرقية
Al-Qatrani,القطراني,31.515,26.123,Sidi Barani,قسم سيدى برانى,sidi-barani-eg3305,30.656,25.886,Matrouh,مطروح
Al-Qatsha,القطشة,31.132,32.044,Manzala,مركز المنزلة,manzala-eg1207,31.153,31.958,Dakahlia,الدقهلية
Al-Qutna,القطنة,26.861,31.345,Tama,مركز طما,tama-eg2613,26.874,31.422,Suhag,سوهاج
Al-Qattouri,القطوري,29.47,31.205,Ayat,مركز العياط,ayat-eg2112,29.564,31.25,Giza,الجيزة
Al-Qatousha,القطوشة,28.351,30.666,Markz Samalut,مركز سمالوط,markz-samalut-eg2408,28.285,30.629,Menia,المنيا
Al-Qalawat,القلاوات,30.764,30.638,Kum Hamada,مركز كوم حمادة,kum-hamada-eg1813,30.654,30.774,Behera,البحيرة
Al-Qalaya,القلاية,30.056,31.237,Bulaq,قسم بولاق,bulaq-eg0112,30.062,31.234,Cairo,القاهرة
Al-Qalg,القلج,30.175,31.361,Al Khanka,مركز الخانكة,al-khanka-eg1403,30.231,31.358,Kalyoubia,القليوبية
Al-Qulzum,القلزم,30.375,31.303,Shibin al-Qanatir,مركز شبين القناطر,shibin-al-qanatir-eg1405,30.296,31.307,Kalyoubia,القليوبية
Al-Qalshi,القلشي,30.654,30.977,Tala,مركز تلا,tala-eg1707,30.67,30.946,Menoufia,المنوفية
Al-Qal'a,القلعة,26.02,32.825,Qift,مركز قفط,qift-eg2711,25.998,32.827,Qena,قنا
Al-Qal'iya,القلعية,26.102,32.167,Abu Tisht,مركز أبو طشت,abu-tisht-eg2703,26.13,32.086,Qena,قنا
Al-Qallali,القللي,30.062,31.242,Al Azbakiyya,قسم الأزبكية,al-azbakiyya-eg0113,30.06,31.246,Cairo,القاهرة
Al-Qalamoun,القلمون,25.832,28.92,A-Dakhla Oasis,مركز الوحات الداخلة,a-dakhla-oasis-eg3202,24.803,27.209,New Valley,الوادى الجديد
Al-Qalamina,القلمينة,26.103,32.439,Al Waqf,مركز الوقف,al-waqf-eg2712,26.084,32.448,Qena,قنا
Al-Qulay'a,القليعة,28.87,30.804,Al Fashn,مركز الفشن,al-fashn-eg2204,28.809,30.827,Beni Suef,بنى سويف
Al-Qalyoubiya,القليوبية,31.114,31.57,Dikirnis,مركز دكرنس,dikirnis-eg1209,31.093,31.78,Dakahlia,الدقهلية
Al-Qamadira,القمادير,28.222,30.645,Markz Samalut,مركز سمالوط,markz-samalut-eg2408,28.285,30.629,Menia,المنيا
Al-Qamana,القمانة,26.009,32.249,Nag Hammadi,مركز نجع حمادى,nag-hammadi-eg2708,26.085,32.297,Qena,قنا
Al-Qanatirin,القناطرين,30.326,31.035,Ashmun,مركز أشمون,ashmun-eg1703,30.299,31.008,Menoufia,المنوفية
Al-Qanan,القنان,30.887,31.557,Sinbillawin,مركز السنبلاوين,sinbillawin-eg1205,30.883,31.513,Dakahlia,الدقهلية
Al-Qanan,القنان,31.275,31.307,Bilqas,مركز بلقاس,bilqas-eg1208,31.344,31.379,Dakahlia,الدقهلية
Al-Qanan,القنان,25.133,32.74,Adfu,مركز أدفو,adfu-eg2803,25.061,32.957,Aswan,أسوان
Al-Qanawiya,القناوية,26.185,32.613,Qina,مركز قنا,qina-eg2702,26.163,32.578,Qena,قنا
Al-Qanawiya Al-Bahariya,القناوية البحرية,26.039,32.293,Nag Hammadi,مركز نجع حمادى,nag-hammadi-eg2708,26.085,32.297,Qena,قنا
Al-Qani,القني,31.315,30.561,Mitubas,مركز مطوبس,mitubas-eg1510,31.383,30.47,Kafr El-Shikh,كفر الشيخ
Al-Qahwaqiya,القهوقية,31.053,30.581,Al-Rahmaniyya,مركز الرحمانية,al-rahmaniyya-eg1815,31.106,30.584,Behera,البحيرة
Al-Qawasim,القواسم,31.132,27.796,Marsa Matruh,قسم مرسى مطروح,marsa-matruh-eg3301,30.022,26.997,Matrouh,مطروح
Al-Qouta,القوطا,27.244,31.228,Alfath,مركز الفتح,alfath-eg2513,27.218,31.212,Assiut,أسيوط
Al-Qoumisiyoun Sharq,القومسيونشرق,31.285,30.596,Mitubas,مركز مطوبس,mitubas-eg1510,31.383,30.47,Kafr El-Shikh,كفر الشيخ
Al-Qoumisiyoun Gharb,القومسيونغرب,31.279,30.581,Mitubas,مركز مطوبس,mitubas-eg1510,31.383,30.47,Kafr El-Shikh,كفر الشيخ
Al-Qirattiyin,القيراطيين,30.164,31.141,Auseem,مركز أوسيم,auseem-eg2116,30.132,31.142,Giza,الجيزة
Al-Qays,القيس,28.467,30.772,Markz Bani Mazar,مركز بنى مزار,markz-bani-mazar-eg2406,28.518,30.731,Menia,المنيا
Al-Qaytoun,القيطون,30.606,31.319,Mit Ghamr,مركز ميت غمر,mit-ghamr-eg1213,30.708,31.338,Dakahlia,الدقهلية
Al-Kagoug,الكاجوج,24.662,32.942,Kum Umbu,مركز كوم امبو,kum-umbu-eg2804,24.48,32.947,Aswan,أسوان
Al-Kara wa Al-Toubagiya wa Kafr Al-Ghatis,الكارة والطوبجيةوكفر الغاطس,31.182,29.897,Karmuz,قسم كرموز,karmuz-eg0208,31.179,29.904,Alexandria,الاسكندرية
Al-Kashif,الكاشف,31.06,33.852,El Arish 3,قسم ثالث العريش,el-arish-3-eg3403,30.995,33.777,North Sinai,شمال سيناء
Al-Kashif Al-Gadida,الكاشف الجديدة,31.228,31.754,Zarqa,مركز الزرقا,zarqa-eg1107,31.209,31.649,Damietta,دمياط
Al-Kabsh,الكبش,30.029,31.246,Sayyida Zainab,قسم السيدة زينب,sayyida-zainab-eg0107,30.03,31.242,Cairo,القاهرة
Al-Kabsh,الكبش,26.549,31.701,Suhag-2,قسم ثان سوهاج,suhag-2-eg2602,26.543,31.703,Suhag,سوهاج
Al-Kattamiya,الكتامية,30.364,31.049,Al-Bagur,مركز الباجور,al-bagur-eg1704,30.413,31.032,Menoufia,المنوفية
Al-Katiba,الكتيبة,30.431,31.609,Bilbis,مركز بلبيس,bilbis-eg1308,30.408,31.531,Sharkia,الشرقية
Al-Kadaya,الكداية,29.448,31.261,Atfeh,مركز أطفيح,atfeh-eg2115,29.343,31.25,Giza,الجيزة
Al-Karatiya,الكراتية,25.96,32.782,Qus,مركز قوص,qus-eg2707,25.857,32.789,Qena,قنا
Al-Karama,الكرامة,30.86,31.375,Aga,مركز أجا,aga-eg1204,30.895,31.313,Dakahlia,الدقهلية
Al-Karama,الكرامة,31.012,32.694,Rummana,قسم رمانة,rummana-eg3410,30.957,32.699,North Sinai,شمال سيناء
Al-Karama,الكرامه,25.03,32.921,Adfu,مركز أدفو,adfu-eg2803,25.061,32.957,Aswan,أسوان
Al-Kardoud,الكردود,30.869,30.253,Hush Isa,مركز حوش عيسى,hush-isa-eg1808,30.891,30.346,Behera,البحيرة
Al-Kurdi,الكردي,30.061,31.268,Gamaliyya,قسم الجمالية,gamaliyya-eg0115,30.054,31.265,Cairo,القاهرة
Al-Kurdi,الكردي,31.093,30.815,Qillin,مركز قلين,qillin-eg1509,31.085,30.817,Kafr El-Shikh,كفر الشيخ
Al-Karsa,الكرسة,30.759,30.941,Tanta,مركز طنطا,tanta-eg1603,30.809,30.932,Gharbia,الغربية
Al-Karam,الكرم,27.958,30.856,Markz Abu Qurqas,مركز ابو قرقاص,markz-abu-qurqas-eg2404,27.939,30.77,Menia,المنيا
Al-Karma,الكرما,30.676,31.134,Santa,مركز السنطة,santa-eg1604,30.773,31.119,Gharbia,الغربية
Al-Kurama',الكرماء,31.059,31.602,Dikirnis,مركز دكرنس,dikirnis-eg1209,31.093,31.78,Dakahlia,الدقهلية
Al-Kurama' Al-Gadida,الكرماء الجديدة,31.089,31.671,Dikirnis,مركز دكرنس,dikirnis-eg1209,31.093,31.78,Dakahlia,الدقهلية
Al-Karnak,الكرنك,26.072,32.101,Abu Tisht,مركز أبو طشت,abu-tisht-eg2703,26.13,32.086,Qena,قنا
Al-Karnak,الكرنك,25.713,32.66,Luxor,قسم الأقصر,luxor-eg2901,25.707,32.67,Luxor,مدينة الأقصر
Al-Karnak Al-Gadida,الكرنك الجديد,25.721,32.672,Luxor,قسم الأقصر,luxor-eg2901,25.707,32.67,Luxor,مدينة الأقصر
Al-Karimat,الكريمات,29.299,31.228,Atfeh,مركز أطفيح,atfeh-eg2115,29.343,31.25,Giza,الجيزة
Al-Karioun,الكريون,31.128,30.182,Kafr Al-Dawwar,مركز كفر الدوار,kafr-al-dawwar-eg1812,31.129,30.038,Behera,البحيرة
Al-Kashh,الكشح,26.235,32.08,Dar al-Salam,مركز دار السلام,dar-al-salam-eg2608,26.274,32.043,Suhag,سوهاج
Al-Ka'abi Al-Gadida,الكعابي الجديدة,29.388,30.882,Sinuras,مركز سنورس,sinuras-eg2305,29.441,30.815,Fayoum,الفيوم
Al-Ka'abi Al-Qadima,الكعابي القديمة,29.364,30.873,Sinuras,مركز سنورس,sinuras-eg2305,29.441,30.815,Fayoum,الفيوم
Al-Kifah,الكفاح,30.773,30.17,Abu-l-Matamir,مركز ابوالمطامير,abu-l-matamir-eg1803,30.773,30.144,Behera,البحيرة
Al-Kifah,الكفاح,30.63,30.427,Badr,مركز بدر,badr-eg1818,30.547,30.679,Behera,البحيرة
Al-Kifah,الكفاح,26.913,28.121,Al Farafra Oasis,مركز الفرافرة,al-farafra-oasis-eg3203,27.205,26.76,New Valley,الوادى الجديد
Al-Kafr Al-Bahari,الكفر البحري,31.063,30.884,Qillin,مركز قلين,qillin-eg1509,31.085,30.817,Kafr El-Shikh,كفر الشيخ
Al-Kafr Al-Gadida,الكفر الجديد,31.256,31.805,MIt Salsil,مركز ميت سلسيل,mit-salsil-eg1217,31.233,31.792,Dakahlia,الدقهلية
Al-Kafr Al-Gadida,الكفر الجديد,31.197,30.84,Kafr Al-Shaykh,مركز كفر الشيخ,kafr-al-shaykh-eg1502,31.2,31.016,Kafr El-Shikh,كفر الشيخ
Al-Kafr Al-Gadida,الكفر الجديد,31.063,30.652,Al-Rahmaniyya,مركز الرحمانية,al-rahmaniyya-eg1815,31.106,30.584,Behera,البحيرة
Al-Kafr Al-Sharqi,الكفر الشرقي,31.281,31.088,Al Hamul,مركز الحامول,al-hamul-eg1511,31.388,31.075,Kafr El-Shikh,كفر الشيخ
Al-Kafr Al-Qadim,الكفر القديم,30.461,31.583,Bilbis,مركز بلبيس,bilbis-eg1308,30.408,31.531,Sharkia,الشرقية
Al-Kafra Al-Sharqiya,الكفرة الشرقية,30.781,30.995,Tanta 2,قسم ثان طنطا,tanta-2-eg1602,30.786,30.989,Gharbia,الغربية
Al-Kufour wa Sa'i Al-Bahr,الكفوروساعي البحر,30.011,31.23,Misr Al-Qadima,مصرالقديمة,misr-al-qadima-eg0106,30.006,31.242,Cairo,القاهرة
Al-Kalabat,الكلابات,27.197,31.252,Alfath,مركز الفتح,alfath-eg2513,27.218,31.212,Assiut,أسيوط
Al-Kalabiya,الكلابية,25.252,32.614,Isna,مركز إسنا,isna-eg2705,25.365,32.52,Qena,قنا
Al-Kalahin,الكلاحين,26.042,32.789,Qina,مركز قنا,qina-eg2702,26.163,32.578,Qena,قنا
Al-Kalahin,الكلاحين,25.963,32.832,Qift,مركز قفط,qift-eg2711,25.998,32.827,Qena,قنا
Al-Kalalsa,الكل السة,25.871,32.794,Qus,مركز قوص,qus-eg2707,25.857,32.789,Qena,قنا
Al-Kalh Sharq,الكلحشرق,25.071,32.864,Adfu,مركز أدفو,adfu-eg2803,25.061,32.957,Aswan,أسوان
Al-Kalh Gharb,الكلحغرب,25.047,32.842,Adfu,مركز أدفو,adfu-eg2803,25.061,32.957,Aswan,أسوان
Al-Kamal,الكم ال,30.954,31.511,Tamy Al-Amdid,مركز تمى الأمديد,tamy-al-amdid-eg1216,30.947,31.594,Dakahlia,الدقهلية
Al-Kamal,الكم ال,28.137,30.584,Markz Al Minya,مركز المنيا,markz-al-minya-eg2402,28.101,30.641,Menia,المنيا
Al-Kamaliya,الكم الية,30.896,31.164,El Mahalla El Kobra,مركز المحله الكبرى,el-mahalla-el-kobra-eg1607,31.017,31.13,Gharbia,الغربية
Al-Kamayisha,الكمايشة,30.715,30.884,Tala,مركز تلا,tala-eg1707,30.67,30.946,Menoufia,المنوفية
Al-Kanayis,الكنايس,31.184,30.216,Kafr Al-Dawwar,مركز كفر الدوار,kafr-al-dawwar-eg1812,31.129,30.038,Behera,البحيرة
El-Kantala,الكنتلا,29.985,34.619,Nakhl,قسم نخل,nakhl-eg3407,29.909,34.024,North Sinai,شمال سيناء
El-Kanisa,الكنيسة,29.982,31.181,Umraniyya,قسم العمرانية,umraniyya-eg2118,29.993,31.177,Giza,الجيزة
El-Kanisa,الكنيسة,28.757,30.792,Al Fashn,مركز الفشن,al-fashn-eg2204,28.809,30.827,Beni Suef,بنى سويف
El-Kawadi,الكوادي,30.22,31.018,Ashmun,مركز أشمون,ashmun-eg1703,30.299,31.008,Menoufia,المنوفية
El-Kawamel Bahari,الكواملبحري,26.474,31.702,Suhag,مركز سوهاج,suhag-eg2603,26.547,31.655,Suhag,سوهاج
El-Kawamel Qibli,الكواملقبلي,26.448,31.705,Al-Minshat,مركز المنشأة,al-minshat-eg2607,26.464,31.756,Suhag,سوهاج
El-Koubania,الكوبانية,24.244,32.86,Aswan,مركز أسوان,aswan-eg2802,23.972,32.831,Aswan,أسوان
El-Kourdi,الكوردي,26.94,31.436,Sidfa,مركز صدفا,sidfa-eg2511,26.943,31.38,Assiut,أسيوط
El-Koula,الكولة,26.522,31.822,Akhmim,مركز أخميم,akhmim-eg2604,26.551,31.715,Suhag,سوهاج
El-Koum,الكوم,31.291,30.457,Rashid,مركز رشيد,rashid-eg1809,31.379,30.375,Behera,البحيرة
El-Koum El-Ahmar,الكوم الأحمر,30.29,31.269,Shibin al-Qanatir,مركز شبين القناطر,shibin-al-qanatir-eg1405,30.296,31.307,Kalyoubia,القليوبية
El-Koum El-Ahmar,الكوم الأحمر,30.46,30.983,Minuf,مركز منوف,minuf-eg1709,30.46,30.881,Menoufia,المنوفية
El-Koum El-Ahmar,الكوم الأحمر,30.114,31.173,Auseem,مركز أوسيم,auseem-eg2116,30.132,31.142,Giza,الجيزة
El-Koum El-Ahmar,الكوم الأحمر,29.103,31.081,Bani Swayf,مركز بنى سويف,bani-swayf-eg2202,29.098,31.042,Beni Suef,بنى سويف
El-Koum El-Ahmar,الكوم الأحمر,27.017,31.418,Al- Badari,مركز البدارى,al-badari-eg2506,26.946,31.456,Assiut,أسيوط
El-Koum El-Ahmar,الكوم الأحمر,26.07,32.141,Farshut,مركز فرشوط,farshut-eg2710,26.056,32.149,Qena,قنا
El-Koum El-Akhdar,الكوم الأخضر,30.601,31.013,Shibin al-Kum,مركز شبين الكوم,shibin-al-kum-eg1702,30.561,30.954,Menoufia,المنوفية
El-Koum El-Akhdar,الكوم الأخضر,30.946,30.301,Hush Isa,مركز حوش عيسى,hush-isa-eg1808,30.891,30.346,Behera,البحيرة
El-Koum El-Akhdar,الكوم الأخضر,29.986,31.163,Umraniyya,قسم العمرانية,umraniyya-eg2118,29.993,31.177,Giza,الجيزة
El-Koum El-Akhdar,الكوم الأخضر,28.669,30.826,Markz Maghagha,مركز مغاغة,markz-maghagha-eg2410,28.641,30.794,Menia,المنيا
El-Koum El-Asfar,الكوم الأصفر,26.762,31.437,Tahta,مركز طهطا,tahta-eg2614,26.785,31.42,Suhag,سوهاج
El-Koum El-Tawil,الكوم الطويل,31.22,31.09,Biyalu,مركز بيلا,biyalu-eg1504,31.32,31.248,Kafr El-Shikh,كفر الشيخ
El-Koumi,الكومي,29.452,31.028,Tamya,مركز طامية,tamya-eg2306,29.467,30.982,Fayoum,الفيوم
El-Kilo 21,الكيلو 21,30.976,34.305,Rafah,قسم رفح,rafah-eg3409,31.087,34.227,North Sinai,شمال سيناء
El-Kilo 45,الكيلو 45,28.869,33.189,Abu Radis,قسم أبو رديس,abu-radis-eg3503,29.049,33.598,South Sinai,جنوب سيناء
El-Kilo 64,الكيلو 64,30.227,32.964,Al-Hasna,قسم الحسنة,al-hasna-eg3406,30.288,33.542,North Sinai,شمال سيناء
El-Kilo 9,الكيلو 9,28.999,33.203,Abu Radis,قسم أبو رديس,abu-radis-eg3503,29.049,33.598,South Sinai,جنوب سيناء
El-Lahoun,اللاهون,29.263,30.971,Fayyum,مركز الفيوم,fayyum-eg2302,29.3,30.955,Fayoum,الفيوم
El-Lisht,اللشت,29.589,31.228,Ayat,مركز العياط,ayat-eg2112,29.564,31.25,Giza,الجيزة
El-Lehibi,اللهيبى,29.702,31.246,Ayat,مركز العياط,ayat-eg2112,29.564,31.25,Giza,الجيزة
El-Liwaa Amin El-Sherif,اللواء أمين الشريف,30.049,31.251,Muski,قسم الموسكي,muski-eg0110,30.05,31.252,Cairo,القاهرة
El-Liwaa Sabih,اللواء صبيح,26.974,27.709,Al Farafra Oasis,مركز الفرافرة,al-farafra-oasis-eg3203,27.205,26.76,New Valley,الوادى الجديد
El-Louqa,اللوقا,27.092,31.332,Sahil Silim,مركز ساحل سليم,sahil-silim-eg2507,27.093,31.349,Assiut,أسيوط
El-Lowaya,اللوية,31.176,30.591,Al-Mahmudiyya,مركز المحمودية,al-mahmudiyya-eg1806,31.197,30.488,Behera,البحيرة
El-Leqta,الليقطة,25.992,32.853,Qift,مركز قفط,qift-eg2711,25.998,32.827,Qena,قنا
El-Maza,الماظة,30.089,31.341,Misr al-Gadida,قسم مصرالجديدة,misr-al-gadida-eg0128,30.091,31.327,Cairo,القاهرة
El-Malha,الم الحة,30.985,31.517,El Mansora,مركز المنصورة,el-mansora-eg1203,31.053,31.467,Dakahlia,الدقهلية
El-Malaki,الم الكى,23.871,33.033,Aswan,مركز أسوان,aswan-eg2802,23.972,32.831,Aswan,أسوان
El-Malaki - Tahjir,المالكى - تهجير,24.571,33.02,Nasr,مركز نصر,nasr-eg2805,24.373,32.932,Aswan,أسوان
El-May,الماي,30.542,30.976,Shibin al-Kum,مركز شبين الكوم,shibin-al-kum-eg1702,30.561,30.954,Menoufia,المنوفية
El-Mabyada,المبيضة,30.079,31.241,Rud Al-Farag,قسم روضالفرج,rud-al-farag-eg0120,30.075,31.238,Cairo,القاهرة
El-Matania,المتانية,29.573,31.254,Ayat,مركز العياط,ayat-eg2112,29.564,31.25,Giza,الجيزة
El-Metras,المتراس,31.155,29.873,Mina Al-Basal,قسم مينا البصل,mina-al-basal-eg0211,31.167,29.88,Alexandria,الاسكندرية
El-Matouh,المتوه,30.955,31.464,Sinbillawin,مركز السنبلاوين,sinbillawin-eg1205,30.883,31.513,Dakahlia,الدقهلية
El-Masani,المثانى,31.383,26.598,Marsa Matruh,قسم مرسى مطروح,marsa-matruh-eg3301,30.022,26.997,Matrouh,مطروح
El-Mosallas,المثلث,31.281,30.937,Riyad,مركز الرياض,riyad-eg1512,31.321,30.92,Kafr El-Shikh,كفر الشيخ
El-Magabra,المجابرة,26.287,31.877,Girga,مركز جرجا,girga-eg2610,26.307,31.867,Suhag,سوهاج
El-Magazer,المجازر,30.425,31.31,Minya al-Qamh,مركز منيا القمح,minya-al-qamh-eg1314,30.507,31.369,Sharkia,الشرقية
El-Magawrin,المجاورين,30.039,31.27,Minshat Nasir,منشأةناصر,minshat-nasir-eg0134,30.043,31.284,Cairo,القاهرة
El-Magd,المجد,31.085,30.658,Al-Rahmaniyya,مركز الرحمانية,al-rahmaniyya-eg1815,31.106,30.584,Behera,البحيرة
El-Magd,المجد,30.532,30.628,Badr,مركز بدر,badr-eg1818,30.547,30.679,Behera,البحيرة
El-Mogaffaf,المجفف,30.7,31.497,Dyarb Nigm,مركز ديرب نجم,dyarb-nigm-eg1310,30.752,31.444,Sharkia,الشرقية
El-Mogayreh,المجيرح,28.754,34.437,Dahab,قسم دهب,dahab-eg3506,28.73,34.451,South Sinai,جنوب سيناء
El-Mahager,المحاجر,30.041,31.287,Minshat Nasir,منشأةناصر,minshat-nasir-eg0134,30.043,31.284,Cairo,القاهرة
El-Maharza,المحارزة,26.182,32.122,Abu Tisht,مركز أبو طشت,abu-tisht-eg2703,26.13,32.086,Qena,قنا
El-Mahasna,المحاسنة,26.28,31.839,Girga,مركز جرجا,girga-eg2610,26.307,31.867,Suhag,سوهاج
El-Mahamda,المحامدة,26.504,31.697,Suhag,مركز سوهاج,suhag-eg2603,26.547,31.655,Suhag,سوهاج
El-Mahamda El-Bahariya,المحامده البحريه,26.549,31.679,Suhag,مركز سوهاج,suhag-eg2603,26.547,31.655,Suhag,سوهاج
El-Mahamid,المحاميد,25.563,32.449,Armant,مركز أرمنت,armant-eg2704,25.612,32.492,Qena,قنا
El-Mahamid El-Qibliya,المحاميد القبلية,25.548,32.46,Armant,مركز أرمنت,armant-eg2704,25.612,32.492,Qena,قنا
El-Mahgar,المحجر,30.034,31.259,Al Khalifa,قسم الخليفة,al-khalifa-eg0108,30.01,31.296,Cairo,القاهرة
El-Mahras,المحرص,27.84,30.79,Markz Mallawi,مركز ملوى,markz-mallawi-eg2412,27.775,30.801,Menia,المنيا
El-Mahraqa,المحرقة,24.597,32.945,Nasr,مركز نصر,nasr-eg2805,24.373,32.932,Aswan,أسوان
El-Mahrousa,المحروسة,31.233,29.974,Kesm than Al Raml,قسم ثان الرمل,kesm-than-al-raml-eg0217,31.211,29.994,Alexandria,الاسكندرية
El-Mahrousa,المحروسه,26.013,32.761,Qina,مركز قنا,qina-eg2702,26.163,32.578,Qena,قنا
El-Mahsama El-Gedida,المحسمة الجديدة,30.549,32.095,Ismailiyya,مركز الاسماعيلية,ismailiyya-eg1904,30.426,32.183,Ismailia,الإسماعيلية
El-Mahsama El-Qadima,المحسمة القديمة,30.549,32.043,"Tal al-Kabir, al-",مركز التل الكبير,tal-al-kabir-al-eg1905,30.418,31.933,Ismailia,الإسماعيلية
El-Mahalawi,المحلاوى,31.22,31.848,Gamaliyya,مركز الجمالية,gamaliyya-eg1215,31.205,31.852,Dakahlia,الدقهلية
El-Mohammadi,المحمدي,30.075,31.278,Al Wayli,قسم الوايلي,al-wayli-eg0122,30.072,31.283,Cairo,القاهرة
El-Mohammadia,المحمدية,30.557,31.314,Minya al-Qamh,مركز منيا القمح,minya-al-qamh-eg1314,30.507,31.369,Sharkia,الشرقية
El-Mohammadia,المحمديه,31.361,31.636,Kafr Sad,مركز كفر سعد,kafr-sad-eg1104,31.359,31.603,Damietta,دمياط
El-Mahmoudia,المحمودية,31.074,31.714,Dikirnis,مركز دكرنس,dikirnis-eg1209,31.093,31.78,Dakahlia,الدقهلية
El-Mahmoudia,المحمودية,30.667,31.522,Hihya,مركز ههيا,hihya-eg1315,30.652,31.617,Sharkia,الشرقية
El-Mahmoudia,المحمودية,28.895,30.831,Sumusta,مركز سمسطا,sumusta-eg2208,28.951,30.866,Beni Suef,بنى سويف
El-Mahmoudia,المحمودية,29.126,30.619,Atsa,مركز أطسا,atsa-eg2304,29.208,30.767,Fayoum,الفيوم
El-Mahmoudia,المحمودية,27.547,30.8,Dayrut,مركز ديروط,dayrut-eg2510,27.537,30.782,Assiut,أسيوط
El-Makhadma,المخادمة,26.192,32.626,Qina,مركز قنا,qina-eg2702,26.163,32.578,Qena,قنا
El-Makhayid,المخايض,30.976,30.457,Damanhur,مركز دمنهور,damanhur-eg1802,31.032,30.527,Behera,البحيرة
El-Makhzan,المخزن,30.943,31.464,Sinbillawin,مركز السنبلاوين,sinbillawin-eg1205,30.883,31.513,Dakahlia,الدقهلية
El-Makhzan,المخزن,25.917,32.81,Qus,مركز قوص,qus-eg2707,25.857,32.789,Qena,قنا
El-Madamoud,المدامود,25.725,32.703,Tiba police station,مركز شرطة طيبة,tiba-police-station-eg2903,25.738,32.703,Luxor,مدينة الأقصر
El-Modammar,المدمر,26.834,31.451,Tama,مركز طما,tama-eg2613,26.874,31.422,Suhag,سوهاج
El-Madawwar,المدور,27.373,30.9,Manfalut,مركز منفلوط,manfalut-eg2512,27.294,30.951,Assiut,أسيوط
El-Marab'in,المرابعين,31.171,31.003,Kafr Al-Shaykh,مركز كفر الشيخ,kafr-al-shaykh-eg1502,31.2,31.016,Kafr El-Shikh,كفر الشيخ
El-Maraziq,المرازيق,29.811,31.254,Badrashain,مركز البدرشين,badrashain-eg2110,29.824,31.258,Giza,الجيزة
El-Marashda,المراشدة,26.092,32.473,Al Waqf,مركز الوقف,al-waqf-eg2712,26.084,32.448,Qena,قنا
El-Maraqi,المراقي,29.233,25.688,Siwa,مركز سيوة,siwa-eg3306,28.703,25.589,Matrouh,مطروح
El-Marawna,المراونة,27.019,31.373,Al- Badari,مركز البدارى,al-badari-eg2506,26.946,31.456,Assiut,أسيوط
El-Marg El-Bahariya,المرج البحرية,30.159,31.342,Marg,قسم المرج,marg-eg0136,30.156,31.346,Cairo,القاهرة
El-Marg El-Qibliya,المرج القبلية,30.149,31.331,Marg,قسم المرج,marg-eg0136,30.156,31.346,Cairo,القاهرة
El-Markha,المرخاة,28.02,34.338,Sharm el-Sheikh,قسم شرم الشيخ,sharm-el-sheikh-eg3505,28.08,34.203,South Sinai,جنوب سيناء
El-Marsa,المرساة,31.072,31.572,Dikirnis,مركز دكرنس,dikirnis-eg1209,31.093,31.78,Dakahlia,الدقهلية
El-Marghani,المرغني,31.191,29.904,Al Attarin,قسم العطارين,al-attarin-eg0206,31.198,29.904,Alexandria,الاسكندرية
El-Marmah Bahari,المرماح بحرى,29.099,31.093,Bani Swayf,قسم بنى سويف,bani-swayf-eg2201,29.077,31.097,Beni Suef,بنى سويف
El-Marmah Qibli,المرماح قبلى,29.097,31.103,Bani Swayf,قسم بنى سويف,bani-swayf-eg2201,29.077,31.097,Beni Suef,بنى سويف
El-Marwa,المروه,25.026,32.927,Adfu,مركز أدفو,adfu-eg2803,25.061,32.957,Aswan,أسوان
El-Marij,المريج,30.277,31.331,Shibin al-Qanatir,مركز شبين القناطر,shibin-al-qanatir-eg1405,30.296,31.307,Kalyoubia,القليوبية
El-Marih,المريح,30.958,32.717,Rummana,قسم رمانة,rummana-eg3410,30.957,32.699,North Sinai,شمال سيناء
El-Maris,المريس,25.655,32.57,Armant,مركز أرمنت,armant-eg2704,25.612,32.492,Qena,قنا
El-Mazar,المزار,31.205,29.884,Al Gumruk,قسم الجمرك,al-gumruk-eg0210,31.203,29.879,Alexandria,الاسكندرية
El-Mazalwa,المز الوة,26.536,31.671,Suhag,مركز سوهاج,suhag-eg2603,26.547,31.655,Suhag,سوهاج
El-Mosa'ada,المساعدة,30.546,31.398,Minya al-Qamh,مركز منيا القمح,minya-al-qamh-eg1314,30.507,31.369,Sharkia,الشرقية
El-Masa'id,المساعيد,26.351,31.798,Al Usayrat,مركز العسيرات,al-usayrat-eg2617,26.401,31.815,Suhag,سوهاج
El-Masaken El-Eqtesadiya,المساكن الاقتصادية,29.851,31.321,Hilwan,قسم حلوان,hilwan-eg0102,29.854,31.329,Cairo,القاهرة
El-Masanda,المساندة,29.64,31.272,Ayat,مركز العياط,ayat-eg2112,29.564,31.25,Giza,الجيزة
El-Masawiya,المساوية,25.256,32.566,Isna,مركز إسنا,isna-eg2705,25.365,32.52,Qena,قنا
El-Masbat,المسبط,28.857,34.542,Dahab,قسم دهب,dahab-eg3506,28.73,34.451,South Sinai,جنوب سيناء
El-Mostasmerin,المستثمرين,30.617,30.3,Abu-l-Matamir,مركز ابوالمطامير,abu-l-matamir-eg1803,30.773,30.144,Behera,البحيرة
El-Mas'oudi,المسعودي,27.018,31.296,Abu Tig,مركز أبوتيج,abu-tig-eg2505,27.037,31.289,Assiut,أسيوط
El-Masalla Sharq,المسلةشرق,31.202,29.904,Al Attarin,قسم العطارين,al-attarin-eg0206,31.198,29.904,Alexandria,الاسكندرية
El-Masalla Gharb wa Sherif Pasha,المسلةغربوشريفباشا,31.199,29.899,Al Attarin,قسم العطارين,al-attarin-eg0206,31.198,29.904,Alexandria,الاسكندرية
El-Mosallami,المسلمي,30.607,31.642,Hihya,مركز ههيا,hihya-eg1315,30.652,31.617,Sharkia,الشرقية
El-Mosallamiya,المسلمية,30.619,31.559,Zaqaziq,مركز الزقازيق,zaqaziq-eg1303,30.587,31.581,Sharkia,الشرقية
El-Masid,المسيد,30.51,31.674,Abu Hammad,مركز أبو حماد,abu-hammad-eg1304,30.543,31.649,Sharkia,الشرقية
El-Masid,المسيد,28.729,30.727,Markz Al Idwa,مركز العدوة,markz-al-idwa-eg2405,28.696,30.74,Menia,المنيا
El-Masid,المسيد,25.898,32.789,Qus,مركز قوص,qus-eg2707,25.857,32.789,Qena,قنا
El-Masid El-Abyad,المسيد الأبيض,29.075,30.987,Ahnasya,مركز أهناسيا,ahnasya-eg2206,29.102,30.943,Beni Suef,بنى سويف
El-Masin,المسين,30.919,30.516,Al-Dilingat,مركز الدلنجات,al-dilingat-eg1805,30.81,30.49,Behera,البحيرة
El-Masha'la,المشاعلة,30.802,31.734,Abu Kabir,مركز أبوكبير,abu-kabir-eg1305,30.733,31.69,Sharkia,الشرقية
El-Mashawda,المشاودة,26.277,31.902,Girga,مركز جرجا,girga-eg2610,26.307,31.867,Suhag,سوهاج
El-Mashay'a Qibli,المشايعةقبلي,26.918,31.305,Al-Ghanayem,مركز الغنايم,al-ghanayem-eg2508,26.922,31.329,Assiut,أسيوط
El-Mashay'a Bahari,المشايعه بحرى,26.923,31.321,Al-Ghanayem,مركز الغنايم,al-ghanayem-eg2508,26.922,31.329,Assiut,أسيوط
El-Mashraba,المشربة,28.662,34.527,Dahab,قسم دهب,dahab-eg3506,28.73,34.451,South Sinai,جنوب سيناء
El-Moshrek Qibli,المشركقبلي,29.384,30.561,Yousef El sadeq,مركز يوسف الصديق,yousef-el-sadeq-eg2307,29.353,30.586,Fayoum,الفيوم
El-Mashhad El-Husseini,المشهد الحسيني,30.049,31.265,Gamaliyya,قسم الجمالية,gamaliyya-eg0115,30.054,31.265,Cairo,القاهرة
El-Mosalaha,المص الحة,26.063,32.283,Nag Hammadi,مركز نجع حمادى,nag-hammadi-eg2708,26.085,32.297,Qena,قنا
El-Masloub,المصلوب,29.333,31.184,Al Wasta,مركز الواسطى,al-wasta-eg2205,29.324,31.17,Beni Suef,بنى سويف
El-Masna',المصنع,30.377,29.764,Nubariyya West,قسم غرب النوبارية,nubariyya-west-eg1817,30.425,29.897,Behera,البحيرة
El-Mosayleha,المصيلحة,30.549,31.032,Shibin al-Kum,مركز شبين الكوم,shibin-al-kum-eg1702,30.561,30.954,Menoufia,المنوفية
El-Madiq,المضيق,24.655,32.949,Nasr,مركز نصر,nasr-eg2805,24.373,32.932,Aswan,أسوان
El-Matar - El-Faranja,المطار - الفرنجة,28.814,34.024,Sant Katrin,قسم سانت كاترين,sant-katrin-eg3504,28.66,34.052,South Sinai,جنوب سيناء
El-Matahara El-Bahariya,المطاهرة البحرية,28.039,30.823,Markz Al Minya,مركز المنيا,markz-al-minya-eg2402,28.101,30.641,Menia,المنيا
El-Matahara El-Qibliya,المطاهرة القبلية,27.987,30.845,Markz Abu Qurqas,مركز ابو قرقاص,markz-abu-qurqas-eg2404,27.939,30.77,Menia,المنيا
El-Mataw'a,المطاوعة,30.669,31.623,Hihya,مركز ههيا,hihya-eg1315,30.652,31.617,Sharkia,الشرقية
El-Mataw'a,المطاوعة,27.595,30.838,Dayrut,مركز ديروط,dayrut-eg2510,27.537,30.782,Assiut,أسيوط
El-Matariya El-Bahariya,المطرية البحرية,30.119,31.311,Al Matariyya,قسم المطرية,al-matariyya-eg0125,30.128,31.304,Cairo,القاهرة
El-Matariya El-Gharbiya,المطرية الغربية,30.122,31.306,Al Matariyya,قسم المطرية,al-matariyya-eg0125,30.128,31.304,Cairo,القاهرة
El-Matariya El-Qibliya,المطرية القبلية,30.116,31.311,Al Matariyya,قسم المطرية,al-matariyya-eg0125,30.128,31.304,Cairo,القاهرة
El-Motalla,المطلة,31.2,34.164,Rafah,قسم رفح,rafah-eg3409,31.087,34.227,North Sinai,شمال سيناء
El-Matmar,المطمر,27.108,31.327,Sahil Silim,مركز ساحل سليم,sahil-silim-eg2507,27.093,31.349,Assiut,أسيوط
El-Moti'a,المطيعة,27.131,31.284,Assuit,مركز أسيوط,assuit-eg2503,27.117,31.232,Assiut,أسيوط
El-Mazatli,المظاطلي,29.517,31.005,Tamya,مركز طامية,tamya-eg2306,29.467,30.982,Fayoum,الفيوم
El-Ma'abda El-Sharqiya,المعابدة الشرقية,27.337,31.011,Abnub,مركز أبنوب,abnub-eg2504,27.295,31.106,Assiut,أسيوط
El-Ma'abda El-Gharbiya,المعابدة الغربية,27.332,31.0,Abnub,مركز أبنوب,abnub-eg2504,27.295,31.106,Assiut,أسيوط
El-Ma'ali,المع الي,30.517,31.419,Minya al-Qamh,مركز منيا القمح,minya-al-qamh-eg1314,30.507,31.369,Sharkia,الشرقية
El-Mo'tamadiya,المعتمدية,31.033,31.075,El Mahalla El Kobra,مركز المحله الكبرى,el-mahalla-el-kobra-eg1607,31.017,31.13,Gharbia,الغربية
El-Mo'tamadiya,المعتمدية,30.055,31.176,Kardasa,مركز كرداسة,kardasa-eg2120,30.051,31.134,Giza,الجيزة
El-Ma'dasa,المعدسة,30.037,31.276,Minshat Nasir,منشأةناصر,minshat-nasir-eg0134,30.043,31.284,Cairo,القاهرة
El-Ma'diya,المعدية,31.286,30.243,Idku,مركز إدكو,idku-eg1816,31.298,30.325,Behera,البحيرة
El-Ma'raka,المعركة,30.683,30.496,Badr,مركز بدر,badr-eg1818,30.547,30.679,Behera,البحيرة
El-Ma'arri,المعري,25.882,32.777,Qus,مركز قوص,qus-eg2707,25.857,32.789,Qena,قنا
El-Ma'sara,المعصرة,31.217,31.294,Bilqas,مركز بلقاس,bilqas-eg1208,31.344,31.379,Dakahlia,الدقهلية
El-Ma'sara,المعصرة,27.207,31.221,Alfath,مركز الفتح,alfath-eg2513,27.218,31.212,Assiut,أسيوط
El-Ma'sara,المعصرة,25.782,29.019,A-Dakhla Oasis,مركز الوحات الداخلة,a-dakhla-oasis-eg3202,24.803,27.209,New Valley,الوادى الجديد
El-Ma'sara El-Balad,المعصرة البلد,29.909,31.292,Hilwan,قسم حلوان,hilwan-eg0102,29.854,31.329,Cairo,القاهرة
El-Ma'sara El-Mahatta,المعصرة المحطة,29.908,31.302,Hilwan,قسم حلوان,hilwan-eg0102,29.854,31.329,Cairo,القاهرة
El-Ma'sara Bahari,المعصرة بحري,27.708,30.852,Markz Mallawi,مركز ملوى,markz-mallawi-eg2412,27.775,30.801,Menia,المنيا
El-Ma'sara wa Kofourha,المعصرةوكفورها,30.658,31.296,Mit Ghamr,مركز ميت غمر,mit-ghamr-eg1213,30.708,31.338,Dakahlia,الدقهلية
El-Ma'alla,المعلة,25.471,32.525,Isna,مركز إسنا,isna-eg2705,25.365,32.52,Qena,قنا
El-Ma'moura,المعمورة,31.293,30.047,Muntazah,قسم المنتزة,muntazah-eg0201,31.264,30.03,Alexandria,الاسكندرية
El-Ma'in,المعين,29.038,33.307,Abu Radis,قسم أبو رديس,abu-radis-eg3503,29.049,33.598,South Sinai,جنوب سيناء
El-Maghara,المغارة,30.423,33.374,Al-Hasna,قسم الحسنة,al-hasna-eg3406,30.288,33.542,North Sinai,شمال سيناء
El-Maghawri,المغاوري,31.202,29.883,Al Gumruk,قسم الجمرك,al-gumruk-eg0210,31.203,29.879,Alexandria,الاسكندرية
El-Magharbelin,المغربلين,30.041,31.259,Al Darb al-Ahmar,قسم الدرب الأحمر,al-darb-al-ahmar-eg0114,30.041,31.26,Cairo,القاهرة
El-Maghra,المغرة,30.31,28.828,Al-Hammam,قسم الحمام,al-hammam-eg3302,29.804,29.418,Matrouh,مطروح
El-Maghfar,المغفر,30.28,34.22,Qasima,قسم القسيمة,qasima-eg3411,30.464,34.301,North Sinai,شمال سيناء
El-Mafareq,المفارق,30.193,33.403,Al-Hasna,قسم الحسنة,al-hasna-eg3406,30.288,33.542,North Sinai,شمال سيناء
El-Mofregiya,المفرجية,25.838,32.77,Qus,مركز قوص,qus-eg2707,25.857,32.789,Qena,قنا
El-Mafrouza Sharq,المفروزةشرق,31.17,29.885,Mina Al-Basal,قسم مينا البصل,mina-al-basal-eg0211,31.167,29.88,Alexandria,الاسكندرية
El-Mafrouza Gharb,المفروزةغرب,31.165,29.885,Mina Al-Basal,قسم مينا البصل,mina-al-basal-eg0211,31.167,29.88,Alexandria,الاسكندرية
El-Moqatla,المقاتلة,29.399,30.982,Tamya,مركز طامية,tamya-eg2306,29.467,30.982,Fayoum,الفيوم
El-Maqarin,المقارين,25.972,32.791,Qus,مركز قوص,qus-eg2707,25.857,32.789,Qena,قنا
El-Maqate',المقاطع,30.475,31.074,Al-Bagur,مركز الباجور,al-bagur-eg1704,30.413,31.032,Menoufia,المنوفية
El-Maqata'a,المقاطعة,30.895,31.566,Sinbillawin,مركز السنبلاوين,sinbillawin-eg1205,30.883,31.513,Dakahlia,الدقهلية
El-Maqata'a,المقاطعة,31.006,34.06,Shaykh Zuwayd,قسم الشيخ زويد,shaykh-zuwayd-eg3408,30.918,33.971,North Sinai,شمال سيناء
El-Maqatfiya,المقاطفية,29.558,31.27,Ayat,مركز العياط,ayat-eg2112,29.564,31.25,Giza,الجيزة
El-Maqtala,المقتلة,31.564,25.867,Sidi Barani,قسم سيدى برانى,sidi-barani-eg3305,30.656,25.886,Matrouh,مطروح
El-Maqrani,المقراني,29.268,30.64,Yousef El sadeq,مركز يوسف الصديق,yousef-el-sadeq-eg2307,29.353,30.586,Fayoum,الفيوم
El-Maqrabiya,المقربية,25.93,32.791,Qus,مركز قوص,qus-eg2707,25.857,32.789,Qena,قنا
El-Maqadba,المقضبه,30.561,34.056,Qasima,قسم القسيمة,qasima-eg3411,30.464,34.301,North Sinai,شمال سيناء
El-Maks,المكس,31.137,29.839,Al Dikhila,قسم الدخيلة,al-dikhila-eg0212,31.119,29.806,Alexandria,الاسكندرية
El-Maks El-Qibli,المكس القبلي,22.956,30.555,Paris Paris,مركز باريس,paris-paris-eg3204,22.737,30.412,New Valley,الوادى الجديد
El-Malla,الملا,31.127,26.043,Sidi Barani,قسم سيدى برانى,sidi-barani-eg3305,30.656,25.886,Matrouh,مطروح
El-Mallahiya,الملاحية,29.021,31.043,Biba,مركز ببا,biba-eg2207,28.951,30.967,Beni Suef,بنى سويف
El-Mallahiya El-Bahariya,الملاحية البحرية,28.999,31.035,Biba,مركز ببا,biba-eg2207,28.951,30.967,Beni Suef,بنى سويف
El-Malga',الملجأ,30.795,30.994,Tanta 2,قسم ثان طنطا,tanta-2-eg1602,30.786,30.989,Gharbia,الغربية
El-Molhaqat,الملحقات,31.137,30.953,Kafr Al-Shaykh,قسم كفر الشيخ,kafr-al-shaykh-eg1501,31.119,30.941,Kafr El-Shikh,كفر الشيخ
El-Malqa wa Wadi El-Arba'in,الملقاةووادي الأربعين,28.752,33.846,Sant Katrin,قسم سانت كاترين,sant-katrin-eg3504,28.66,34.052,South Sinai,جنوب سيناء
El-Malqa,الملقة,31.315,30.5,Rashid,مركز رشيد,rashid-eg1809,31.379,30.375,Behera,البحيرة
El-Malqa,الملقة,31.089,30.18,Kafr Al-Dawwar,مركز كفر الدوار,kafr-al-dawwar-eg1812,31.129,30.038,Behera,البحيرة
El-Malakiyin El-Bahariya,الملكيين البحرية,30.843,31.917,Al-Husayniya,مركز الحسينية,al-husayniya-eg1306,30.924,32.006,Sharkia,الشرقية
El-Malakiyin El-Qibliya,الملكيين القبلية,30.795,31.948,Al-Husayniya,مركز الحسينية,al-husayniya-eg1306,30.924,32.006,Sharkia,الشرقية
El-Monagat El-Soghra,المناجاة الصغري,30.821,32.017,Al-Husayniya,مركز الحسينية,al-husayniya-eg1306,30.924,32.006,Sharkia,الشرقية
El-Monagat El-Kobra,المناجاة الكبري,30.889,32.072,Al-Husayniya,مركز الحسينية,al-husayniya-eg1306,30.924,32.006,Sharkia,الشرقية
El-Managem,المناجم,28.603,29.069,Bahariya Oasis,قسم الواحاتالبحرية,bahariya-oasis-eg2114,28.452,28.836,Giza,الجيزة
El-Manakh,المناخ,31.266,32.286,Al-Munakh,قسم المناخ,al-munakh-eg0303,31.265,32.287,Port Said,بورسعيد
El-Manashla,المناشلة,31.051,30.636,Shubra Khit,مركز شبراخيت,shubra-khit-eg1810,31.003,30.679,Behera,البحيرة
El-Manashi,المناشي,30.162,31.121,Imbaba,مركز إمبابة,imbaba-eg2113,30.22,30.963,Giza,الجيزة
El-Manashi,المناشي,27.486,30.752,Dayrut,مركز ديروط,dayrut-eg2510,27.537,30.782,Assiut,أسيوط
El-Manasafour,المناصافور,30.802,31.397,Dyarb Nigm,مركز ديرب نجم,dyarb-nigm-eg1310,30.752,31.444,Sharkia,الشرقية
Al-Manasra,المناصرة,30.048,31.253,Muski,قسم الموسكي,muski-eg0110,30.05,31.252,Cairo,القاهرة
Al-Manasra,المناصرة,30.396,31.348,Mashtul Al-Suq,مركز مشتول السوق,mashtul-al-suq-eg1316,30.361,31.383,Sharkia,الشرقية
Al-Manasra,المناصرة و تشمل مطار الجميل - طريق دمياط بورسعيد *,31.237,32.173,Al-Manasra,قسم المناصرة,al-manasra-eg0310,31.237,32.173,Port Said,بورسعيد
Al-Manawat,المناوات,29.923,31.241,Giza,مركز الجيزة,giza-eg2109,29.943,31.213,Giza,الجيزة
Al-Manayef,المنايف,30.502,32.144,Ismailiyya,مركز الاسماعيلية,ismailiyya-eg1904,30.426,32.183,Ismailia,الإسماعيلية
Al-Manayel,المنايل,30.232,31.317,Al Khanka,مركز الخانكة,al-khanka-eg1403,30.231,31.358,Kalyoubia,القليوبية
Al-Manbatah,المنبطح,30.307,34.369,Qasima,قسم القسيمة,qasima-eg3411,30.464,34.301,North Sinai,شمال سيناء
Al-Montazah,المنتزة,30.094,31.32,Misr al-Gadida,قسم مصرالجديدة,misr-al-gadida-eg0128,30.091,31.327,Cairo,القاهرة
Al-Montazah,المنتزه,30.577,31.507,Zaqaziq 1,قسم اول الزقازيق,zaqaziq-1-eg1301,30.585,31.513,Sharkia,الشرقية
Al-Mangam,المنجم,30.389,33.267,Al-Hasna,قسم الحسنة,al-hasna-eg3406,30.288,33.542,North Sinai,شمال سيناء
Al-Mandara,المندرة,30.848,31.265,Aga,مركز أجا,aga-eg1204,30.895,31.313,Dakahlia,الدقهلية
Al-Mandara,المندرة,29.336,30.801,Fayyum,مركز الفيوم,fayyum-eg2302,29.3,30.955,Fayoum,الفيوم
Al-Mandara Bahari,المندرةبحري,31.283,30.016,Muntazah,قسم المنتزة,muntazah-eg0201,31.264,30.03,Alexandria,الاسكندرية
Al-Mandara Bahari,المندرةبحري,27.528,30.836,Dayrut,مركز ديروط,dayrut-eg2510,27.537,30.782,Assiut,أسيوط
Al-Mandara Qibli,المندرةقبلي,27.267,30.98,Manfalut,مركز منفلوط,manfalut-eg2512,27.294,30.951,Assiut,أسيوط
Al-Mandara Qibli,المندره قبلى_تشمل عزبة الجبل,31.267,30.015,Muntazah,قسم المنتزة,muntazah-eg0201,31.264,30.03,Alexandria,الاسكندرية
Al-Mandoura,المندورة,31.237,30.683,Disuq,مركز دسوق,disuq-eg1506,31.15,30.72,Kafr El-Shikh,كفر الشيخ
Al-Manzala,المنزلة,30.347,31.256,Tukh,مركز طوخ,tukh-eg1408,30.344,31.19,Kalyoubia,القليوبية
Al-Mansi,المنسي,30.06,31.262,Bab Al-Shariyya,قسم باب الشعرية,bab-al-shariyya-eg0116,30.059,31.258,Cairo,القاهرة
Al-Mansi Sarhan,المنسي سرحان,30.98,31.167,El Mahalla El Kobra 1,قسم أول المحلة الكبرى,el-mahalla-el-kobra-1-eg1605,30.972,31.172,Gharbia,الغربية
Al-Manshaat Al-Sughra,المنشأة الصغري,30.574,31.262,Kafr Shukr,مركز كفر شكر,kafr-shukr-eg1411,30.554,31.275,Kalyoubia,القليوبية
Al-Manshaat Al-Gedida,المنشأة الجديدة,30.859,31.66,Kafr Saqr,مركز كفر صقر,kafr-saqr-eg1313,30.837,31.675,Sharkia,الشرقية
Al-Manshaat Al-Gedida,المنشأة الجديدة,30.756,31.148,Santa,مركز السنطة,santa-eg1604,30.773,31.119,Gharbia,الغربية
Al-Manshaat Al-Gedida,المنشأة الجديدة,30.459,31.043,Al-Bagur,مركز الباجور,al-bagur-eg1704,30.413,31.032,Menoufia,المنوفية
Al-Manshaat Al-Sughra,المنشأة الصغري,31.091,30.854,Qillin,مركز قلين,qillin-eg1509,31.085,30.817,Kafr El-Shikh,كفر الشيخ
Al-Manshaat Al-Sughra,المنشأة الصغري,27.397,30.806,Al-Qusia,مركز القوصية,al-qusia-eg2509,27.403,30.826,Assiut,أسيوط
Al-Manshaat Al-Kubra,المنشأة الكبري,30.587,31.276,Kafr Shukr,مركز كفر شكر,kafr-shukr-eg1411,30.554,31.275,Kalyoubia,القليوبية
Al-Manshaat Al-Kubra,المنشأة الكبري,31.054,30.887,Qillin,مركز قلين,qillin-eg1509,31.085,30.817,Kafr El-Shikh,كفر الشيخ
Al-Manshaat Al-Kubra,المنشأة الكبري,30.724,31.156,Santa,مركز السنطة,santa-eg1604,30.773,31.119,Gharbia,الغربية
Al-Manshaat Al-Kubra,المنشأة الكبري,27.363,30.801,Al-Qusia,مركز القوصية,al-qusia-eg2509,27.403,30.826,Assiut,أسيوط
Al-Manshalin,المنشلين,31.046,30.803,Qillin,مركز قلين,qillin-eg1509,31.085,30.817,Kafr El-Shikh,كفر الشيخ
Al-Manshiya,المنشية,30.472,31.525,Bilbis,مركز بلبيس,bilbis-eg1308,30.408,31.531,Sharkia,الشرقية
Al-Manshiya,المنشية,31.253,30.634,Fuwwa,مركز فوه,fuwwa-eg1508,31.232,30.564,Kafr El-Shikh,كفر الشيخ
Al-Manshiya Al-Ibrahimia,المنشية الابراهيمية,30.959,30.482,Damanhur,مركز دمنهور,damanhur-eg1802,31.032,30.527,Behera,البحيرة
Al-Manshiya Al-Bahariya,المنشية البحرية,31.237,30.017,Muntazah,قسم المنتزة,muntazah-eg0201,31.264,30.03,Alexandria,الاسكندرية
Al-Manshiya Al-Gedida,المنشية الجديدة,30.921,30.439,Al-Dilingat,مركز الدلنجات,al-dilingat-eg1805,30.81,30.49,Behera,البحيرة
Al-Manshiya Al-Gedida,المنشية الجديدة,24.666,32.953,Kum Umbu,مركز كوم امبو,kum-umbu-eg2804,24.48,32.947,Aswan,أسوان
Al-Manshiya Al-Kubra,المنشية الكبري,31.198,29.894,Al Manshiyya,قسم المنشية,al-manshiyya-eg0207,31.198,29.892,Alexandria,الاسكندرية
Al-Manshiya,المنشيه,30.591,31.494,Zaqaziq 2,قسم ثان الزقازيق,zaqaziq-2-eg1302,30.601,31.519,Sharkia,الشرقية
Al-Manshiya,المنشيه,30.452,31.2,Banha,قسم بنها,banha-eg1401,30.466,31.19,Kalyoubia,القليوبية
Al-Mansoura,المنصورة,29.231,31.043,Nasir,مركز ناصر,nasir-eg2209,29.187,31.078,Beni Suef,بنى سويف
Al-Mansouriya,المنصورية,30.05,31.272,Gamaliyya,قسم الجمالية,gamaliyya-eg0115,30.054,31.265,Cairo,القاهرة
Al-Mansouriya,المنصورية,30.126,31.07,Imbaba,مركز إمبابة,imbaba-eg2113,30.22,30.963,Giza,الجيزة
Al-Mansouriya,المنصورية,24.449,32.918,Daraw,مركز دراو,daraw-eg2806,24.326,33.001,Aswan,أسوان
Al-Mintaqa Al-Sadisa,المنطقة السادسة,30.063,31.349,Nasr City,قسم أول مدينة نصر,nasr-city-eg0126,30.032,31.369,Cairo,القاهرة
Al-Mintaqa Al-Sina'iya,المنطقة الصناعية,27.282,33.732,Hurghada 1,قسم أول الغردقة,hurghada-1-eg3101,27.129,33.244,Red Sea,البحر الأحمر
Al-Mintaqa Al-Oula,المنطقة الأولي,30.061,31.333,Nasr City,قسم أول مدينة نصر,nasr-city-eg0126,30.032,31.369,Cairo,القاهرة
Al-Mintaqa Al-Tasi'a,المنطقة التاسعة,30.053,31.365,Nasr City,قسم أول مدينة نصر,nasr-city-eg0126,30.032,31.369,Cairo,القاهرة
Al-Mintaqa Al-Tamina,المنطقة الثامنة,30.051,31.349,Nasr City,قسم أول مدينة نصر,nasr-city-eg0126,30.032,31.369,Cairo,القاهرة
Al-Mintaqa Al-Sabi'a,المنطقة السابعة,30.041,31.336,Nasr City,قسم أول مدينة نصر,nasr-city-eg0126,30.032,31.369,Cairo,القاهرة
Al-Mintaqa Al-Ashira,المنطقة العاشرة,30.054,31.376,Nasr City,قسم أول مدينة نصر,nasr-city-eg0126,30.032,31.369,Cairo,القاهرة
Al-Mintaqa Al-Sina'iya,المنطقه الصناعيه,29.982,31.476,New Cairo-3,قسم ثالث القاهرة الجديدة,new-cairo-3-eg0139,29.978,31.456,Cairo,القاهرة
Al-Minya,المنيا,29.735,31.316,Saf,مركز الصف,saf-eg2111,29.62,31.305,Giza,الجيزة
Al-Minya,المنيا,29.224,30.764,Atsa,مركز أطسا,atsa-eg2304,29.208,30.767,Fayoum,الفيوم
Al-Mounib,المنيب,29.984,31.199,Giza,قسم الجيزة,giza-eg2104,29.999,31.216,Giza,الجيزة
Al-Minya,المنية,30.179,31.334,Al Khanka,مركز الخانكة,al-khanka-eg1403,30.231,31.358,Kalyoubia,القليوبية
Al-Mounir,المنير,30.314,31.382,Mashtul Al-Suq,مركز مشتول السوق,mashtul-al-suq-eg1316,30.361,31.383,Sharkia,الشرقية
Al-Mounira,المنيرة,30.24,31.124,Qanatir Al-Khayriyya,مركز القناطر الخيرية,qanatir-al-khayriyya-eg1404,30.214,31.135,Kalyoubia,القليوبية
Al-Mounira,المنيرة,30.082,31.206,Imbaba,قسم امبابه,imbaba-eg2101,30.083,31.21,Giza,الجيزة
Al-Mounira,المنيرة,25.83,30.507,Al-Kharga Oasis,مركز الواحات الخارجة,al-kharga-oasis-eg3201,24.964,31.013,New Valley,الوادى الجديد
Al-Manyal,المنيل,31.115,31.398,Talkha,مركز طلخا,talkha-eg1211,31.109,31.383,Dakahlia,الدقهلية
Al-Manyal Al-Sharqi,المنيل الشرقي,30.024,31.229,Misr Al-Qadima,مصرالقديمة,misr-al-qadima-eg0106,30.006,31.242,Cairo,القاهرة
Al-Manyal Al-Gharbi,المنيل الغربي,30.027,31.225,Misr Al-Qadima,مصرالقديمة,misr-al-qadima-eg0106,30.006,31.242,Cairo,القاهرة
Al-Mohajireen,المهاجرين,31.223,30.019,Muntazah,قسم المنتزة,muntazah-eg0201,31.264,30.03,Alexandria,الاسكندرية
Al-Mahdi,المهدي,30.783,30.142,Abu-l-Matamir,مركز ابوالمطامير,abu-l-matamir-eg1803,30.773,30.144,Behera,البحيرة
Al-Mahdiya,المهدية,30.897,29.967,Abu-l-Matamir,مركز ابوالمطامير,abu-l-matamir-eg1803,30.773,30.144,Behera,البحيرة
Al-Mahdiya,المهدية,31.068,34.282,Rafah,قسم رفح,rafah-eg3409,31.087,34.227,North Sinai,شمال سيناء
Al-Mawajed,المواجد,31.14,31.851,Manzala,مركز المنزلة,manzala-eg1207,31.153,31.958,Dakahlia,الدقهلية
Al-Mawatin,المواطين,26.878,31.402,Tama,مركز طما,tama-eg2613,26.874,31.422,Suhag,سوهاج
Al-Mawanisa,الموانسة,30.819,31.633,Kafr Saqr,مركز كفر صقر,kafr-saqr-eg1313,30.837,31.675,Sharkia,الشرقية
Al-Mawadda,المودة,28.541,30.81,Markz Bani Mazar,مركز بنى مزار,markz-bani-mazar-eg2406,28.518,30.731,Menia,المنيا
Al-Mawshiya,الموشية,25.859,28.906,A-Dakhla Oasis,مركز الوحات الداخلة,a-dakhla-oasis-eg3202,24.803,27.209,New Valley,الوادى الجديد
Al-Mawlid Al-Nabawi,المولد النبوى,29.075,31.108,Bani Swayf,قسم بنى سويف,bani-swayf-eg2201,29.077,31.097,Beni Suef,بنى سويف
Al-Mawhoub,الموهوب,26.04,28.49,A-Dakhla Oasis,مركز الوحات الداخلة,a-dakhla-oasis-eg3202,24.803,27.209,New Valley,الوادى الجديد
Al-Midan,الميدان,31.051,33.538,El Arish 4,قسم رابع العريش,el-arish-4-eg3404,30.851,33.596,North Sinai,شمال سيناء
Al-Misat,الميساة,30.815,31.465,Dyarb Nigm,مركز ديرب نجم,dyarb-nigm-eg1310,30.752,31.444,Sharkia,الشرقية
Al-Maimoun,الميمون,29.238,31.175,Al Wasta,مركز الواسطى,al-wasta-eg2205,29.324,31.17,Beni Suef,بنى سويف
Al-Maimouna,الميمونة,30.609,31.387,Minya al-Qamh,مركز منيا القمح,minya-al-qamh-eg1314,30.507,31.369,Sharkia,الشرقية
Al-Minaa,الميناء,27.324,33.694,Hurghada 1,قسم أول الغردقة,hurghada-1-eg3101,27.129,33.244,Red Sea,البحر الأحمر
Al-Maihi,الميهي,30.927,31.612,Tamy Al-Amdid,مركز تمى الأمديد,tamy-al-amdid-eg1216,30.947,31.594,Dakahlia,الدقهلية
Al-Nadi Al-Ahli,النادي الأهلي,30.074,31.365,Nasr City,قسم أول مدينة نصر,nasr-city-eg0126,30.032,31.369,Cairo,القاهرة
Al-Nasser,الناصر,30.809,30.1,Abu-l-Matamir,مركز ابوالمطامير,abu-l-matamir-eg1803,30.773,30.144,Behera,البحيرة
Al-Nassera,الناصرة,31.06,31.558,Mahalet Demna,مركز محلة دمنة,mahalet-demna-eg1219,31.09,31.513,Dakahlia,الدقهلية
Al-Nasseriya,الناصرية,31.262,31.754,Fariskur,مركز فارسكور,fariskur-eg1103,31.31,31.733,Damietta,دمياط
Al-Nasseriya,الناصرية,30.894,31.879,Al-Husayniya,مركز الحسينية,al-husayniya-eg1306,30.924,32.006,Sharkia,الشرقية
Al-Nasseriya,الناصرية,31.172,31.082,Biyalu,مركز بيلا,biyalu-eg1504,31.32,31.248,Kafr El-Shikh,كفر الشيخ
Al-Nasseriya,الناصرية,30.947,31.226,Samannud,مركز سمنود,samannud-eg1610,30.95,31.221,Gharbia,الغربية
Al-Nasseriya,الناصرية,29.516,31.222,Ayat,مركز العياط,ayat-eg2112,29.564,31.25,Giza,الجيزة
Al-Nasseriya,الناصرية,29.346,31.017,Fayyum,مركز الفيوم,fayyum-eg2302,29.3,30.955,Fayoum,الفيوم
Al-Nasseriya,الناصريه,31.273,30.047,Muntazah,قسم المنتزة,muntazah-eg0201,31.264,30.03,Alexandria,الاسكندرية
Al-Nasseriya,الناصريه,30.317,31.212,Qaha,قسم قها,qaha-eg1414,30.293,31.215,Kalyoubia,القليوبية
Al-Nasseriya,الناصريه,28.554,30.852,Markz Bani Mazar,مركز بنى مزار,markz-bani-mazar-eg2406,28.518,30.731,Menia,المنيا
Al-Nawiya,الناوية,31.005,31.267,Samannud,مركز سمنود,samannud-eg1610,30.95,31.221,Gharbia,الغربية
Al-Nabi Saleh,النبى صالح,28.787,33.977,Sant Katrin,قسم سانت كاترين,sant-katrin-eg3504,28.66,34.052,South Sinai,جنوب سيناء
Al-Nabira,النبيرة,30.902,30.567,Itay Al-Barud,مركز إيتاى البارود,itay-al-barud-eg1807,30.886,30.656,Behera,البحيرة
Al-Natila,النتيلة,29.956,33.412,Nakhl,قسم نخل,nakhl-eg3407,29.909,34.024,North Sinai,شمال سيناء
Al-Nagah,النجاح,30.671,30.565,Badr,مركز بدر,badr-eg1818,30.547,30.679,Behera,البحيرة
Al-Nagah,النجاح,28.494,30.69,Markz Bani Mazar,مركز بنى مزار,markz-bani-mazar-eg2406,28.518,30.731,Menia,المنيا
Al-Nagah,النجاح,31.015,32.955,Bir Al-Abd,قسم بئر العبد,bir-al-abd-eg3405,30.69,33.102,North Sinai,شمال سيناء
Al-Naggareen,النجارين,31.35,31.761,Fariskur,مركز فارسكور,fariskur-eg1103,31.31,31.733,Damietta,دمياط
Al-Nagaa Al-Gedid,النجع الجديد,31.19,29.892,A L Labban,قسم اللبان,a-l-labban-eg0209,31.191,29.892,Alexandria,الاسكندرية
Al-Nagaa Al-Qadim,النجع القديم,31.187,29.891,A L Labban,قسم اللبان,a-l-labban-eg0209,31.191,29.892,Alexandria,الاسكندرية
Al-Negma wal Hamran,النجمة والحمران,26.16,32.133,Abu Tisht,مركز أبو طشت,abu-tisht-eg2703,26.13,32.086,Qena,قنا
Al-Nogou',النجوع,25.36,32.519,Isna,مركز إسنا,isna-eg2705,25.365,32.52,Qena,قنا
Al-Nogou',النجوع,26.023,32.189,Farshut,مركز فرشوط,farshut-eg2710,26.056,32.149,Qena,قنا
Al-Nogou' Qibli,النجوعقبلي,25.349,32.543,Isna,مركز إسنا,isna-eg2705,25.365,32.52,Qena,قنا
Al-Nageigi,النجيجي,30.875,31.85,Al-Husayniya,مركز الحسينية,al-husayniya-eg1306,30.924,32.006,Sharkia,الشرقية
Al-Nageila,النجيلة,30.729,30.763,Kum Hamada,مركز كوم حمادة,kum-hamada-eg1813,30.654,30.774,Behera,البحيرة
Al-Nageili wa Awlad Al-Sheikh,النجيليوأولاد الشيخ,30.886,30.216,Abu-l-Matamir,مركز ابوالمطامير,abu-l-matamir-eg1803,30.773,30.144,Behera,البحيرة
Al-Nahariya,النحارية,30.871,30.843,Kafr Al-Zayyat,مركز كفر الزيات,kafr-al-zayyat-eg1612,30.807,30.835,Gharbia,الغربية
Al-Nahhasin,النحاسين,30.864,31.817,Faqus,مركز فاقوس,faqus-eg1312,30.749,31.896,Sharkia,الشرقية
Al-Nahhal,النح ال,30.588,31.515,Zaqaziq 1,قسم اول الزقازيق,zaqaziq-1-eg1301,30.585,31.513,Sharkia,الشرقية
Al-Nahhal,النح ال,27.951,30.759,Markz Abu Qurqas,مركز ابو قرقاص,markz-abu-qurqas-eg2404,27.939,30.77,Menia,المنيا
Al-Nakhkhas,النخاس,30.634,31.428,Zaqaziq,مركز الزقازيق,zaqaziq-eg1303,30.587,31.581,Sharkia,الشرقية
Al-Nakhla Al-Bahariya,النخلة البحرية,31.19,30.334,Abu Hummus,مركز ابوحمص,abu-hummus-eg1804,31.106,30.31,Behera,البحيرة
Al-Nakhila,النخيلة,27.014,31.33,Abu Tig,مركز أبوتيج,abu-tig-eg2505,27.037,31.289,Assiut,أسيوط
Al-Narges Al-Mustathmireen Al-Ganoubiya,النرجس المستثمرين الجنوبيه,30.015,31.475,New Cairo-1,قسم أول القاهرة الجديدة,new-cairo-1-eg0137,30.024,31.55,Cairo,القاهرة
Al-Nazl,النزل,31.158,31.673,Minya Al-Nasr,مركز منية النصر,minya-al-nasr-eg1214,31.154,31.707,Dakahlia,الدقهلية
Al-Nazla,النزلة وتشمل الربع,29.297,30.646,Yousef El sadeq,مركز يوسف الصديق,yousef-el-sadeq-eg2307,29.353,30.586,Fayoum,الفيوم
Al-Nazla Al-Mustagedda,النزلة المستجدة,27.071,31.384,Sahil Silim,مركز ساحل سليم,sahil-silim-eg2507,27.093,31.349,Assiut,أسيوط
Al-Nozha Al-Bahariya,النزه البحريه,26.711,31.447,Guhayna Al-Gharbiyya,مركز جهينة الغربية,guhayna-al-gharbiyya-eg2611,26.689,31.471,Suhag,سوهاج
Al-Nozha,النزهة,30.104,31.339,Nuzha,قسم النزهة,nuzha-eg0129,30.115,31.389,Cairo,القاهرة
Al-Nozha,النزهة,31.102,31.473,El Mansora,مركز المنصورة,el-mansora-eg1203,31.053,31.467,Dakahlia,الدقهلية
Al-Nasayma,النسايمة,31.217,31.987,Manzala,مركز المنزلة,manzala-eg1207,31.153,31.958,Dakahlia,الدقهلية
Al-Nassimiya,النسيمية,31.015,31.562,El Mansora,مركز المنصورة,el-mansora-eg1203,31.053,31.467,Dakahlia,الدقهلية
Al-Nashra,النشرة,31.259,31.368,Bilqas,مركز بلقاس,bilqas-eg1208,31.344,31.379,Dakahlia,الدقهلية
Al-Nashw Al-Bahari,النش والبحري,31.151,30.169,Kafr Al-Dawwar,مركز كفر الدوار,kafr-al-dawwar-eg1812,31.129,30.038,Behera,البحيرة
Al-Nassariya,النصارية,29.338,30.687,Abshaway,مركز أبشواى,abshaway-eg2303,29.374,30.69,Fayoum,الفيوم
Al-Nasb,النصب,29.094,33.295,Abu Radis,قسم أبو رديس,abu-radis-eg3503,29.049,33.598,South Sinai,جنوب سيناء
Al-Nasr,النصر,30.061,31.266,Bab Al-Shariyya,قسم باب الشعرية,bab-al-shariyya-eg0116,30.059,31.258,Cairo,القاهرة
Al-Nasr,النصر,30.51,31.801,Abu Hammad,مركز أبو حماد,abu-hammad-eg1304,30.543,31.649,Sharkia,الشرقية
Al-Nasr,النصر,30.601,32.14,"Qantara Gharb, al-",مركز القنطرة,qantara-gharb-al-eg1906,30.742,32.245,Ismailia,الإسماعيلية
Al-Nasr,النصر,31.285,26.911,Marsa Matruh,قسم مرسى مطروح,marsa-matruh-eg3301,30.022,26.997,Matrouh,مطروح
Al-Nasr,النصر,31.02,32.884,Bir Al-Abd,قسم بئر العبد,bir-al-abd-eg3405,30.69,33.102,North Sinai,شمال سيناء
Al-Nasr,النصر - الكيلو 85 طريق سفاجا-قنا,26.574,33.291,Safaga,قسم سفاجا,safaga-eg3103,26.732,33.46,Red Sea,البحر الأحمر
Al-Nasseriya,النصرية,27.615,30.804,Markz Dir Mawas,مركز دير مواس,markz-dir-mawas-eg2407,27.655,30.79,Menia,المنيا
Al-Nuseirat,النصيرات,26.279,32.032,Dar al-Salam,مركز دار السلام,dar-al-salam-eg2608,26.274,32.043,Suhag,سوهاج
Al-Nidal,النض ال,25.025,32.919,Adfu,مركز أدفو,adfu-eg2803,25.061,32.957,Aswan,أسوان
Al-Nattaf,النطاف,31.113,30.913,Kafr Al-Shaykh,مركز كفر الشيخ,kafr-al-shaykh-eg1502,31.2,31.016,Kafr El-Shikh,كفر الشيخ
Al-Nizam,النظام,30.577,31.512,Zaqaziq 1,قسم اول الزقازيق,zaqaziq-1-eg1301,30.585,31.513,Sharkia,الشرقية
Al-Na'amna,النعامنة,30.466,31.394,Minya al-Qamh,مركز منيا القمح,minya-al-qamh-eg1314,30.507,31.369,Sharkia,الشرقية
Al-Na'na'iya,النعناعية,30.27,31.071,Ashmun,مركز أشمون,ashmun-eg1703,30.299,31.008,Menoufia,المنوفية
Al-Nighamish,النغاميش,26.23,32.052,Dar al-Salam,مركز دار السلام,dar-al-salam-eg2608,26.274,32.043,Suhag,سوهاج
Al-Naqrash,النقراش,30.899,30.615,Itay Al-Barud,مركز إيتاى البارود,itay-al-barud-eg1807,30.886,30.656,Behera,البحيرة
Al-Naqidi,النقيدي,30.789,30.696,Kum Hamada,مركز كوم حمادة,kum-hamada-eg1813,30.654,30.774,Behera,البحيرة
Al-Nakkariya,النكارية,30.602,31.46,Zaqaziq,مركز الزقازيق,zaqaziq-eg1303,30.587,31.581,Sharkia,الشرقية
Al-Namayisa,النمايسة,27.161,31.254,Assuit,مركز أسيوط,assuit-eg2503,27.117,31.232,Assiut,أسيوط
Al-Namrout,النمروط,30.69,31.787,Faqus,مركز فاقوس,faqus-eg1312,30.749,31.896,Sharkia,الشرقية
Al-Nimriya,النمرية,30.846,30.219,Abu-l-Matamir,مركز ابوالمطامير,abu-l-matamir-eg1803,30.773,30.144,Behera,البحيرة
Al-Namsa,النمسا,25.266,32.555,Isna,مركز إسنا,isna-eg2705,25.365,32.52,Qena,قنا
Al-Nihayat wal Farashat,النهايات والفراشات,29.874,33.448,Ras Sidr,قسم رأس سدر,ras-sidr-eg3502,29.599,33.317,South Sinai,جنوب سيناء
Al-Nihaya,النهاية,27.483,30.766,Dayrut,مركز ديروط,dayrut-eg2510,27.537,30.782,Assiut,أسيوط
Al-Nahda,النهضة,30.171,31.438,Al Salam,قسم السلام,al-salam-eg0132,30.162,31.428,Cairo,القاهرة
Al-Nahda,النهضة,30.841,29.481,Burg al-Arab,قسم برج العرب,burg-al-arab-eg0214,30.901,29.494,Alexandria,الاسكندرية
Al-Nahda,النهضة,26.757,28.118,Al Farafra Oasis,مركز الفرافرة,al-farafra-oasis-eg3203,27.205,26.76,New Valley,الوادى الجديد
Al-Nahda Al-Gedida,النهضة الجديدة,31.042,31.704,Dikirnis,مركز دكرنس,dikirnis-eg1209,31.093,31.78,Dakahlia,الدقهلية
Al-Nawasriya,النواصرية,31.336,31.652,Kafr Sad,مركز كفر سعد,kafr-sad-eg1104,31.359,31.603,Damietta,دمياط
Al-Nawaf'a,النوافعة,30.828,31.775,Faqus,مركز فاقوس,faqus-eg1312,30.749,31.896,Sharkia,الشرقية
Al-Nawamis,النواميس,29.26,31.066,Al Wasta,مركز الواسطى,al-wasta-eg2205,29.324,31.17,Beni Suef,بنى سويف
Al-Nawamis,النواميس,27.025,31.397,Al- Badari,مركز البدارى,al-badari-eg2506,26.946,31.456,Assiut,أسيوط
Al-Nawawra,النواورة,26.861,31.51,Al- Badari,مركز البدارى,al-badari-eg2506,26.946,31.456,Assiut,أسيوط
Al-Nawayga,النوايجة,31.25,30.748,Disuq,مركز دسوق,disuq-eg1506,31.15,30.72,Kafr El-Shikh,كفر الشيخ
Al-Noubi,النوبى,30.054,31.254,Muski,قسم الموسكي,muski-eg0110,30.05,31.252,Cairo,القاهرة
Al-Nour,النور,30.788,30.266,Abu-l-Matamir,مركز ابوالمطامير,abu-l-matamir-eg1803,30.773,30.144,Behera,البحيرة
Al-Nuweirat,النويرات,26.423,31.816,Al Usayrat,مركز العسيرات,al-usayrat-eg2617,26.401,31.815,Suhag,سوهاج
Al-Nuweira,النويرة,29.103,30.986,Ahnasya,مركز أهناسيا,ahnasya-eg2206,29.102,30.943,Beni Suef,بنى سويف
Al-Hayasktab,الهايسكتب,30.134,31.385,Nuzha,قسم النزهة,nuzha-eg0129,30.115,31.389,Cairo,القاهرة
Al-Hagarisa,الهجارسة,30.796,31.589,Kafr Saqr,مركز كفر صقر,kafr-saqr-eg1313,30.837,31.675,Sharkia,الشرقية
Al-Hagarisa,الهجارسة,26.476,31.688,Suhag,مركز سوهاج,suhag-eg2603,26.547,31.655,Suhag,سوهاج
Al-Hadaya,الهدايا,27.196,31.078,Assuit,مركز أسيوط,assuit-eg2503,27.117,31.232,Assiut,أسيوط
Al-Haram,الهرم,29.408,31.177,Al Wasta,مركز الواسطى,al-wasta-eg2205,29.324,31.17,Beni Suef,بنى سويف
Al-Hadaba,الهضبة,27.287,33.666,Hurghada 1,قسم أول الغردقة,hurghada-1-eg3101,27.129,33.244,Red Sea,البحر الأحمر
Al-Hilal,الهل ال,27.399,33.645,Hurghada 2,قسم ثان الغردقة,hurghada-2-eg3108,27.745,33.08,Red Sea,البحر الأحمر
Al-Hamas,الهماص,26.45,31.782,Al-Minshat,مركز المنشأة,al-minshat-eg2607,26.464,31.756,Suhag,سوهاج
Al-Hamamiya,الهمامية,26.933,31.469,Al- Badari,مركز البدارى,al-badari-eg2506,26.946,31.456,Assiut,أسيوط
Al-Hamamil,الهماميل,31.196,29.89,Al Manshiyya,قسم المنشية,al-manshiyya-eg0207,31.198,29.892,Alexandria,الاسكندرية
Al-Hemma,الهمة,31.211,31.138,Biyalu,مركز بيلا,biyalu-eg1504,31.32,31.248,Kafr El-Shikh,كفر الشيخ
Al-Hemma,الهمة,28.432,30.595,Markz Matay,مركز مطاى,markz-matay-eg2409,28.431,30.71,Menia,المنيا
Al-Hanadi,الهنادي,25.433,32.552,Isna,مركز إسنا,isna-eg2705,25.365,32.52,Qena,قنا
Al-Hanayda,الهنايدة,31.129,32.01,Manzala,مركز المنزلة,manzala-eg1207,31.153,31.958,Dakahlia,الدقهلية
Al-Hindaw,الهنداو,25.807,28.997,A-Dakhla Oasis,مركز الوحات الداخلة,a-dakhla-oasis-eg3202,24.803,27.209,New Valley,الوادى الجديد
Al-Handasa,الهندسة,31.272,30.838,Sidi Salim,مركز سيدى سالم,sidi-salim-eg1507,31.31,30.738,Kafr El-Shikh,كفر الشيخ
Al-Hawaber,الهوابر,30.75,31.436,Dyarb Nigm,مركز ديرب نجم,dyarb-nigm-eg1310,30.752,31.444,Sharkia,الشرقية
Al-Hawariya,الهوارية,30.984,29.68,Al Amreia,قسم العامرية,al-amreia-eg0213,30.959,29.828,Alexandria,الاسكندرية
Al-Hayatem,الهياتم,30.917,31.093,El Mahalla El Kobra,مركز المحله الكبرى,el-mahalla-el-kobra-eg1607,31.017,31.13,Gharbia,الغربية
Al-Hisha,الهيشة,31.25,31.853,Gamaliyya,مركز الجمالية,gamaliyya-eg1215,31.205,31.852,Dakahlia,الدقهلية
Al-Hisha,الهيشة,26.865,31.44,Tama,مركز طما,tama-eg2613,26.874,31.422,Suhag,سوهاج
Al-Hisha,الهيشة,26.095,32.248,Nag Hammadi,مركز نجع حمادى,nag-hammadi-eg2708,26.085,32.297,Qena,قنا
Al-Haysamiya,الهيصمية,30.644,31.762,Faqus,مركز فاقوس,faqus-eg1312,30.749,31.896,Sharkia,الشرقية
Al-Wadi Al-Akhdar,الوادى الأخضر,30.554,31.898,"Tal al-Kabir, al-",مركز التل الكبير,tal-al-kabir-al-eg1905,30.418,31.933,Ismailia,الإسماعيلية
Al-Wadi Al-Akhdar,الوادي الأخضر,28.93,33.753,Sant Katrin,قسم سانت كاترين,sant-katrin-eg3504,28.66,34.052,South Sinai,جنوب سيناء
Al-Wasta,الواسطى,27.179,31.223,Alfath,مركز الفتح,alfath-eg2513,27.218,31.212,Assiut,أسيوط
Al-Wasta,الواسطى,25.347,32.487,Isna,مركز إسنا,isna-eg2705,25.365,32.52,Qena,قنا
Al-Waqat,الواقات,26.836,31.472,Tama,مركز طما,tama-eg2613,26.874,31.422,Suhag,سوهاج
Al-Wayli Al-Kabir Sharq,الوايلي الكبير شرق,30.093,31.283,Hadaiq Al-Qubba,قسم حدائقالقبة,hadaiq-al-qubba-eg0123,30.086,31.283,Cairo,القاهرة
Al-Wayli Al-Kabir Gharb,الوايلي الكبير غرب,30.095,31.278,Hadaiq Al-Qubba,قسم حدائقالقبة,hadaiq-al-qubba-eg0123,30.086,31.283,Cairo,القاهرة
Al-Wahda Al-Arabiya,الوحدة العربية,30.848,31.582,Sinbillawin,مركز السنبلاوين,sinbillawin-eg1205,30.883,31.513,Dakahlia,الدقهلية
Al-Wadi,الودى,29.52,31.283,Saf,مركز الصف,saf-eg2111,29.62,31.305,Giza,الجيزة
Al-Wardiyan Sharq,الورديانشرق,31.17,29.87,Mina Al-Basal,قسم مينا البصل,mina-al-basal-eg0211,31.167,29.88,Alexandria,الاسكندرية
Al-Wardiyan Gharb,الورديانغرب,31.164,29.867,Mina Al-Basal,قسم مينا البصل,mina-al-basal-eg0211,31.167,29.88,Alexandria,الاسكندرية
El-Wardiyan Qibli,الورديانقبلي,31.161,29.878,Mina Al-Basal,قسم مينا البصل,mina-al-basal-eg0211,31.167,29.88,Alexandria,الاسكندرية
El-Waraq,الورق,31.209,30.826,Sidi Salim,مركز سيدى سالم,sidi-salim-eg1507,31.31,30.738,Kafr El-Shikh,كفر الشيخ
El-Wazireya,الوزيرية,31.208,30.953,Riyad,مركز الرياض,riyad-eg1512,31.321,30.92,Kafr El-Shikh,كفر الشيخ
El-Wastaneya,الوسطانية,31.094,30.111,Kafr Al-Dawwar,مركز كفر الدوار,kafr-al-dawwar-eg1812,31.129,30.038,Behera,البحيرة
El-Washayha,الوشايحه,31.118,31.809,Minya Al-Nasr,مركز منية النصر,minya-al-nasr-eg1214,31.154,31.707,Dakahlia,الدقهلية
El-Wa'adla,الوعاضلة,26.928,31.406,Sidfa,مركز صدفا,sidfa-eg2511,26.943,31.38,Assiut,أسيوط
El-Wafaa,الوفاء,28.219,30.552,Markz Samalut,مركز سمالوط,markz-samalut-eg2408,28.285,30.629,Menia,المنيا
El-Wafaa wal-Amal,الوفاء والأمل,30.027,31.346,Nasr City,قسم أول مدينة نصر,nasr-city-eg0126,30.032,31.369,Cairo,القاهرة
El-Wifaq,الوفاق,31.165,34.188,Rafah,قسم رفح,rafah-eg3409,31.087,34.227,North Sinai,شمال سيناء
El-Wafa'eya,الوفائية,30.757,30.585,Al-Dilingat,مركز الدلنجات,al-dilingat-eg1805,30.81,30.49,Behera,البحيرة
El-Waqda,الوقدة,26.609,31.552,Al-Maragha,مركز المراغة,al-maragha-eg2606,26.669,31.588,Suhag,سوهاج
El-Walga,الولجا,30.533,31.301,Minya al-Qamh,مركز منيا القمح,minya-al-qamh-eg1314,30.507,31.369,Sharkia,الشرقية
El-Wanaysa,الونايسة,29.253,30.66,Atsa,مركز أطسا,atsa-eg2304,29.208,30.767,Fayoum,الفيوم
El-Yasmin w el-Banafsaj w el-Mustathmeroun el-Shamaleya,الياسمين و البنفسج و المثتسمرون الشماليه,30.046,31.469,New Cairo-1,قسم أول القاهرة الجديدة,new-cairo-1-eg0137,30.024,31.55,Cairo,القاهرة
El-Yasineya,الياسينية,30.955,30.062,Abu-l-Matamir,مركز ابوالمطامير,abu-l-matamir-eg1803,30.773,30.144,Behera,البحيرة
El-Yans,اليانس,29.017,33.641,Abu Radis,قسم أبو رديس,abu-radis-eg3503,29.049,33.598,South Sinai,جنوب سيناء
El-Yousefeya,اليوسفية,31.043,31.729,Bany Abeed,مركز بنى عبيد,bany-abeed-eg1218,31.024,31.648,Dakahlia,الدقهلية
El-Yousefeya,اليوسيفية,30.813,30.583,Al-Dilingat,مركز الدلنجات,al-dilingat-eg1805,30.81,30.49,Behera,البحيرة
Om el-Huwaytat w el-Gawasis,أم الحويطات و الجواسيس,26.712,33.82,Safaga,قسم سفاجا,safaga-eg3103,26.732,33.46,Red Sea,البحر الأحمر
Om el-Reda,أم الرضا,31.404,31.618,Kafr Sad,مركز كفر سعد,kafr-sad-eg1104,31.359,31.603,Damietta,دمياط
Om Saber,أم صابر,30.503,30.739,Badr,مركز بدر,badr-eg1818,30.547,30.679,Behera,البحيرة
Om Azzam,أم عزام,30.512,31.968,"Tal al-Kabir, al-",مركز التل الكبير,tal-al-kabir-al-eg1905,30.418,31.933,Ismailia,الإسماعيلية
Om el-Ganazir,أم الجنازير,28.975,31.02,Biba,مركز ببا,biba-eg2207,28.951,30.967,Beni Suef,بنى سويف
Om el-Rakham,أم الرخم,31.379,27.014,Marsa Matruh,قسم مرسى مطروح,marsa-matruh-eg3301,30.022,26.997,Matrouh,مطروح
Om el-Zain,أم الزين,30.657,31.4,Zaqaziq,مركز الزقازيق,zaqaziq-eg1303,30.587,31.581,Sharkia,الشرقية
Om el-Sas,أم الساس,28.501,30.725,Markz Bani Mazar,مركز بنى مزار,markz-bani-mazar-eg2406,28.518,30.731,Menia,المنيا
Om el-Qusour,أم القصور,27.375,30.869,Manfalut,مركز منفلوط,manfalut-eg2512,27.294,30.951,Assiut,أسيوط
Om el-Qusour,أم القصور,29.019,33.737,Abu Radis,قسم أبو رديس,abu-radis-eg3503,29.049,33.598,South Sinai,جنوب سيناء
Om Bagama,أمبجمة,29.029,33.349,Abu Radis,قسم أبو رديس,abu-radis-eg3503,29.049,33.598,South Sinai,جنوب سيناء
Om Hakim,أمحكيم,31.077,30.697,Shubra Khit,مركز شبراخيت,shubra-khit-eg1810,31.003,30.679,Behera,البحيرة
Om Khanan,أمخنان,30.502,31.1,Quwisna,مركز قويسنا,quwisna-eg1708,30.56,31.163,Menoufia,المنوفية
Om Khanan,أمخنان,29.916,31.252,Hwamdeia,قسم الحوامدية,hwamdeia-eg2108,29.902,31.253,Giza,الجيزة
Om Douma,أمدومة,26.827,31.375,Tama,مركز طما,tama-eg2613,26.874,31.422,Suhag,سوهاج
Om Dinar,أمدينار,30.199,31.077,Imbaba,مركز إمبابة,imbaba-eg2113,30.22,30.963,Giza,الجيزة
Om Ramad,أمرماد,30.652,31.444,Zaqaziq,مركز الزقازيق,zaqaziq-eg1303,30.587,31.581,Sharkia,الشرقية
Om Senan el-Kubra,أمسن الكبري,31.302,30.989,Riyad,مركز الرياض,riyad-eg1512,31.321,30.92,Kafr El-Shikh,كفر الشيخ
Om Shayhan,أمشيحان,30.696,34.231,Qasima,قسم القسيمة,qasima-eg3411,30.464,34.301,North Sinai,شمال سيناء
Om Aqaba,أمعقبة,30.975,32.771,Rummana,قسم رمانة,rummana-eg3410,30.957,32.699,North Sinai,شمال سيناء
Om Qataf,أمقطف,30.712,34.335,Qasima,قسم القسيمة,qasima-eg3411,30.464,34.301,North Sinai,شمال سيناء
Om Qamas,أمقمص,27.734,30.796,Markz Mallawi,مركز ملوى,markz-mallawi-eg2412,27.775,30.801,Menia,المنيا
Imam el-Husseini,امام الحسيني,30.981,31.147,El Mahalla El Kobra 2,قسم ثان المحلة الكبرى,el-mahalla-el-kobra-2-eg1606,30.971,31.157,Gharbia,الغربية
Ambroz w Mohambak,أمبروزومحمبك,31.194,29.922,Muharam Bik,قسم محرم بك,muharam-bik-eg0205,31.184,29.939,Alexandria,الاسكندرية
Omri,أمري,30.987,30.619,Shubra Khit,مركز شبراخيت,shubra-khit-eg1810,31.003,30.679,Behera,البحيرة
Amshandat,أمشندت,29.334,25.177,Siwa,مركز سيوة,siwa-eg3306,28.703,25.589,Matrouh,مطروح
Amshoul,أمشول,27.579,30.755,Dayrut,مركز ديروط,dayrut-eg2510,27.537,30.782,Assiut,أسيوط
Amlit,أمليط,30.9,30.705,Itay Al-Barud,مركز إيتاى البارود,itay-al-barud-eg1807,30.886,30.656,Behera,البحيرة
Amyay,امياي,30.366,31.139,Tukh,مركز طوخ,tukh-eg1408,30.344,31.19,Kalyoubia,القليوبية
Amyout,أميوط,31.036,30.951,Qutur,مركز قطور,qutur-eg1611,30.971,30.97,Gharbia,الغربية
Ansas el-Basal,أنشاص البصل,30.51,31.56,Zaqaziq,مركز الزقازيق,zaqaziq-eg1303,30.587,31.581,Sharkia,الشرقية
Ansas el-Raml,أنشاص الرمل,30.387,31.459,Bilbis,مركز بلبيس,bilbis-eg1308,30.408,31.531,Sharkia,الشرقية
Anfast,أنفسط,29.286,31.116,Al Wasta,مركز الواسطى,al-wasta-eg2205,29.324,31.17,Beni Suef,بنى سويف
Ehnasya el-Khadra,أهناسيا الخضراء,29.096,31.014,Bani Swayf,مركز بنى سويف,bani-swayf-eg2202,29.098,31.042,Beni Suef,بنى سويف
Ahwa,أهوه,29.047,31.006,Bani Swayf,مركز بنى سويف,bani-swayf-eg2202,29.098,31.042,Beni Suef,بنى سويف
Awgreen,أوجرين,31.478,25.177,Salloum,قسم السلوم,salloum-eg3303,30.646,25.255,Matrouh,مطروح
Orman Talkha,أورمانطلخا,31.09,31.385,Talkha,مركز طلخا,talkha-eg1211,31.109,31.383,Dakahlia,الدقهلية
Ourein,أورين,30.974,30.702,Shubra Khit,مركز شبراخيت,shubra-khit-eg1810,31.003,30.679,Behera,البحيرة
Awlad Badr,أولاد بدر,27.231,31.212,Alfath,مركز الفتح,alfath-eg2513,27.218,31.212,Assiut,أسيوط
Awlad Alwani,اولاد علواني,31.025,28.565,Daba,مركز الضبعة,daba-eg3304,29.463,28.243,Matrouh,مطروح
Awlad Alloush,اولاد علوش,31.1,27.777,Marsa Matruh,قسم مرسى مطروح,marsa-matruh-eg3301,30.022,26.997,Matrouh,مطروح
Awlad Ali,أولاد على,27.148,31.289,Assuit,مركز أسيوط,assuit-eg2503,27.117,31.232,Assiut,أسيوط
Awlad Marei,اولاد مرعي,31.277,26.984,Marsa Matruh,قسم مرسى مطروح,marsa-matruh-eg3301,30.022,26.997,Matrouh,مطروح
Awlad Masoud,أولاد مسعود,30.85,29.323,Al-Hammam,قسم الحمام,al-hammam-eg3302,29.804,29.418,Matrouh,مطروح
Awlad Sarag,أولادسراج,27.177,31.226,Alfath,مركز الفتح,alfath-eg2513,27.218,31.212,Assiut,أسيوط
Awlad Ibrahim,أولاد ابراهيم,27.164,31.217,Assuit,مركز أسيوط,assuit-eg2503,27.117,31.232,Assiut,أسيوط
Awlad Ismail,أولاداسماعيل,26.669,31.558,Al-Maragha,مركز المراغة,al-maragha-eg2606,26.669,31.588,Suhag,سوهاج
Awlad el-Sheikh,أولاد الشيخ,26.407,31.853,Dar al-Salam,مركز دار السلام,dar-al-salam-eg2608,26.274,32.043,Suhag,سوهاج
Awlad el-Adawi,أولاد العدوي,30.711,31.792,Faqus,مركز فاقوس,faqus-eg1312,30.749,31.896,Sharkia,الشرقية
Awlad el-Yas,أولاد الياس,26.947,31.421,Sidfa,مركز صدفا,sidfa-eg2511,26.943,31.38,Assiut,أسيوط
Awlad Bana,أولادبانة,31.125,32.003,Manzala,مركز المنزلة,manzala-eg1207,31.153,31.958,Dakahlia,الدقهلية
Awlad Bahig,أولادبهيج,26.369,31.828,Al Usayrat,مركز العسيرات,al-usayrat-eg2617,26.401,31.815,Suhag,سوهاج
Awlad Gabara,أولادجبارة,26.381,31.818,Al Usayrat,مركز العسيرات,al-usayrat-eg2617,26.401,31.815,Suhag,سوهاج
Awlad Gabril,أولادجبريل,30.804,29.255,Al-Hammam,قسم الحمام,al-hammam-eg3302,29.804,29.418,Matrouh,مطروح
Awlad Hana,أولادحانة,31.117,32.035,Manzala,مركز المنزلة,manzala-eg1207,31.153,31.958,Dakahlia,الدقهلية
Awlad Hammam,أولاد حمام,31.375,31.788,Dumyat,مركز دمياط,dumyat-eg1102,31.44,31.842,Damietta,دمياط
Awlad Hamza,أولاد حمزة,26.4,31.807,Al Usayrat,مركز العسيرات,al-usayrat-eg2617,26.401,31.815,Suhag,سوهاج
Awlad Khalaf,أولادخلف,31.332,31.741,Fariskur,مركز فارسكور,fariskur-eg1103,31.31,31.733,Damietta,دمياط
Awlad Khalaf,أولادخلف,26.198,32.027,Dar al-Salam,مركز دار السلام,dar-al-salam-eg2608,26.274,32.043,Suhag,سوهاج
Awlad Rayeq,أولادرايق,27.229,31.051,Assuit,مركز أسيوط,assuit-eg2503,27.117,31.232,Assiut,أسيوط
Awlad Salem Bahari,أولاد سالم بحري,26.249,32.029,Dar al-Salam,مركز دار السلام,dar-al-salam-eg2608,26.274,32.043,Suhag,سوهاج
Awlad Salem Qibli,أولادس المقبلي,26.235,32.033,Dar al-Salam,مركز دار السلام,dar-al-salam-eg2608,26.274,32.043,Suhag,سوهاج
Awlad Sarag,أولادسراج,31.127,32.057,Manzala,مركز المنزلة,manzala-eg1207,31.153,31.958,Dakahlia,الدقهلية
Awlad Salama,أولادسلامة,26.398,31.752,Al-Minshat,مركز المنشأة,al-minshat-eg2607,26.464,31.756,Suhag,سوهاج
Awlad Seif,أولادسيف,30.472,31.566,Bilbis,مركز بلبيس,bilbis-eg1308,30.408,31.531,Sharkia,الشرقية
Awlad Shaloul,أولادشلول,26.539,31.771,Suhag,مركز سوهاج,suhag-eg2603,26.547,31.655,Suhag,سوهاج
Awlad Sabour,أولادصبور,31.168,32.033,Matariyya,مركز المطرية,matariyya-eg1206,31.191,32.004,Dakahlia,الدقهلية
Awlad Touq Gharb,أولادطوقغرب,26.256,32.073,Dar al-Salam,مركز دار السلام,dar-al-salam-eg2608,26.274,32.043,Suhag,سوهاج
Awlad Abdeen,أولاد عابدين,30.701,31.781,Faqus,مركز فاقوس,faqus-eg1312,30.749,31.896,Sharkia,الشرقية
Awlad Azzaz,أولادعزاز,26.542,31.645,Suhag,مركز سوهاج,suhag-eg2603,26.547,31.655,Suhag,سوهاج
Awlad Alam,أولاد علم,31.147,31.994,Manzala,مركز المنزلة,manzala-eg1207,31.153,31.958,Dakahlia,الدقهلية
Awlad Ali,أولاد علي,26.408,31.772,Al-Minshat,مركز المنشأة,al-minshat-eg2607,26.464,31.756,Suhag,سوهاج
Awlad Alio,أولاد علي و,26.238,31.955,Al-Balyana,مركز البلينا,al-balyana-eg2605,26.241,31.944,Suhag,سوهاج
Awlad Amro,أولاد عمرو,26.154,32.597,Qina,مركز قنا,qina-eg2702,26.163,32.578,Qena,قنا
Awlad Gharib,أولادغريب,26.462,31.707,Suhag,مركز سوهاج,suhag-eg2603,26.547,31.655,Suhag,سوهاج
Awlad Mamen,أولادمامن,26.549,31.782,Suhag,مركز سوهاج,suhag-eg2603,26.547,31.655,Suhag,سوهاج
Awlad Mohanna,أولادمهنا,30.486,31.588,Bilbis,مركز بلبيس,bilbis-eg1308,30.408,31.531,Sharkia,الشرقية
Awlad Mousa,أولادموسي,30.796,31.759,Abu Kabir,مركز أبوكبير,abu-kabir-eg1305,30.733,31.69,Sharkia,الشرقية
Awlad Nasser,أولاد ناصر,31.161,32.005,Manzala,مركز المنزلة,manzala-eg1207,31.153,31.958,Dakahlia,الدقهلية
Awlad Nagm Bahgoura,أولادنجمبهجورة,26.083,32.22,Nag Hammadi,مركز نجع حمادى,nag-hammadi-eg2708,26.085,32.297,Qena,قنا
Awlad Nagm el-Tamma,أولادنجم التمة,26.092,32.199,Nag Hammadi,مركز نجع حمادى,nag-hammadi-eg2708,26.085,32.297,Qena,قنا
Awlad Nagm el-Qibliya,أولاد نجم القبلية,26.07,32.235,Nag Hammadi,مركز نجع حمادى,nag-hammadi-eg2708,26.085,32.297,Qena,قنا
Awlad Naseer,أولادنصير,26.572,31.672,Suhag,مركز سوهاج,suhag-eg2603,26.547,31.655,Suhag,سوهاج
Awlad Nour,أولادنور,31.15,32.021,Manzala,مركز المنزلة,manzala-eg1207,31.153,31.958,Dakahlia,الدقهلية
Awlad Yahya Bahari,أولاديحييبحري,26.348,31.921,Dar al-Salam,مركز دار السلام,dar-al-salam-eg2608,26.274,32.043,Suhag,سوهاج
Awlad Yahya Qibli,أولاديحييقبلي,26.31,31.987,Dar al-Salam,مركز دار السلام,dar-al-salam-eg2608,26.274,32.043,Suhag,سوهاج
Oula,اولى,24.084,32.895,Aswan,قسم أسوان,aswan-eg2801,24.063,32.901,Aswan,أسوان
Oula el-Haram,أولى الهرم,30.004,31.178,Umraniyya,قسم العمرانية,umraniyya-eg2118,29.993,31.177,Giza,الجيزة
Ouleila,أوليلة,30.728,31.354,Mit Ghamr,مركز ميت غمر,mit-ghamr-eg1213,30.708,31.338,Dakahlia,الدقهلية
Oweish el-Hagar,أويش الحجر,31.013,31.333,El Mansora,مركز المنصورة,el-mansora-eg1203,31.053,31.467,Dakahlia,الدقهلية
Eikingy Mariout,ايكينجى مريوط,31.021,29.742,Al Amreia,قسم العامرية,al-amreia-eg0213,30.959,29.828,Alexandria,الاسكندرية
Bab el-Wazir,باب الوزير,30.041,31.265,Al Darb al-Ahmar,قسم الدرب الأحمر,al-darb-al-ahmar-eg0114,30.041,31.26,Cairo,القاهرة
Bab Sedra el-Barani Bahari,باب سدره البرانى بحرى,31.188,29.899,Karmuz,قسم كرموز,karmuz-eg0208,31.179,29.904,Alexandria,الاسكندرية
Bab Sedra el-Barani Sharq,باب سدره البرانى شرق,31.185,29.901,Karmuz,قسم كرموز,karmuz-eg0208,31.179,29.904,Alexandria,الاسكندرية
Bab Sedra el-Barani Gharb,باب سدره البرانى غرب,31.185,29.899,Karmuz,قسم كرموز,karmuz-eg0208,31.179,29.904,Alexandria,الاسكندرية
Bab el-Bahr,باب البحر,30.058,31.252,Bab Al-Shariyya,قسم باب الشعرية,bab-al-shariyya-eg0116,30.059,31.258,Cairo,القاهرة
Bab el-Shaareya,باب الشعرية,30.056,31.262,Bab Al-Shariyya,قسم باب الشعرية,bab-al-shariyya-eg0116,30.059,31.258,Cairo,القاهرة
Bab el-Futouh,باب الفتوح,30.054,31.264,Gamaliyya,قسم الجمالية,gamaliyya-eg0115,30.054,31.265,Cairo,القاهرة
Bab el-Louq,باب اللوق,30.049,31.242,Abdin,قسم عابدين,abdin-eg0109,30.046,31.245,Cairo,القاهرة
Bab Sedret el-Gawani w Geninet el-Ouyouni w el-Sakouneya,بابسدرة الجوانيوجنينة العيوني والسكونية,31.189,29.896,A L Labban,قسم اللبان,a-l-labban-eg0209,31.191,29.892,Alexandria,الاسكندرية
Babel,بابل,30.703,31.006,Tala,مركز تلا,tala-eg1707,30.67,30.946,Menoufia,المنوفية
Baga,باجا,26.596,31.683,Suhag,مركز سوهاج,suhag-eg2603,26.547,31.655,Suhag,سوهاج
Baget el-Sheikh,باجة الشيخ,29.412,31.208,Ayat,مركز العياط,ayat-eg2112,29.564,31.25,Giza,الجيزة
Bar el-Hammam,بار الحمام,30.979,30.82,Basyun,مركز بسيون,basyun-eg1608,30.959,30.827,Gharbia,الغربية
Barout,باروط,29.068,31.029,Bani Swayf,مركز بنى سويف,bani-swayf-eg2202,29.098,31.042,Beni Suef,بنى سويف
Bassous,باسوس,30.138,31.216,Qanatir Al-Khayriyya,مركز القناطر الخيرية,qanatir-al-khayriyya-eg1404,30.214,31.135,Kalyoubia,القليوبية
Bassouna,باصونة,26.671,31.603,Al-Maragha,مركز المراغة,al-maragha-eg2606,26.669,31.588,Suhag,سوهاج
Baqour,باقور,27.085,31.287,Abu Tig,مركز أبوتيج,abu-tig-eg2505,27.037,31.289,Assiut,أسيوط
Balt,ب الط,29.91,28.783,Al-Hammam,قسم الحمام,al-hammam-eg3302,29.804,29.418,Matrouh,مطروح
Bel-Masht,ب المشط,30.463,30.887,Minuf,مركز منوف,minuf-eg1709,30.46,30.881,Menoufia,المنوفية
Balouza,ب الوظة,31.008,32.545,Rummana,قسم رمانة,rummana-eg3410,30.957,32.699,North Sinai,شمال سيناء
Ban el-Alam,بان العلم,28.696,30.789,Markz Al Idwa,مركز العدوة,markz-al-idwa-eg2405,28.696,30.74,Menia,المنيا
Banoub,بانوب,31.068,31.241,Nebro,مركز نبروة,nebro-eg1221,31.129,31.297,Dakahlia,الدقهلية
Banoub Zahr el-Gammal,بانوبظهر الجمل,27.547,30.782,Dayrut,مركز ديروط,dayrut-eg2510,27.537,30.782,Assiut,أسيوط
Baha el-Agouz,باها العجوز,29.143,31.023,Bani Swayf,مركز بنى سويف,bani-swayf-eg2202,29.098,31.042,Beni Suef,بنى سويف
Bawit,باويط,27.531,30.725,Dayrut,مركز ديروط,dayrut-eg2510,27.537,30.782,Assiut,أسيوط
Beblaw,ببلاو,27.524,30.792,Dayrut,مركز ديروط,dayrut-eg2510,27.537,30.782,Assiut,أسيوط
Batabs,بتبس,30.64,31.002,Shibin al-Kum,مركز شبين الكوم,shibin-al-kum-eg1702,30.561,30.954,Menoufia,المنوفية
Batamda,بتمدة,30.436,31.284,Banha,مركز بنها,banha-eg1402,30.443,31.248,Kalyoubia,القليوبية
Begairam,بجيرم,30.577,31.179,Quwisna,مركز قويسنا,quwisna-eg1708,30.56,31.163,Menoufia,المنوفية
Bahr Abu el-Mir,بحرأب والمير,29.253,30.733,Atsa,مركز أطسا,atsa-eg2304,29.208,30.767,Fayoum,الفيوم
Bahtit,بحطيط,30.485,31.632,Abu Hammad,مركز أبو حماد,abu-hammad-eg1304,30.543,31.649,Sharkia,الشرقية
Baheqira,بحقيرة,30.983,31.364,El Mansora,مركز المنصورة,el-mansora-eg1203,31.053,31.467,Dakahlia,الدقهلية
Buhayrat Nasser,بحيرةناصر,23.077,32.777,Aswan,مركز أسوان,aswan-eg2802,23.972,32.831,Aswan,أسوان
Bakhati,بخاتي,30.583,30.963,Shibin al-Kum,مركز شبين الكوم,shibin-al-kum-eg1702,30.561,30.954,Menoufia,المنوفية
Bakhanes,بخانس,26.119,32.171,Abu Tisht,مركز أبو طشت,abu-tisht-eg2703,26.13,32.086,Qena,قنا
Bedawi,بداوي,31.163,31.487,El Mansora,مركز المنصورة,el-mansora-eg1203,31.053,31.467,Dakahlia,الدقهلية
Badkhalou,بدخلو,25.86,28.924,A-Dakhla Oasis,مركز الوحات الداخلة,a-dakhla-oasis-eg3202,24.803,27.209,New Valley,الوادى الجديد
Badsa,بدسة,29.668,31.263,Ayat,مركز العياط,ayat-eg2112,29.564,31.25,Giza,الجيزة
Badhal,بدهل,28.947,30.889,Sumusta,مركز سمسطا,sumusta-eg2208,28.951,30.866,Beni Suef,بنى سويف
Badeir Aliwa,بدير عليوة,31.147,30.945,Kafr Al-Shaykh,قسم كفر الشيخ,kafr-al-shaykh-eg1501,31.119,30.941,Kafr El-Shikh,كفر الشيخ
Badein,بدين,31.041,31.502,El Mansora,مركز المنصورة,el-mansora-eg1203,31.053,31.467,Dakahlia,الدقهلية
Bar Bahari,بربحري,31.584,31.057,Burullus,مركز البرلس,burullus-eg1503,31.521,31.273,Kafr El-Shikh,كفر الشيخ
Barashim,براشيم,30.341,31.01,Ashmun,مركز أشمون,ashmun-eg1703,30.299,31.008,Menoufia,المنوفية
Baranis,برانيس,24.694,34.396,Marsa Alam,قسم مرسى علم,marsa-alam-eg3104,24.707,34.286,Red Sea,البحر الأحمر
Barawet el-Waqf,براوة الوقف,29.034,30.903,Ahnasya,مركز أهناسيا,ahnasya-eg2206,29.102,30.943,Beni Suef,بنى سويف
Barbaya el-Sharqeya,برباية الشرقية,25.808,29.289,A-Dakhla Oasis,مركز الوحات الداخلة,a-dakhla-oasis-eg3202,24.803,27.209,New Valley,الوادى الجديد
Barbaya el-Gharbeya,برباية الغربية,25.779,29.248,A-Dakhla Oasis,مركز الوحات الداخلة,a-dakhla-oasis-eg3202,24.803,27.209,New Valley,الوادى الجديد
Barret el-Agouz,برة العجوز,30.563,31.201,Quwisna,مركز قويسنا,quwisna-eg1708,30.56,31.163,Menoufia,المنوفية
Borg Rashid,برج رشيد,31.466,30.361,Rashid,مركز رشيد,rashid-eg1809,31.379,30.375,Behera,البحيرة
Borg Meghizel,برجمغيزل,31.477,30.406,Mitubas,مركز مطوبس,mitubas-eg1510,31.383,30.47,Kafr El-Shikh,كفر الشيخ
Borg Nour el-Homs,برجنور الحمص,30.939,31.344,Aga,مركز أجا,aga-eg1204,30.895,31.313,Dakahlia,الدقهلية
Borg Nour el-Arab,برجنور العرب,30.833,31.472,Sinbillawin,مركز السنبلاوين,sinbillawin-eg1205,30.883,31.513,Dakahlia,الدقهلية
Barkhil,برخيل,26.208,31.968,Al-Balyana,مركز البلينا,al-balyana-eg2605,26.241,31.944,Suhag,سوهاج
Bardala,بردلة,31.122,30.145,Kafr Al-Dawwar,قسم كفرالدوار,kafr-al-dawwar-eg1811,31.137,30.133,Behera,البحيرة
Bardnouha,بردنوها,28.435,30.728,Markz Matay,مركز مطاى,markz-matay-eg2409,28.431,30.71,Menia,المنيا
Bardouna el-Ashraf,بردونة الأشراف,28.523,30.727,Markz Bani Mazar,مركز بنى مزار,markz-bani-mazar-eg2406,28.518,30.731,Menia,المنيا
Bardis,برديس,26.309,31.946,Al-Balyana,مركز البلينا,al-balyana-eg2605,26.241,31.944,Suhag,سوهاج
Bardin,بردين,30.509,31.524,Zaqaziq,مركز الزقازيق,zaqaziq-eg1303,30.587,31.581,Sharkia,الشرقية
Barseq,برسيق,31.124,30.34,Abu Hummus,مركز ابوحمص,abu-hummus-eg1804,31.106,30.31,Behera,البحيرة
Barshoum el-Sughra,برشوم الصغري,30.321,31.116,Tukh,مركز طوخ,tukh-eg1408,30.344,31.19,Kalyoubia,القليوبية
Barshoum el-Kubra,برشوم الكبري,30.331,31.114,Tukh,مركز طوخ,tukh-eg1408,30.344,31.19,Kalyoubia,القليوبية
Bartabat,برطباط,28.595,30.678,Markz Maghagha,مركز مغاغة,markz-maghagha-eg2410,28.641,30.794,Menia,المنيا
Bartas,برطس,30.147,31.125,Auseem,مركز أوسيم,auseem-eg2116,30.132,31.142,Giza,الجيزة
Barq el-Ezz,برق العز,31.027,31.466,El Mansora,مركز المنصورة,el-mansora-eg1203,31.053,31.467,Dakahlia,الدقهلية
Barqash,برقاش,30.166,31.028,Imbaba,مركز إمبابة,imbaba-eg2113,30.22,30.963,Giza,الجيزة
Barqama,برقامة,30.899,30.64,Itay Al-Barud,مركز إيتاى البارود,itay-al-barud-eg1807,30.886,30.656,Behera,البحيرة
Barqata,برقطا,30.504,31.264,Kafr Shukr,مركز كفر شكر,kafr-shukr-eg1411,30.554,31.275,Kalyoubia,القليوبية
Barqin,برقين,30.858,31.541,Sinbillawin,مركز السنبلاوين,sinbillawin-eg1205,30.883,31.513,Dakahlia,الدقهلية
Birket el-Khiyam,برك الخيام,30.057,31.162,Kardasa,مركز كرداسة,kardasa-eg2120,30.051,31.134,Giza,الجيزة
Birket el-Haj,بركة الحاج,30.153,31.364,Marg,قسم المرج,marg-eg0136,30.156,31.346,Cairo,القاهرة
Birket el-Ratli,بركة الرطلي,30.061,31.258,Bab Al-Shariyya,قسم باب الشعرية,bab-al-shariyya-eg0116,30.059,31.258,Cairo,القاهرة
Birket el-Nasr,بركة النصر,30.148,31.397,Al Salam,قسم السلام,al-salam-eg0132,30.162,31.428,Cairo,القاهرة
Birket Ghattas,بركةغطاس,31.187,30.272,Abu Hummus,مركز ابوحمص,abu-hummus-eg1804,31.106,30.31,Behera,البحيرة
Barma,برما,30.85,30.922,Tanta,مركز طنطا,tanta-eg1603,30.809,30.932,Gharbia,الغربية
Barmbal el-Gedida,برمب ال الجديدة,31.16,31.707,Minya Al-Nasr,مركز منية النصر,minya-al-nasr-eg1214,31.154,31.707,Dakahlia,الدقهلية
Barmbal el-Qadima,برمب ال القديمة,31.189,31.722,Minya Al-Nasr,مركز منية النصر,minya-al-nasr-eg1214,31.154,31.707,Dakahlia,الدقهلية
Baramsha,برمشا,28.688,30.71,Markz Al Idwa,مركز العدوة,markz-al-idwa-eg2405,28.696,30.74,Menia,المنيا
Barmakim,برمكيم,30.788,31.479,Dyarb Nigm,مركز ديرب نجم,dyarb-nigm-eg1310,30.752,31.444,Sharkia,الشرقية
Barnbal,برنب ال,31.364,30.532,Mitubas,مركز مطوبس,mitubas-eg1510,31.383,30.47,Kafr El-Shikh,كفر الشيخ
Barnasht,برنشت,29.683,31.248,Ayat,مركز العياط,ayat-eg2112,29.564,31.25,Giza,الجيزة
Barham,برهام,30.084,31.242,Al Sahil,قسم الساحل,al-sahil-eg0121,30.092,31.247,Cairo,القاهرة
Barhamtoush,برهمتوش,30.831,31.363,Sinbillawin,مركز السنبلاوين,sinbillawin-eg1205,30.883,31.513,Dakahlia,الدقهلية
Barhim w Manshaat Sadoud,برهيمومنشأةسدود,30.481,30.887,Minuf,مركز منوف,minuf-eg1709,30.46,30.881,Menoufia,المنوفية
Barawi,بروي,30.662,30.934,Tala,مركز تلا,tala-eg1707,30.67,30.946,Menoufia,المنوفية
Bareyet Lasifar,بريةلاصيفر,31.318,30.652,Sidi Salim,مركز سيدى سالم,sidi-salim-eg1507,31.31,30.738,Kafr El-Shikh,كفر الشيخ
Barid w Kafr Yousef,بريدوكفريوسف,31.213,30.858,Sidi Salim,مركز سيدى سالم,sidi-salim-eg1507,31.31,30.738,Kafr El-Shikh,كفر الشيخ
Baridaa,بريدعة,31.352,30.465,Mitubas,مركز مطوبس,mitubas-eg1510,31.383,30.47,Kafr El-Shikh,كفر الشيخ
Bareik el-Hagar,بريك الحجر,30.885,30.991,Tanta,مركز طنطا,tanta-eg1603,30.809,30.932,Gharbia,الغربية
Bareim,بريم,30.762,30.724,Kum Hamada,مركز كوم حمادة,kum-hamada-eg1813,30.654,30.774,Behera,البحيرة
Basateen el-Ismailia,بساتين الاسماعيلية,30.359,31.469,Bilbis,مركز بلبيس,bilbis-eg1308,30.408,31.531,Sharkia,الشرقية
Basateen Serag el-Din,بساتينسراج الدين,30.392,31.623,Bilbis,مركز بلبيس,bilbis-eg1308,30.408,31.531,Sharkia,الشرقية
Basat,بساط,31.167,31.432,Talkha,مركز طلخا,talkha-eg1211,31.109,31.383,Dakahlia,الدقهلية
Basat Karim El-Din,بساطكريم الدين,31.173,31.572,Shirbin,مركز شربين,shirbin-eg1210,31.261,31.576,Dakahlia,الدقهلية
Bastaway,بستواى,31.202,30.407,Abu Hummus,مركز ابوحمص,abu-hummus-eg1804,31.106,30.31,Behera,البحيرة
Bastara,بسطرة,31.081,30.435,Damanhur,مركز دمنهور,damanhur-eg1802,31.032,30.527,Behera,البحيرة
Basfa,بسفا,28.806,30.814,Al Fashn,مركز الفشن,al-fashn-eg2204,28.809,30.827,Beni Suef,بنى سويف
Basandila,بسنديلة,31.206,31.445,Bilqas,مركز بلقاس,bilqas-eg1208,31.344,31.379,Dakahlia,الدقهلية
Bashalush,بش الوش,30.708,31.308,Mit Ghamr,مركز ميت غمر,mit-ghamr-eg1213,30.708,31.338,Dakahlia,الدقهلية
Bashbish,بشبيش,31.118,31.19,El Mahalla El Kobra,مركز المحله الكبرى,el-mahalla-el-kobra-eg1607,31.017,31.13,Gharbia,الغربية
Bashtami,بشتامي,30.646,30.809,Al-Shuhada,مركز الشهداء,al-shuhada-eg1705,30.601,30.87,Menoufia,المنوفية
Bashtil,بشتيل,30.114,31.23,Waraq,قسم الوراق,waraq-eg2117,30.097,31.189,Giza,الجيزة
Bashla,بشلا,30.776,31.276,Mit Ghamr,مركز ميت غمر,mit-ghamr-eg1213,30.708,31.338,Dakahlia,الدقهلية
Bashams,بشمس,30.859,31.498,Sinbillawin,مركز السنبلاوين,sinbillawin-eg1205,30.883,31.513,Dakahlia,الدقهلية
Basra,بصرة,27.171,31.258,Alfath,مركز الفتح,alfath-eg2513,27.218,31.212,Assiut,أسيوط
Bata,بطا,30.469,31.168,Banha,مركز بنها,banha-eg1402,30.443,31.248,Kalyoubia,القليوبية
Batra,بطرة,31.18,31.467,Talkha,مركز طلخا,talkha-eg1211,31.109,31.383,Dakahlia,الدقهلية
Batn Ahrit,بطن اهريت,29.328,30.57,Yousef El sadeq,مركز يوسف الصديق,yousef-el-sadeq-eg2307,29.353,30.586,Fayoum,الفيوم
Batoris,بطورس,31.001,30.216,Abu Hummus,مركز ابوحمص,abu-hummus-eg1804,31.106,30.31,Behera,البحيرة
Batita,بطيطة,31.159,31.038,Kafr Al-Shaykh,مركز كفر الشيخ,kafr-al-shaykh-eg1502,31.2,31.016,Kafr El-Shikh,كفر الشيخ
Batina,بطينة,30.993,31.203,El Mahalla El Kobra,مركز المحله الكبرى,el-mahalla-el-kobra-eg1607,31.017,31.13,Gharbia,الغربية
Baghdad,بغداد,30.601,30.651,Badr,مركز بدر,badr-eg1818,30.547,30.679,Behera,البحيرة
Baghdad,بغداد,23.344,30.473,Paris Paris,مركز باريس,paris-paris-eg3204,22.737,30.412,New Valley,الوادى الجديد
Baghdad,بغداد,30.252,33.519,Al-Hasna,قسم الحسنة,al-hasna-eg3406,30.288,33.542,North Sinai,شمال سيناء
Baqbaq,بقبق,31.492,25.43,Salloum,قسم السلوم,salloum-eg3303,30.646,25.255,Matrouh,مطروح
Baqsa,بقسا,30.564,31.225,Quwisna,مركز قويسنا,quwisna-eg1708,30.56,31.163,Menoufia,المنوفية
Baqtaris,بقطارس,30.925,31.311,Aga,مركز أجا,aga-eg1204,30.895,31.313,Dakahlia,الدقهلية
Baqlula,بقلولة,31.202,30.922,Riyad,مركز الرياض,riyad-eg1512,31.321,30.92,Kafr El-Shikh,كفر الشيخ
Baqlula,بقلولة,30.781,31.092,Santa,مركز السنطة,santa-eg1604,30.773,31.119,Gharbia,الغربية
Baqira,بقيرة,30.456,31.139,Banha,مركز بنها,banha-eg1402,30.443,31.248,Kalyoubia,القليوبية
Bilad El-Mal El-Bahari,بلاد الم البحري,26.12,32.023,Abu Tisht,مركز أبو طشت,abu-tisht-eg2703,26.13,32.086,Qena,قنا
Bilad El-Mal El-Qibli,بلاد الم القبلي,26.102,32.041,Abu Tisht,مركز أبو طشت,abu-tisht-eg2703,26.13,32.086,Qena,قنا
Balat,بلاط,25.853,29.19,A-Dakhla Oasis,مركز الوحات الداخلة,a-dakhla-oasis-eg3202,24.803,27.209,New Valley,الوادى الجديد
Bilal,بل ال,30.303,29.907,Nubariyya West,قسم غرب النوبارية,nubariyya-west-eg1817,30.425,29.897,Behera,البحيرة
Balana,بلانة,24.373,32.932,Nasr,مركز نصر,nasr-eg2805,24.373,32.932,Aswan,أسوان
Balay,بلاي,30.843,31.151,Santa,مركز السنطة,santa-eg1604,30.773,31.119,Gharbia,الغربية
Balla El-Mustagidda,بلة المستجدة,28.471,30.662,Markz Bani Mazar,مركز بنى مزار,markz-bani-mazar-eg2406,28.518,30.731,Menia,المنيا
Baltag,بلتاج,30.995,30.981,Qutur,مركز قطور,qutur-eg1611,30.971,30.97,Gharbia,الغربية
Baltan,بلتان,30.375,31.17,Tukh,مركز طوخ,tukh-eg1408,30.344,31.19,Kalyoubia,القليوبية
Balgay,بلجاي,30.965,31.409,El Mansora,مركز المنصورة,el-mansora-eg1203,31.053,31.467,Dakahlia,الدقهلية
Balshasha,بلشاشة,31.157,30.854,Kafr Al-Shaykh,مركز كفر الشيخ,kafr-al-shaykh-eg1502,31.2,31.016,Kafr El-Shikh,كفر الشيخ
Balsafoura,بلصفورة,26.525,31.747,Suhag,مركز سوهاج,suhag-eg2603,26.547,31.655,Suhag,سوهاج
Balfiya,بلفيا,29.124,31.054,Bani Swayf,مركز بنى سويف,bani-swayf-eg2202,29.098,31.042,Beni Suef,بنى سويف
Balqas,بلقس,30.171,31.283,Qalyub,مركز قليوب,qalyub-eg1410,30.207,31.214,Kalyoubia,القليوبية
Balqatr,بلقطر,31.058,30.211,Abu Hummus,مركز ابوحمص,abu-hummus-eg1804,31.106,30.31,Behera,البحيرة
Balqatr El-Gharbiya,بلقطر الغربية,31.107,30.351,Abu Hummus,مركز ابوحمص,abu-hummus-eg1804,31.106,30.31,Behera,البحيرة
Balqina,بلقينا,30.938,31.125,El Mahalla El Kobra,مركز المحله الكبرى,el-mahalla-el-kobra-eg1607,31.017,31.13,Gharbia,الغربية
Balkim,بلكيم,30.751,31.105,Santa,مركز السنطة,santa-eg1604,30.773,31.119,Gharbia,الغربية
Balansoura,بلنصورة,27.933,30.7,Markz Abu Qurqas,مركز ابو قرقاص,markz-abu-qurqas-eg2404,27.939,30.77,Menia,المنيا
Balankouma,بلنكومة,31.024,30.808,Qillin,مركز قلين,qillin-eg1509,31.085,30.817,Kafr El-Shikh,كفر الشيخ
Balhasa,بلهاسة,28.671,30.795,Markz Maghagha,مركز مغاغة,markz-maghagha-eg2410,28.641,30.794,Menia,المنيا
Balous El-Hawy,بلوس الهوي,30.705,31.114,Santa,مركز السنطة,santa-eg1604,30.773,31.119,Gharbia,الغربية
Balout,بلوط,27.36,30.838,Al-Qusia,مركز القوصية,al-qusia-eg2509,27.403,30.826,Assiut,أسيوط
Bamamou Ezbet El-Koum El-Ahmar,بمموعزبة الكوم الأحمر,30.694,30.907,Tala,مركز تلا,tala-eg1707,30.67,30.946,Menoufia,المنوفية
Bamha,بمها,29.594,31.242,Ayat,مركز العياط,ayat-eg2112,29.564,31.25,Giza,الجيزة
Bana Abu Sir,بناأبوصير,30.895,31.216,Samannud,مركز سمنود,samannud-eg1610,30.95,31.221,Gharbia,الغربية
Banawit,بناويط,26.686,31.55,Al-Maragha,مركز المراغة,al-maragha-eg2606,26.669,31.588,Suhag,سوهاج
Banayous,بنايوس,30.607,31.503,Zaqaziq,مركز الزقازيق,zaqaziq-eg1303,30.587,31.581,Sharkia,الشرقية
Banban,بنبان,24.449,32.877,Daraw,مركز دراو,daraw-eg2806,24.326,33.001,Aswan,أسوان
Banban Qibli,بنبانقبلي,24.435,32.904,Daraw,مركز دراو,daraw-eg2806,24.326,33.001,Aswan,أسوان
Banga,بنجا,26.804,31.477,Tahta,مركز طهطا,tahta-eg2614,26.785,31.42,Suhag,سوهاج
Bandar El-Tibinat,بندار التبينات,26.37,31.865,Girga,مركز جرجا,girga-eg2610,26.307,31.867,Suhag,سوهاج
Bandar El-Ramliya,بندار الرملية,26.361,31.851,Girga,مركز جرجا,girga-eg2610,26.307,31.867,Suhag,سوهاج
Bandar El-Karmanya,بندار الكرمانية,26.549,31.759,Suhag,مركز سوهاج,suhag-eg2603,26.547,31.655,Suhag,سوهاج
Bandaf,بندف,30.569,31.403,Minya al-Qamh,مركز منيا القمح,minya-al-qamh-eg1314,30.507,31.369,Sharkia,الشرقية
Bank El-Iskan,بنك الاسكان,31.251,32.276,Al-Dawahy,قسم الضواحى,al-dawahy-eg0305,31.246,32.28,Port Said,بورسعيد
Banha,بنها,30.456,31.185,Banha,قسم بنها,banha-eg1401,30.466,31.19,Kalyoubia,القليوبية
Banha El-Gedida,بنها الجديده,30.461,31.198,Banha,قسم بنها,banha-eg1401,30.466,31.19,Kalyoubia,القليوبية
Banhou,بنهو,26.75,31.515,Tahta,مركز طهطا,tahta-eg2614,26.785,31.42,Suhag,سوهاج
Banoufar,بنوفر,30.832,30.79,Kafr Al-Zayyat,مركز كفر الزيات,kafr-al-zayyat-eg1612,30.807,30.835,Gharbia,الغربية
Bani Sulaiman,بنى سليمان,29.226,31.207,Al Wasta,مركز الواسطى,al-wasta-eg2205,29.324,31.17,Beni Suef,بنى سويف
Bani Amer,بنى عامر,28.662,30.725,Markz Al Idwa,مركز العدوة,markz-al-idwa-eg2405,28.696,30.74,Menia,المنيا
Bani Atiya,بنى عطية,29.062,31.102,Bani Swayf,قسم بنى سويف,bani-swayf-eg2201,29.077,31.097,Beni Suef,بنى سويف
Bani Mohamed,بنى محمد,29.335,31.146,Al Wasta,مركز الواسطى,al-wasta-eg2205,29.324,31.17,Beni Suef,بنى سويف
Bani Youssef,بنى يوسف,29.925,31.2,Giza,مركز الجيزة,giza-eg2109,29.943,31.213,Giza,الجيزة
Bani Ibrahim,بنيابراهيم,27.309,31.117,Abnub,مركز أبنوب,abnub-eg2504,27.295,31.106,Assiut,أسيوط
Bani Ahmed,بنيأحمد,29.014,30.98,Biba,مركز ببا,biba-eg2207,28.951,30.967,Beni Suef,بنى سويف
Bani Ahmed,بنيأحمد,28.05,30.77,Markz Al Minya,مركز المنيا,markz-al-minya-eg2402,28.101,30.641,Menia,المنيا
Bani Idris,بنيادريس,27.442,30.808,Al-Qusia,مركز القوصية,al-qusia-eg2509,27.403,30.826,Assiut,أسيوط
Bani Ashbal,بنيأشبل,30.613,31.435,Zaqaziq,مركز الزقازيق,zaqaziq-eg1303,30.587,31.581,Sharkia,الشرقية
Bani El-Hakam,بني الحكم,28.253,30.68,Markz Samalut,مركز سمالوط,markz-samalut-eg2408,28.285,30.629,Menia,المنيا
Bani Ayoub,بنيأيوب,30.581,31.705,Abu Hammad,مركز أبو حماد,abu-hammad-eg1304,30.543,31.649,Sharkia,الشرقية
Bani Bakheet,بنيبخيت,29.107,31.039,Bani Swayf,مركز بنى سويف,bani-swayf-eg2202,29.098,31.042,Beni Suef,بنى سويف
Bani Bakkar,بنيبكار,31.351,30.601,Mitubas,مركز مطوبس,mitubas-eg1510,31.383,30.47,Kafr El-Shikh,كفر الشيخ
Bani Gari,بنيجري,30.572,31.668,Abu Hammad,مركز أبو حماد,abu-hammad-eg1304,30.543,31.649,Sharkia,الشرقية
Bani Gamil,بنيجميل,26.192,31.992,Al-Balyana,مركز البلينا,al-balyana-eg2605,26.241,31.944,Suhag,سوهاج
Bani Hafez,بنيحافظ,27.801,30.822,Markz Mallawi,مركز ملوى,markz-mallawi-eg2412,27.775,30.801,Menia,المنيا
Bani Hadir,بنيحدير,29.255,31.208,Al Wasta,مركز الواسطى,al-wasta-eg2205,29.324,31.17,Beni Suef,بنى سويف
Bani Haram,بنيحرام,27.627,30.783,Markz Dir Mawas,مركز دير مواس,markz-dir-mawas-eg2407,27.655,30.79,Menia,المنيا
Bani Harb,بنيحرب,26.794,31.45,Tahta,مركز طهطا,tahta-eg2614,26.785,31.42,Suhag,سوهاج
Bani Hassan,بنيحسن,30.904,31.697,Awlad Saqr,مركز أولاد صقر,awlad-saqr-eg1319,30.969,31.777,Sharkia,الشرقية
Bani Hassan El-Ashraf,بنيحسن الأشراف,28.17,30.677,Markz Al Minya,مركز المنيا,markz-al-minya-eg2402,28.101,30.641,Menia,المنيا
Bani Hassan El-Shrouq,بنيحسن الشروق,27.902,30.859,Markz Abu Qurqas,مركز ابو قرقاص,markz-abu-qurqas-eg2404,27.939,30.77,Menia,المنيا
Bani Hussein,بنيحسين,30.451,31.319,Minya al-Qamh,مركز منيا القمح,minya-al-qamh-eg1314,30.507,31.369,Sharkia,الشرقية
Bani Hussein,بنيحسين,27.223,31.075,Assuit,مركز أسيوط,assuit-eg2503,27.117,31.232,Assiut,أسيوط
Bani Hella,بنيحلة,28.969,30.884,Sumusta,مركز سمسطا,sumusta-eg2208,28.951,30.866,Beni Suef,بنى سويف
Bani Hammad,بنيحماد,28.034,30.806,Markz Al Minya,مركز المنيا,markz-al-minya-eg2402,28.101,30.641,Menia,المنيا
Bani Hamad,بنيحمد,29.115,31.054,Bani Swayf,مركز بنى سويف,bani-swayf-eg2202,29.098,31.042,Beni Suef,بنى سويف
Bani Khaled,بنيخ الد,28.311,30.75,Markz Samalut,مركز سمالوط,markz-samalut-eg2408,28.285,30.629,Menia,المنيا
Bani Khaled,بنيخ الد,28.653,30.746,Markz Maghagha,مركز مغاغة,markz-maghagha-eg2410,28.641,30.794,Menia,المنيا
Bani Khaled,بنيخ الد,27.844,30.716,Markz Mallawi,مركز ملوى,markz-mallawi-eg2412,27.775,30.801,Menia,المنيا
Bani Khalaf,بنيخلف,28.639,30.76,Markz Maghagha,مركز مغاغة,markz-maghagha-eg2410,28.641,30.794,Menia,المنيا
Bani Khalifa,بنيخليفة,29.245,31.055,Nasir,مركز ناصر,nasir-eg2209,29.187,31.078,Beni Suef,بنى سويف
Bani Khalil,بنيخليل,28.949,31.03,Biba,مركز ببا,biba-eg2207,28.951,30.967,Beni Suef,بنى سويف
Bani Khiyar,بنيخيار,27.98,30.717,Markz Abu Qurqas,مركز ابو قرقاص,markz-abu-qurqas-eg2404,27.939,30.77,Menia,المنيا
Bani Rafea,بنيرافع,27.351,30.889,Manfalut,مركز منفلوط,manfalut-eg2512,27.294,30.951,Assiut,أسيوط
Bani Radwan,بنيرضوان,29.117,31.042,Bani Swayf,مركز بنى سويف,bani-swayf-eg2202,29.098,31.042,Beni Suef,بنى سويف
Bani Rouh,بنيروح,27.836,30.737,Markz Mallawi,مركز ملوى,markz-mallawi-eg2412,27.775,30.801,Menia,المنيا
Bani Zar,بنيزار,26.602,31.608,Suhag,مركز سوهاج,suhag-eg2603,26.547,31.655,Suhag,سوهاج
Bani Zeid,بنيزيد,27.216,31.145,Alfath,مركز الفتح,alfath-eg2513,27.218,31.212,Assiut,أسيوط
Bani Zeid Bouq,بنيزيدبوق,27.392,30.859,Al-Qusia,مركز القوصية,al-qusia-eg2509,27.403,30.826,Assiut,أسيوط
Bani Salem,بنيس الم,27.669,30.801,Markz Dir Mawas,مركز دير مواس,markz-dir-mawas-eg2407,27.655,30.79,Menia,المنيا
Bani Samet,بنيسامط,28.517,30.836,Markz Bani Mazar,مركز بنى مزار,markz-bani-mazar-eg2406,28.518,30.731,Menia,المنيا
Bani Said,بنيسعيد,27.965,30.683,Markz Abu Qurqas,مركز ابو قرقاص,markz-abu-qurqas-eg2404,27.939,30.77,Menia,المنيا
Bani Salama,بنيسلامة,30.328,30.437,Wadi Al-NatrUn,مركز وادى النطرون,wadi-al-natrun-eg1814,30.43,30.313,Behera,البحيرة
Bani Salama,بنيسلامة,30.313,30.85,Imbaba,مركز إمبابة,imbaba-eg2113,30.22,30.963,Giza,الجيزة
Bani Sulaiman El-Sharqiya,بنيسليمان الشرقية,29.046,31.102,Bani Swayf,مركز بنى سويف,bani-swayf-eg2202,29.098,31.042,Beni Suef,بنى سويف
Bani Samarj,بنيسمرج,28.196,30.623,Markz Samalut,مركز سمالوط,markz-samalut-eg2408,28.285,30.629,Menia,المنيا
Bani Samie,بنيسميع,27.035,31.279,Abu Tig,مركز أبوتيج,abu-tig-eg2505,27.037,31.289,Assiut,أسيوط
Bani Sanad,بنيسند,27.238,31.009,Manfalut,مركز منفلوط,manfalut-eg2512,27.294,30.951,Assiut,أسيوط
Bani Shaaran,بنيشعران,27.317,30.862,Manfalut,مركز منفلوط,manfalut-eg2512,27.294,30.951,Assiut,أسيوط
Bani Shaqir,بنيشقير,27.362,30.965,Manfalut,مركز منفلوط,manfalut-eg2512,27.294,30.951,Assiut,أسيوط
Bani Saleh,بنيص الح,30.456,31.417,Bilbis,مركز بلبيس,bilbis-eg1308,30.408,31.531,Sharkia,الشرقية
Bani Saleh,بنيص الح,29.383,31.268,Atfeh,مركز أطفيح,atfeh-eg2115,29.343,31.25,Giza,الجيزة
Bani Saleh,بنيص الح,28.856,30.856,Al Fashn,مركز الفشن,al-fashn-eg2204,28.809,30.827,Beni Suef,بنى سويف
Bani Saleh,بنيص الح,29.355,30.802,Fayyum,مركز الفيوم,fayyum-eg2302,29.3,30.955,Fayoum,الفيوم
Bani Saleh,بنيص الح,27.438,30.779,Al-Qusia,مركز القوصية,al-qusia-eg2509,27.403,30.826,Assiut,أسيوط
Bani Sarid,بنيصريد,30.764,31.801,Faqus,مركز فاقوس,faqus-eg1312,30.749,31.896,Sharkia,الشرقية
Bani Taleb,بنيط الب,27.194,31.236,Alfath,مركز الفتح,alfath-eg2513,27.218,31.212,Assiut,أسيوط
Bani Amer,بنيعامر,30.596,31.574,Zaqaziq,مركز الزقازيق,zaqaziq-eg1303,30.587,31.581,Sharkia,الشرقية
Bani Abbas,بنيعبس,31.045,31.763,Awlad Saqr,مركز أولاد صقر,awlad-saqr-eg1319,30.969,31.777,Sharkia,الشرقية
Bani Obeid,بنيعبيد,27.972,30.774,Markz Abu Qurqas,مركز ابو قرقاص,markz-abu-qurqas-eg2404,27.939,30.77,Menia,المنيا
Bani Adi,بنيعدي,29.179,31.163,Nasir,مركز ناصر,nasir-eg2209,29.187,31.078,Beni Suef,بنى سويف
Bani Adiyat,بنيعديات,27.251,30.957,Manfalut,مركز منفلوط,manfalut-eg2512,27.294,30.951,Assiut,أسيوط
Bani Affan,بنيعفان,29.095,31.048,Bani Swayf,مركز بنى سويف,bani-swayf-eg2202,29.098,31.042,Beni Suef,بنى سويف
Bani Oqba,بنيعقبة,28.877,30.956,Biba,مركز ببا,biba-eg2207,28.951,30.967,Beni Suef,بنى سويف
Bani Ali,بنيعلي,28.476,30.71,Markz Bani Mazar,مركز بنى مزار,markz-bani-mazar-eg2406,28.518,30.731,Menia,المنيا
Bani Alig,بنيعليج,27.237,31.221,Alfath,مركز الفتح,alfath-eg2513,27.218,31.212,Assiut,أسيوط
Bani Ammar,بنيعمار,28.377,30.746,Markz Matay,مركز مطاى,markz-matay-eg2409,28.431,30.71,Menia,المنيا
Bani Ammar,بنيعمار,26.735,31.513,Tahta,مركز طهطا,tahta-eg2614,26.785,31.42,Suhag,سوهاج
Bani Omran,بنيعمران,27.645,30.863,Markz Dir Mawas,مركز دير مواس,markz-dir-mawas-eg2407,27.655,30.79,Menia,المنيا
Bani Awad,بنيعوض,28.971,31.015,Biba,مركز ببا,biba-eg2207,28.951,30.967,Beni Suef,بنى سويف
Bani Eyyad,بنيعياد,30.656,31.422,Zaqaziq,مركز الزقازيق,zaqaziq-eg1303,30.587,31.581,Sharkia,الشرقية
Bani Eyyad,بنيعياض,30.706,31.708,Abu Kabir,مركز أبوكبير,abu-kabir-eg1305,30.733,31.69,Sharkia,الشرقية
Bani Eish,بنيعيش,26.341,31.873,Girga,مركز جرجا,girga-eg2610,26.307,31.867,Suhag,سوهاج
Bani Ghalib,بنيغ الب,27.2,31.047,Assuit,مركز أسيوط,assuit-eg2503,27.117,31.232,Assiut,أسيوط
Bani Gharyan,بنيغريان,30.619,31.183,Quwisna,مركز قويسنا,quwisna-eg1708,30.56,31.163,Menoufia,المنوفية
Bani Ghani,بنيغني,28.245,30.669,Markz Samalut,مركز سمالوط,markz-samalut-eg2408,28.285,30.629,Menia,المنيا
Bani Ghoneim,بنيغنيم,29.299,31.155,Al Wasta,مركز الواسطى,al-wasta-eg2205,29.324,31.17,Beni Suef,بنى سويف
Bani Faiz,بنيفيز,26.957,31.385,Sidfa,مركز صدفا,sidfa-eg2511,26.943,31.38,Assiut,أسيوط
Bani Qasem,بنيقاسم,28.968,30.986,Biba,مركز ببا,biba-eg2207,28.951,30.967,Beni Suef,بنى سويف
Bani Qorra,بنيقرة,27.393,30.9,Al-Qusia,مركز القوصية,al-qusia-eg2509,27.403,30.826,Assiut,أسيوط
Bani Quraish,بنيقريش,30.597,31.374,Minya al-Qamh,مركز منيا القمح,minya-al-qamh-eg1314,30.507,31.369,Sharkia,الشرقية
Bani Qamgar,بنيقمجر,28.007,30.716,Markz Al Minya,مركز المنيا,markz-al-minya-eg2402,28.101,30.641,Menia,المنيا
Bani Madi,بنيماضي,28.978,31.007,Biba,مركز ببا,biba-eg2207,28.951,30.967,Beni Suef,بنى سويف
Bani Magd,بنيمجد,27.291,30.93,Manfalut,مركز منفلوط,manfalut-eg2512,27.294,30.951,Assiut,أسيوط
Bani Magdoul,بنيمجدول,30.052,31.111,Kardasa,مركز كرداسة,kardasa-eg2120,30.051,31.134,Giza,الجيزة
Bani Mohamed El-Sharqiya,بنيمحمد الشرقية,28.963,31.017,Biba,مركز ببا,biba-eg2207,28.951,30.967,Beni Suef,بنى سويف
Bani Mohamed Rashed,بنيمحمدراشد,28.942,30.829,Sumusta,مركز سمسطا,sumusta-eg2208,28.951,30.866,Beni Suef,بنى سويف
Bani Mohamed Sultan,بنيمحمدسلطان,28.067,30.789,Markz Al Minya,مركز المنيا,markz-al-minya-eg2402,28.101,30.641,Menia,المنيا
Bani Mohamed Shaarawy,بنيمحمدشعراوي,28.027,30.85,Markz Abu Qurqas,مركز ابو قرقاص,markz-abu-qurqas-eg2404,27.939,30.77,Menia,المنيا
Bani Mohamediyat,بنيمحمديات,27.296,31.065,Abnub,مركز أبنوب,abnub-eg2504,27.295,31.106,Assiut,أسيوط
Bani Mar,بنيمر,27.228,31.188,Alfath,مركز الفتح,alfath-eg2513,27.218,31.212,Assiut,أسيوط
Bani Mansour,بنيمنصور,30.882,31.732,Awlad Saqr,مركز أولاد صقر,awlad-saqr-eg1319,30.969,31.777,Sharkia,الشرقية
Bani Mansour,بنيمنصور,26.211,31.903,Al-Balyana,مركز البلينا,al-balyana-eg2605,26.241,31.944,Suhag,سوهاج
Bani Manin,بنيمنين,28.777,30.797,Al Fashn,مركز الفشن,al-fashn-eg2204,28.809,30.827,Beni Suef,بنى سويف
Bani Mahdi,بنيمهدي,28.053,30.805,Markz Al Minya,مركز المنيا,markz-al-minya-eg2402,28.101,30.641,Menia,المنيا
Bani Mousa,بنيموسي,27.996,30.742,Markz Abu Qurqas,مركز ابو قرقاص,markz-abu-qurqas-eg2404,27.939,30.77,Menia,المنيا
Bani Mo'mena,بنيمؤمنة,28.997,30.906,Biba,مركز ببا,biba-eg2207,28.951,30.967,Beni Suef,بنى سويف
Bani Naseer,بنينصير,29.242,31.204,Al Wasta,مركز الواسطى,al-wasta-eg2205,29.324,31.17,Beni Suef,بنى سويف
Bani Haroun,بنيهارون,29.09,31.069,Bani Swayf,مركز بنى سويف,bani-swayf-eg2202,29.098,31.042,Beni Suef,بنى سويف
Bani Hashem,بنيهاشم,28.953,30.925,Biba,مركز ببا,biba-eg2207,28.951,30.967,Beni Suef,بنى سويف
Bani Hani,بنيهاني,29.152,30.943,Ahnasya,مركز أهناسيا,ahnasya-eg2206,29.102,30.943,Beni Suef,بنى سويف
Bani Helal,بنيهل ال,31.17,31.923,Manzala,مركز المنزلة,manzala-eg1207,31.153,31.958,Dakahlia,الدقهلية
Bani Helal,بنيهل ال,30.49,31.422,Minya al-Qamh,مركز منيا القمح,minya-al-qamh-eg1314,30.507,31.369,Sharkia,الشرقية
Bani Helal,بنيهل ال,27.462,30.752,Al-Qusia,مركز القوصية,al-qusia-eg2509,27.403,30.826,Assiut,أسيوط
Bani Helal,بنيهل ال,26.738,31.568,Al-Maragha,مركز المراغة,al-maragha-eg2606,26.669,31.588,Suhag,سوهاج
Bani Wasel,بنيواصل,26.672,31.694,Saqulta,مركز ساقلته,saqulta-eg2612,26.692,31.663,Suhag,سوهاج
Bani Wal El-Lams,بني واللمس,28.591,30.695,Markz Maghagha,مركز مغاغة,markz-maghagha-eg2410,28.641,30.794,Menia,المنيا
Bani Workan,بنيوركان,28.743,30.774,Markz Al Idwa,مركز العدوة,markz-al-idwa-eg2405,28.696,30.74,Menia,المنيا
Bani Weshah,بنيوشاح,26.641,31.565,Al-Maragha,مركز المراغة,al-maragha-eg2606,26.669,31.588,Suhag,سوهاج
Bani Yahya Bahari,بنييحييبحري,27.543,30.834,Dayrut,مركز ديروط,dayrut-eg2510,27.537,30.782,Assiut,أسيوط
Bani Yahya Qibli,بنييحييقبلي,27.406,30.854,Al-Qusia,مركز القوصية,al-qusia-eg2509,27.403,30.826,Assiut,أسيوط
Bahada,بهادة,30.222,31.148,Qanatir Al-Khayriyya,مركز القناطر الخيرية,qanatir-al-khayriyya-eg1404,30.214,31.135,Kalyoubia,القليوبية
Bahalil El-Gezira,به اليل الجزيرة,26.628,31.614,Al-Maragha,مركز المراغة,al-maragha-eg2606,26.669,31.588,Suhag,سوهاج
Bahbashin,بهبشين,29.201,31.086,Nasir,مركز ناصر,nasir-eg2209,29.187,31.078,Beni Suef,بنى سويف
Bahbit,بهبيت,29.646,31.26,Ayat,مركز العياط,ayat-eg2112,29.564,31.25,Giza,الجيزة
Bahbit El-Hagara,بهبيت الحجارة,31.038,31.289,Samannud,مركز سمنود,samannud-eg1610,30.95,31.221,Gharbia,الغربية
Bahta,بهتة,26.616,31.585,Al-Maragha,مركز المراغة,al-maragha-eg2606,26.669,31.588,Suhag,سوهاج
Bahtim,بهتيم,30.135,31.276,Shubra Al-Khayma 2,قسم ثان شبرا الخيمة,shubra-al-khayma-2-eg1407,30.135,31.285,Kalyoubia,القليوبية
Bahgat,بهجات,30.567,31.498,Zaqaziq,مركز الزقازيق,zaqaziq-eg1303,30.587,31.581,Sharkia,الشرقية
Bahgoura,بهجورة,26.054,32.211,Nag Hammadi,مركز نجع حمادى,nag-hammadi-eg2708,26.085,32.297,Qena,قنا
Bahdal,بهد ال,28.12,30.699,Markz Al Minya,مركز المنيا,markz-al-minya-eg2402,28.101,30.641,Menia,المنيا
Baharmas,بهرمس,30.158,31.109,Imbaba,مركز إمبابة,imbaba-eg2113,30.22,30.963,Giza,الجيزة
Bahmou,بهمو,29.368,30.852,Sinuras,مركز سنورس,sinuras-eg2305,29.441,30.815,Fayoum,الفيوم
Bahnabay,بهناباي,30.663,31.476,Zaqaziq,مركز الزقازيق,zaqaziq-eg1303,30.587,31.581,Sharkia,الشرقية
Bahnaio wa Mansha'atha,بهنايومنشأتها,30.396,31.067,Al-Bagur,مركز الباجور,al-bagur-eg1704,30.413,31.032,Menoufia,المنوفية
Bahnamouh,بهنموه,29.072,30.915,Ahnasya,مركز أهناسيا,ahnasya-eg2206,29.102,30.943,Beni Suef,بنى سويف
Bahniya,بهنيا,30.7,31.397,Dyarb Nigm,مركز ديرب نجم,dyarb-nigm-eg1310,30.752,31.444,Sharkia,الشرقية
Bahwash,بهواش,30.406,30.904,Minuf,مركز منوف,minuf-eg1709,30.46,30.881,Menoufia,المنوفية
Bahout,بهوت,31.176,31.335,Nebro,مركز نبروة,nebro-eg1221,31.129,31.297,Dakahlia,الدقهلية
Bahy El-Din,بهي الدين,29.225,25.376,Siwa,مركز سيوة,siwa-eg3306,28.703,25.589,Matrouh,مطروح
Bahig,بهيج,30.923,29.601,Burg al-Arab,قسم برج العرب,burg-al-arab-eg0214,30.901,29.494,Alexandria,الاسكندرية
Bahig,بهيج,27.253,31.106,Assuit,مركز أسيوط,assuit-eg2503,27.117,31.232,Assiut,أسيوط
Bahida,بهيدة,30.796,31.305,Mit Ghamr,مركز ميت غمر,mit-ghamr-eg1213,30.708,31.338,Dakahlia,الدقهلية
Bawabet El-Qantara Sharq El-Gomrok,بوابة القنطرة?شرق الجمرك?,30.938,32.578,"Qantara Sharq, al-",قسم القنطرة شرق,qantara-sharq-al-eg1908,30.603,32.55,Ismailia,الإسماعيلية
Bowalino wal Eskandarani,ب والينو والاسكندراني,31.189,29.917,Muharam Bik,قسم محرم بك,muharam-bik-eg0205,31.184,29.939,Alexandria,الاسكندرية
Boga,بوجة,28.21,30.669,Markz Samalut,مركز سمالوط,markz-samalut-eg2408,28.285,30.629,Menia,المنيا
Port Fouad,بور فؤاد,31.236,32.33,Port Fuad,قسم بور فؤاد,port-fuad-eg0304,31.236,32.33,Port Said,بورسعيد
Port Said,بورسعيد,24.758,30.61,Al-Kharga Oasis,مركز الواحات الخارجة,al-kharga-oasis-eg3201,24.964,31.013,New Valley,الوادى الجديد
Boreig,بوريج,30.91,30.965,Qutur,مركز قطور,qutur-eg1611,30.971,30.97,Gharbia,الغربية
Bo'oq,بوق,27.388,30.833,Al-Qusia,مركز القوصية,al-qusia-eg2509,27.403,30.826,Assiut,أسيوط
Boulaq,بولاق,24.335,30.673,Al-Kharga Oasis,مركز الواحات الخارجة,al-kharga-oasis-eg3201,24.964,31.013,New Valley,الوادى الجديد
Boulaq El-Dakrour,بولاق الدكرور,30.036,31.194,Bulaq Al-DakrUr,قسم بولاق الدكرور,bulaq-al-dakrur-eg2105,30.03,31.19,Giza,الجيزة
Boulin El-Fawayed,بولين الفوايد,30.738,30.714,Kum Hamada,مركز كوم حمادة,kum-hamada-eg1813,30.654,30.774,Behera,البحيرة
Bohet Shatanouf,بوهةشطانوف,30.259,31.035,Ashmun,مركز أشمون,ashmun-eg1703,30.299,31.008,Menoufia,المنوفية
Bowait,بويط,31.096,30.553,Al-Rahmaniyya,مركز الرحمانية,al-rahmaniyya-eg1815,31.106,30.584,Behera,البحيرة
Bowait,بويط,27.042,31.392,Sahil Silim,مركز ساحل سليم,sahil-silim-eg2507,27.093,31.349,Assiut,أسيوط
Bey El-Arab,بي العرب,30.398,31.03,Al-Bagur,مركز الباجور,al-bagur-eg1704,30.413,31.032,Menoufia,المنوفية
Bayad El-Arab,بياض العرب,29.061,31.137,Bani Swayf,مركز بنى سويف,bani-swayf-eg2202,29.098,31.042,Beni Suef,بنى سويف
Biban,بيبان,30.781,30.669,Kum Hamada,مركز كوم حمادة,kum-hamada-eg1813,30.654,30.774,Behera,البحيرة
Beit El-Khuraybi,بيت الخريبي,26.33,31.801,Girga,مركز جرجا,girga-eg2610,26.307,31.867,Suhag,سوهاج
Beit Khalaf,بيتخلاف,26.321,31.788,Girga,مركز جرجا,girga-eg2610,26.307,31.867,Suhag,سوهاج
Beit Dawoud Sahel,بيتداودسهل,26.304,31.811,Girga,مركز جرجا,girga-eg2610,26.307,31.867,Suhag,سوهاج
Beit Allam,بيتعلام,26.252,31.862,Girga,مركز جرجا,girga-eg2610,26.307,31.867,Suhag,سوهاج
Begam,بيجام,30.134,31.252,Shubra Al-Khayma 1,قسم أول شبرا الخيمة,shubra-al-khayma-1-eg1406,30.132,31.248,Kalyoubia,القليوبية
Bidaf,بيدف,29.649,31.232,Ayat,مركز العياط,ayat-eg2112,29.564,31.25,Giza,الجيزة
Bi'r 4,بئر 4,26.899,27.675,Al Farafra Oasis,مركز الفرافرة,al-farafra-oasis-eg3203,27.205,26.76,New Valley,الوادى الجديد
Bi'r 5,بئر 5,26.931,27.624,Al Farafra Oasis,مركز الفرافرة,al-farafra-oasis-eg3203,27.205,26.76,New Valley,الوادى الجديد
Bi'r 6,بئر 6,26.911,27.8,Al Farafra Oasis,مركز الفرافرة,al-farafra-oasis-eg3203,27.205,26.76,New Valley,الوادى الجديد
Bi'r 7,بئر 7,26.903,27.583,Al Farafra Oasis,مركز الفرافرة,al-farafra-oasis-eg3203,27.205,26.76,New Valley,الوادى الجديد
Bir El-Talatt,بير التلات,31.1,25.836,Sidi Barani,قسم سيدى برانى,sidi-barani-eg3305,30.656,25.886,Matrouh,مطروح
Bi'r El-Zeitouna,بئر الزيتونة,28.565,33.953,Sant Katrin,قسم سانت كاترين,sant-katrin-eg3504,28.66,34.052,South Sinai,جنوب سيناء
Bir El-Orouq,بير العروق,30.912,32.46,"Qantara Sharq, al-",قسم القنطرة شرق,qantara-sharq-al-eg1908,30.603,32.55,Ismailia,الإسماعيلية
Bi'r Bada,بئربدا,30.199,34.603,Qasima,قسم القسيمة,qasima-eg3411,30.464,34.301,North Sinai,شمال سيناء
Bir Gereid,بيرجريد,29.969,34.326,Nakhl,قسم نخل,nakhl-eg3407,29.909,34.024,North Sinai,شمال سيناء
Bir Habita,بيرحبيطة,30.489,32.573,"Qantara Sharq, al-",قسم القنطرة شرق,qantara-sharq-al-eg1908,30.603,32.55,Ismailia,الإسماعيلية
Bi'r Salaf,بئرسلاف,28.951,33.918,Abu Radis,قسم أبو رديس,abu-radis-eg3503,29.049,33.598,South Sinai,جنوب سيناء
Bir Shams,بيرشمس,30.377,31.052,Al-Bagur,مركز الباجور,al-bagur-eg1704,30.413,31.032,Menoufia,المنوفية
Bir Amara,بيرعمارة,30.395,31.489,Bilbis,مركز بلبيس,bilbis-eg1308,30.408,31.531,Sharkia,الشرقية
Bir Anbar,بيرعنبر,26.043,32.822,Qift,مركز قفط,qift-eg2711,25.998,32.827,Qena,قنا
Bir Madkour,بيرمدكور,30.694,32.532,"Qantara Sharq, al-",قسم القنطرة شرق,qantara-sharq-al-eg1908,30.603,32.55,Ismailia,الإسماعيلية
Bi'r Haroun,بئرهارون,28.803,33.772,Sant Katrin,قسم سانت كاترين,sant-katrin-eg3504,28.66,34.052,South Sinai,جنوب سيناء
Bisha Amer,بيشةعامر,30.471,31.471,Minya al-Qamh,مركز منيا القمح,minya-al-qamh-eg1314,30.507,31.369,Sharkia,الشرقية
Bisha Fayed,بيشةفايد,30.64,31.548,Zaqaziq,مركز الزقازيق,zaqaziq-eg1303,30.587,31.581,Sharkia,الشرقية
Bein El-Ganayen,بين الجناين,30.067,31.274,Al Wayli,قسم الوايلي,al-wayli-eg0122,30.072,31.283,Cairo,القاهرة
Bein El-Sourein,بين الصورين,30.051,31.259,Gamaliyya,قسم الجمالية,gamaliyya-eg0115,30.054,31.265,Cairo,القاهرة
Tag El-Dawl,تاج الدول,30.076,31.222,Imbaba,قسم امبابه,imbaba-eg2101,30.083,31.21,Giza,الجيزة
Tag El-Agam,تاج العجم,30.777,31.154,Santa,مركز السنطة,santa-eg1604,30.773,31.119,Gharbia,الغربية
Tag El-Ezz,تاج العز,30.949,31.605,Tamy Al-Amdid,مركز تمى الأمديد,tamy-al-amdid-eg1216,30.947,31.594,Dakahlia,الدقهلية
Tasa,تاسا,27.05,31.379,Sahil Silim,مركز ساحل سليم,sahil-silim-eg2507,27.093,31.349,Assiut,أسيوط
Tanouf,تانوف,27.663,30.819,Markz Dir Mawas,مركز دير مواس,markz-dir-mawas-eg2407,27.655,30.79,Menia,المنيا
Teta,تتا,30.507,30.927,Minuf,مركز منوف,minuf-eg1709,30.46,30.881,Menoufia,المنوفية
Tetagha,تتاغة,27.446,30.834,Al-Qusia,مركز القوصية,al-qusia-eg2509,27.403,30.826,Assiut,أسيوط
Taht El-Rob',تحت الربع,30.045,31.255,Al Darb al-Ahmar,قسم الدرب الأحمر,al-darb-al-ahmar-eg0114,30.041,31.26,Cairo,القاهرة
Tersa,ترسا,30.299,31.194,Tukh,مركز طوخ,tukh-eg1408,30.344,31.19,Kalyoubia,القليوبية
Tersa,ترسا,29.965,31.202,Giza,مركز الجيزة,giza-eg2109,29.943,31.213,Giza,الجيزة
Tersa,ترسا,29.435,30.828,Sinuras,مركز سنورس,sinuras-eg2305,29.441,30.815,Fayoum,الفيوم
Ter'et Ghoneim,ترعةغنيم,31.26,31.511,Shirbin,مركز شربين,shirbin-eg1210,31.261,31.576,Dakahlia,الدقهلية
Terougy,تروجي,30.985,30.16,Abu-l-Matamir,مركز ابوالمطامير,abu-l-matamir-eg1803,30.773,30.144,Behera,البحيرة
Tazment El-Sharqiya,تزمنت الشرقية,29.073,31.066,Bani Swayf,مركز بنى سويف,bani-swayf-eg2202,29.098,31.042,Beni Suef,بنى سويف
Tazment El-Gharbiya,تزمنت الغربية,29.07,31.043,Bani Swayf,مركز بنى سويف,bani-swayf-eg2202,29.098,31.042,Beni Suef,بنى سويف
Tatay,تطاي,30.705,31.09,Santa,مركز السنطة,santa-eg1604,30.773,31.119,Gharbia,الغربية
Tatoun,تطون,29.147,30.784,Atsa,مركز أطسا,atsa-eg2304,29.208,30.767,Fayoum,الفيوم
Tafahnet El-Ashraf,تفاهنة الأشراف,30.672,31.353,Mit Ghamr,مركز ميت غمر,mit-ghamr-eg1213,30.708,31.338,Dakahlia,الدقهلية
Taftish Than,تفتيش ثان,31.35,31.653,Kafr Sad,مركز كفر سعد,kafr-sad-eg1104,31.359,31.603,Damietta,دمياط
Tafahna El-Azab,تفهنا العزب,30.598,31.246,Zifta,مركز زفتى,zifta-eg1609,30.728,31.215,Gharbia,الغربية
Taqalifa,تق اليفة,29.395,30.821,Sinuras,مركز سنورس,sinuras-eg2305,29.441,30.815,Fayoum,الفيوم
Tell El-Eiss,تل العيس,30.808,29.122,Al-Hammam,قسم الحمام,al-hammam-eg3302,29.804,29.418,Matrouh,مطروح
Tell Narouz,تل ناروز,29.014,31.082,Bani Swayf,مركز بنى سويف,bani-swayf-eg2202,29.098,31.042,Beni Suef,بنى سويف
Telal El-Zouki,تل الزوكي,26.831,31.407,Tama,مركز طما,tama-eg2613,26.874,31.422,Suhag,سوهاج
Telal El-Qadi,تل القاضي,30.756,31.499,Dyarb Nigm,مركز ديرب نجم,dyarb-nigm-eg1310,30.752,31.444,Sharkia,الشرقية
Tell Awlad Serag,تلأولادسراج,27.174,31.243,Alfath,مركز الفتح,alfath-eg2513,27.218,31.212,Assiut,أسيوط
Tal Bani Tamim,تلبنيتميم,30.339,31.333,Shibin al-Qanatir,مركز شبين القناطر,shibin-al-qanatir-eg1405,30.296,31.307,Kalyoubia,القليوبية
Tal Bani Omran,تلبنيعمران,27.655,30.901,Markz Dir Mawas,مركز دير مواس,markz-dir-mawas-eg2407,27.655,30.79,Menia,المنيا
Tal Hawin,تلحوين,30.597,31.44,Zaqaziq,مركز الزقازيق,zaqaziq-eg1303,30.587,31.581,Sharkia,الشرقية
Tal Rouzin,تلروزن,30.405,31.504,Bilbis,مركز بلبيس,bilbis-eg1308,30.408,31.531,Sharkia,الشرقية
Tal Mohamed,تل محمد,30.747,31.578,El-Ibrahimiya,مركز الأبراهيمية,el-ibrahimiya-eg1317,30.732,31.564,Sharkia,الشرقية
Tal Mesmar,تلمسمار,30.609,31.409,Zaqaziq,مركز الزقازيق,zaqaziq-eg1303,30.587,31.581,Sharkia,الشرقية
Tal Meftah,تل مفتاح,30.633,31.688,Abu Hammad,مركز أبو حماد,abu-hammad-eg1304,30.543,31.649,Sharkia,الشرقية
Talat,تلات,29.33,30.752,Fayyum,مركز الفيوم,fayyum-eg2302,29.3,30.955,Fayoum,الفيوم
Talbana,تلبانة,30.983,31.464,El Mansora,مركز المنصورة,el-mansora-eg1203,31.053,31.467,Dakahlia,الدقهلية
Talbana,تلبانة,30.48,31.443,Minya al-Qamh,مركز منيا القمح,minya-al-qamh-eg1314,30.507,31.369,Sharkia,الشرقية
Talbana,تلبانة,30.945,30.547,Itay Al-Barud,مركز إيتاى البارود,itay-al-barud-eg1807,30.886,30.656,Behera,البحيرة
Tal Baqa,تلبقا,30.766,30.621,Kum Hamada,مركز كوم حمادة,kum-hamada-eg1813,30.654,30.774,Behera,البحيرة
Talbent Abshish,تلبنتأبشيش,30.456,31.1,Al-Bagur,مركز الباجور,al-bagur-eg1704,30.413,31.032,Menoufia,المنوفية
Talbent Aga,تلبنتأجا,30.957,31.298,Aga,مركز أجا,aga-eg1204,30.895,31.313,Dakahlia,الدقهلية
Talbent Qaysar,تلبنتقيصر,30.879,30.893,Tanta,مركز طنطا,tanta-eg1603,30.809,30.932,Gharbia,الغربية
Talla,تلة,28.079,30.718,Markz Al Minya,مركز المنيا,markz-al-minya-eg2402,28.101,30.641,Menia,المنيا
Telt,تلت,28.858,30.822,Al Fashn,مركز الفشن,al-fashn-eg2204,28.809,30.827,Beni Suef,بنى سويف
Tal Rak,تلراك,30.902,31.743,Awlad Saqr,مركز أولاد صقر,awlad-saqr-eg1319,30.969,31.777,Sharkia,الشرقية
Talwana,تلوانة,30.386,30.998,Al-Bagur,مركز الباجور,al-bagur-eg1704,30.413,31.032,Menoufia,المنوفية
Teliga,تليجة,30.764,31.646,Kafr Saqr,مركز كفر صقر,kafr-saqr-eg1313,30.837,31.675,Sharkia,الشرقية
Tanda,تندة,27.687,30.771,Markz Mallawi,مركز ملوى,markz-mallawi-eg2412,27.775,30.801,Menia,المنيا
Tanida,تنيدة,25.838,29.221,A-Dakhla Oasis,مركز الوحات الداخلة,a-dakhla-oasis-eg3202,24.803,27.209,New Valley,الوادى الجديد
Toshka Sharq,توشكى شرق,24.453,33.076,Nasr,مركز نصر,nasr-eg2805,24.373,32.932,Aswan,أسوان
Toshka Gharb,توشكى غرب,24.453,33.051,Nasr,مركز نصر,nasr-eg2805,24.373,32.932,Aswan,أسوان
Toumas wa Afiya,توماسوعافية,25.38,32.491,Isna,مركز إسنا,isna-eg2705,25.365,32.52,Qena,قنا
Toumas wa Afiya,توماسوعافية,24.596,32.978,Nasr,مركز نصر,nasr-eg2805,24.373,32.932,Aswan,أسوان
Tounah El-Gabal,تونة الجبل,27.78,30.731,Markz Mallawi,مركز ملوى,markz-mallawi-eg2412,27.775,30.801,Menia,المنيا
Tunis,تونس,26.623,31.69,Suhag,مركز سوهاج,suhag-eg2603,26.547,31.655,Suhag,سوهاج
Tida,تيدة,31.241,30.795,Sidi Salim,مركز سيدى سالم,sidi-salim-eg1507,31.31,30.738,Kafr El-Shikh,كفر الشيخ
Tirwa,تيروة,31.096,31.249,Nebro,مركز نبروة,nebro-eg1221,31.129,31.297,Dakahlia,الدقهلية
Thaletha,ث الثه,24.057,32.88,Aswan,قسم أسوان,aswan-eg2801,24.063,32.901,Aswan,أسوان
Than Port Fouad,ثان بور فؤاد,31.17,32.318,Port Fuad 2,قسم ثان بور فؤاد,port-fuad-2-eg0308,31.17,32.318,Port Said,بورسعيد
Thaniya,ثانيه,24.062,32.905,Aswan,قسم أسوان,aswan-eg2801,24.063,32.901,Aswan,أسوان
Garden City,جاردنسيتي,30.035,31.233,Qasr Al-Nile,قسم قصر النيل,qasr-al-nile-eg0111,30.043,31.235,Cairo,القاهرة
Galya,ج الية,30.969,31.437,El Mansora,مركز المنصورة,el-mansora-eg1203,31.053,31.467,Dakahlia,الدقهلية
Game' Sultan,جامعسلطان,31.187,29.902,Karmuz,قسم كرموز,karmuz-eg0208,31.179,29.904,Alexandria,الاسكندرية
Game'et El-Azhar,جامعة الأزهر,30.059,31.318,Madinat Nasr-2,قسم ثانمدينةنصر,madinat-nasr-2-eg0127,30.048,31.309,Cairo,القاهرة
Gabbarsal El-Bahariya,جبارس البحرية,30.884,30.576,Itay Al-Barud,مركز إيتاى البارود,itay-al-barud-eg1807,30.886,30.656,Behera,البحيرة
Gabbarsal El-Qibliya,جبارس القبلية,30.872,30.583,Itay Al-Barud,مركز إيتاى البارود,itay-al-barud-eg1807,30.886,30.656,Behera,البحيرة
Gabal Abu Seir,جبل أبوصير,29.216,31.037,Nasir,مركز ناصر,nasir-eg2209,29.187,31.078,Beni Suef,بنى سويف
Gabal Abu Khosheib,جبلأبوخشيب,30.21,32.879,"Qantara Sharq, al-",قسم القنطرة شرق,qantara-sharq-al-eg1908,30.603,32.55,Ismailia,الإسماعيلية
Gabal El-Teir,جبل الطير,28.252,30.756,Markz Samalut,مركز سمالوط,markz-samalut-eg2408,28.285,30.629,Menia,المنيا
Gabal El-Mozallel wal Zaraniq,جبل المظلل والزرانيق,28.797,33.689,Sant Katrin,قسم سانت كاترين,sant-katrin-eg3504,28.66,34.052,South Sinai,جنوب سيناء
Gabal El-Nour,جبل النور,28.987,31.049,Biba,مركز ببا,biba-eg2207,28.951,30.967,Beni Suef,بنى سويف
Gabla,جبلة,29.414,30.898,Sinuras,مركز سنورس,sinuras-eg2305,29.441,30.815,Fayoum,الفيوم
Gahdam,جحدم,27.218,30.998,Manfalut,مركز منفلوط,manfalut-eg2512,27.294,30.951,Assiut,أسيوط
Gadam,جدام,30.704,30.873,Tala,مركز تلا,tala-eg1707,30.67,30.946,Menoufia,المنوفية
Gedida El-Manzala,جديدة المنزلة,31.159,31.911,Manzala,مركز المنزلة,manzala-eg1207,31.153,31.958,Dakahlia,الدقهلية
Gedida El-Hala,جديدة اله الة,31.007,31.465,El Mansora,مركز المنصورة,el-mansora-eg1203,31.053,31.467,Dakahlia,الدقهلية
Gedila,جديله,31.065,31.431,E Mansora 2,قسم ثان المنصورة,e-mansora-2-eg1202,31.047,31.419,Dakahlia,الدقهلية
Garagous,جراجوس,25.871,32.762,Qus,مركز قوص,qus-eg2707,25.857,32.789,Qena,قنا
Garah,جراح,30.933,31.271,Aga,مركز أجا,aga-eg1204,30.895,31.313,Dakahlia,الدقهلية
Garawla,جراولة,31.269,27.341,Marsa Matruh,قسم مرسى مطروح,marsa-matruh-eg3301,30.022,26.997,Matrouh,مطروح
Gardou,جردو,29.294,30.703,Atsa,مركز أطسا,atsa-eg2304,29.208,30.767,Fayoum,الفيوم
Garza,جرزة,29.452,31.188,Ayat,مركز العياط,ayat-eg2112,29.564,31.25,Giza,الجيزة
Garf Hussein,جرفحسين,24.634,32.943,Nasr,مركز نصر,nasr-eg2805,24.373,32.932,Aswan,أسوان
Garf Sarhan,جرفسرحان,27.586,30.842,Dayrut,مركز ديروط,dayrut-eg2510,27.537,30.782,Assiut,أسيوط
Garfas,جرفس,29.397,30.875,Sinuras,مركز سنورس,sinuras-eg2305,29.441,30.815,Fayoum,الفيوم
Garwan,جروان,30.433,31.009,Al-Bagur,مركز الباجور,al-bagur-eg1704,30.413,31.032,Menoufia,المنوفية
Gereis,جريس,27.924,30.768,Markz Abu Qurqas,مركز ابو قرقاص,markz-abu-qurqas-eg2404,27.939,30.77,Menia,المنيا
Gereis wa Ezbet'ha,جريسوعزبتها,30.331,30.931,Ashmun,مركز أشمون,ashmun-eg1703,30.299,31.008,Menoufia,المنوفية
Goz' men Madinet El-Asher - Mogawarat men 35 - 67,جزء من مدينة العاشر-مجاورات من 35 - 67,30.222,31.732,10 Ramadan 1,قسم اول مدينة العاشر من رمضان,10-ramadan-1-eg1309,30.222,31.732,Sharkia,الشرقية
Goz' men Madinet El-Asher Mogawarat men 1 - 34,جزء من مدينة العاشر مجاورات من 1 - 34,30.238,31.7,10 Ramadan 2,قسم ثان مدينه العاشر من رمضان,10-ramadan-2-eg1321,30.238,31.7,Sharkia,الشرقية
Gazaya,جزاية,30.184,31.031,Imbaba,مركز إمبابة,imbaba-eg2113,30.22,30.963,Giza,الجيزة
Gazayer Eissa,جزائرعيسي,30.856,30.597,Al-Dilingat,مركز الدلنجات,al-dilingat-eg1805,30.81,30.49,Behera,البحيرة
Gazi,جزي,30.47,30.858,Minuf,مركز منوف,minuf-eg1709,30.46,30.881,Menoufia,المنوفية
Geziret Mohamed,جزيرة محمد,30.112,31.189,Waraq,قسم الوراق,waraq-eg2117,30.097,31.189,Giza,الجيزة
Geziret Abu Saleh,جزيرة أبو صالح,29.157,31.177,Nasir,مركز ناصر,nasir-eg2209,29.187,31.078,Beni Suef,بنى سويف
Geziret El-Hagar,جزيرة الحجر,30.56,30.845,Al-Shuhada,مركز الشهداء,al-shuhada-eg1705,30.601,30.87,Menoufia,المنوفية
Geziret El-Hamoudi,جزيرة الحمودي,26.07,32.376,Al Waqf,مركز الوقف,al-waqf-eg2712,26.084,32.448,Qena,قنا
Geziret El-Khazendariya,جزيرة الخزندارية,26.78,31.516,Tahta,مركز طهطا,tahta-eg2614,26.785,31.42,Suhag,سوهاج
Geziret El-Dahab,جزيرة الدهب,29.981,31.216,Giza,قسم الجيزة,giza-eg2104,29.999,31.216,Giza,الجيزة
Geziret El-Doum,جزيرة الدوم,26.133,32.156,Abu Tisht,مركز أبو طشت,abu-tisht-eg2703,26.13,32.086,Qena,قنا
Geziret El-Shouraniya,جزيرة الشورانية,26.699,31.626,Al-Maragha,مركز المراغة,al-maragha-eg2606,26.669,31.588,Suhag,سوهاج
Geziret El-Sheikh,جزيرة الشيخ,30.71,31.737,Abu Kabir,مركز أبوكبير,abu-kabir-eg1305,30.733,31.69,Sharkia,الشرقية
Geziret El-Tawabya,جزيرة الطوابية,26.129,32.569,Qina,مركز قنا,qina-eg2702,26.163,32.578,Qena,قنا
Geziret El-Awamiya,جزيرة العوامية,25.687,32.633,Luxor,قسم الأقصر,luxor-eg2901,25.707,32.67,Luxor,مدينة الأقصر
Geziret El-Foqa'i,جزيرة الفقاعي,28.891,30.931,Biba,مركز ببا,biba-eg2207,28.951,30.967,Beni Suef,بنى سويف
Geziret El-Kareimat,جزيرة الكريمات,29.241,31.233,Atfeh,مركز أطفيح,atfeh-eg2115,29.343,31.25,Giza,الجيزة
Geziret El-Mosa'ada,جزيرة المساعدة,29.348,31.21,Al Wasta,مركز الواسطى,al-wasta-eg2205,29.324,31.17,Beni Suef,بنى سويف
Geziret El-Ma'abda El-Bahariya,جزيرة المعابدة البحرية,27.393,30.937,Manfalut,مركز منفلوط,manfalut-eg2512,27.294,30.951,Assiut,أسيوط
Geziret El-Montaser,جزيرة المنتصر,26.55,31.799,Al-Minshat,مركز المنشأة,al-minshat-eg2607,26.464,31.756,Suhag,سوهاج
Geziret El-Nour,جزيرة النور,29.363,31.219,Al Wasta,مركز الواسطى,al-wasta-eg2205,29.324,31.17,Beni Suef,بنى سويف
Geziret El-Wokliya,جزيرة الوكلية,28.843,30.913,Al Fashn,مركز الفشن,al-fashn-eg2204,28.809,30.827,Beni Suef,بنى سويف
Geziret Imbaba,جزيرةامبابة,30.075,31.216,Imbaba,قسم امبابه,imbaba-eg2101,30.083,31.21,Giza,الجيزة
Geziret Awlad Hamza,جزيرة أولاد حمزة,26.394,31.84,Al Usayrat,مركز العسيرات,al-usayrat-eg2617,26.401,31.815,Suhag,سوهاج
Geziret Biba,جزيرة ببا,28.913,30.987,Biba,مركز ببا,biba-eg2207,28.951,30.967,Beni Suef,بنى سويف
Geziret Badran,جزيرةبدران,30.072,31.242,Rud Al-Farag,قسم روضالفرج,rud-al-farag-eg0120,30.075,31.238,Cairo,القاهرة
Geziret Bali,جزيرةبلي,30.415,31.301,Banha,مركز بنها,banha-eg1402,30.443,31.248,Kalyoubia,القليوبية
Geziret Baharif,جزيرةبهريف,24.179,32.87,Aswan,مركز أسوان,aswan-eg2802,23.972,32.831,Aswan,أسوان
Geziret Bahig,جزيرةبهيج,27.268,31.131,Abnub,مركز أبنوب,abnub-eg2504,27.295,31.106,Assiut,أسيوط
Geziret Tal Bani Omran,جزيرةتلبنيعمران,27.665,30.885,Markz Dir Mawas,مركز دير مواس,markz-dir-mawas-eg2407,27.655,30.79,Menia,المنيا
Geziret Tiran,جزيرةتيران,27.965,34.571,Sharm el-Sheikh,قسم شرم الشيخ,sharm-el-sheikh-eg3505,28.08,34.203,South Sinai,جنوب سيناء
Geziret Rageh,جزيرةراجح,25.232,32.62,Isna,مركز إسنا,isna-eg2705,25.365,32.52,Qena,قنا
Geziret Saoudi,جزيرةسعودي,30.849,31.979,Al-Husayniya,مركز الحسينية,al-husayniya-eg1306,30.924,32.006,Sharkia,الشرقية
Geziret Sharouna,جزيرةشارونة,28.638,30.866,Markz Maghagha,مركز مغاغة,markz-maghagha-eg2410,28.641,30.794,Menia,المنيا
Geziret Shendweil,جزيرةشندويل,26.615,31.644,Suhag,مركز سوهاج,suhag-eg2603,26.547,31.655,Suhag,سوهاج
Geziret Sheiba,جزيرةشيبة,27.964,30.874,Markz Abu Qurqas,مركز ابو قرقاص,markz-abu-qurqas-eg2404,27.939,30.77,Menia,المنيا
Geziret Sanafir,جزيرةصنافير,27.933,34.72,Sharm el-Sheikh,قسم شرم الشيخ,sharm-el-sheikh-eg3505,28.08,34.203,South Sinai,جنوب سيناء
Geziret Tama,جزيرة طما,26.921,31.453,Tama,مركز طما,tama-eg2613,26.874,31.422,Suhag,سوهاج
Geziret Mahrous,جزيرةمحروس,26.546,31.729,Akhmim,مركز أخميم,akhmim-eg2604,26.551,31.715,Suhag,سوهاج
Geziret Matawe',جزيرةمطاوع,30.881,31.77,Awlad Saqr,مركز أولاد صقر,awlad-saqr-eg1319,30.969,31.777,Sharkia,الشرقية
Geziret Mateira,جزيرةمطيرة,25.883,32.737,Qus,مركز قوص,qus-eg2707,25.857,32.789,Qena,قنا
Geziret Mit Oqba,جزيرةميتعقبة,30.06,31.203,Al-Aguza,قسم العجوزة,al-aguza-eg2102,30.059,31.204,Giza,الجيزة
Geziret Nakla,جزيرةنكلا,30.935,30.773,Shubra Khit,مركز شبراخيت,shubra-khit-eg1810,31.003,30.679,Behera,البحيرة
Geziret El-Ahrar - El-A'gam,جزيره الأحرار - الأعجام,30.353,31.118,Tukh,مركز طوخ,tukh-eg1408,30.344,31.19,Kalyoubia,القليوبية
Gesr Shubra,جسرشبرا,30.077,31.248,Shubra,قسم شبرا,shubra-eg0119,30.072,31.25,Cairo,القاهرة
Gosfa,جصفا,30.651,31.333,Mit Ghamr,مركز ميت غمر,mit-ghamr-eg1213,30.708,31.338,Dakahlia,الدقهلية
Ga'eif,جعيف,30.896,30.597,Itay Al-Barud,مركز إيتاى البارود,itay-al-barud-eg1807,30.886,30.656,Behera,البحيرة
Galal,جل ال,31.059,28.184,Daba,مركز الضبعة,daba-eg3304,29.463,28.243,Matrouh,مطروح
Galal El-Sharqiya,جل ال الشرقية,27.701,30.87,Markz Mallawi,مركز ملوى,markz-mallawi-eg2412,27.775,30.801,Menia,المنيا
Galbana,جلبانة,30.929,32.505,"Qantara Sharq, al-",قسم القنطرة شرق,qantara-sharq-al-eg1908,30.603,32.55,Ismailia,الإسماعيلية
Galmouh,جلموه,30.858,31.311,Aga,مركز أجا,aga-eg1204,30.895,31.313,Dakahlia,الدقهلية
Gamgara,جمجرة,30.507,31.237,Banha,مركز بنها,banha-eg1402,30.443,31.248,Kalyoubia,القليوبية
Gamgamoun,جمجمون,31.121,30.681,Disuq,مركز دسوق,disuq-eg1506,31.15,30.72,Kafr El-Shikh,كفر الشيخ
Gamsa,جمسة,27.491,33.562,Hurghada 2,قسم ثان الغردقة,hurghada-2-eg3108,27.745,33.08,Red Sea,البحر الأحمر
Gamasa,جمصة,31.442,31.57,Kafr Sad,مركز كفر سعد,kafr-sad-eg1104,31.359,31.603,Damietta,دمياط
Game'yet El-Wadi El-Gedid,جمعية الوادى الجديد,26.979,27.805,Al Farafra Oasis,مركز الفرافرة,al-farafra-oasis-eg3203,27.205,26.76,New Valley,الوادى الجديد
Gameiza Belgay,جميزةبلجاي,30.955,31.388,El Mansora,مركز المنصورة,el-mansora-eg1203,31.053,31.467,Dakahlia,الدقهلية
Gameiza Bani Amro,جميزةبنيعمرو,30.802,31.554,Dyarb Nigm,مركز ديرب نجم,dyarb-nigm-eg1310,30.752,31.444,Sharkia,الشرقية
Gamei'a,جميعة,30.926,28.433,Daba,مركز الضبعة,daba-eg3304,29.463,28.243,Matrouh,مطروح
Ganag,جناج,31.011,30.788,Basyun,مركز بسيون,basyun-eg1608,30.959,30.827,Gharbia,الغربية
Ganah,جناح,25.376,30.548,Al-Kharga Oasis,مركز الواحات الخارجة,al-kharga-oasis-eg3201,24.964,31.013,New Valley,الوادى الجديد
Ganah 1,جناح 1,25.059,30.161,Al-Kharga Oasis,مركز الواحات الخارجة,al-kharga-oasis-eg3201,24.964,31.013,New Valley,الوادى الجديد
Ganah 3,جناح 3,24.162,29.714,Al-Kharga Oasis,مركز الواحات الخارجة,al-kharga-oasis-eg3201,24.964,31.013,New Valley,الوادى الجديد
Ganah 7,جناح 7,24.61,29.847,Al-Kharga Oasis,مركز الواحات الخارجة,al-kharga-oasis-eg3201,24.964,31.013,New Valley,الوادى الجديد
Ganayen El-Wayliya,جناين الوايلية,30.07,31.274,Al Wayli,قسم الوايلي,al-wayli-eg0122,30.072,31.283,Cairo,القاهرة
Ganbway,جنبواي,30.962,30.569,Itay Al-Barud,مركز إيتاى البارود,itay-al-barud-eg1807,30.886,30.656,Behera,البحيرة
Ganzour,جنزور,30.683,31.031,Birkat Al-Sab,مركز بركة السبع,birkat-al-sab-eg1706,30.651,31.108,Menoufia,المنوفية
Juheina al-Bahariya,جهينة البحرية,30.717,31.828,Faqus,مركز فاقوس,faqus-eg1312,30.749,31.896,Sharkia,الشرقية
Juheina al-Sharqiya,جهينة الشرقية,26.648,31.523,Guhayna Al-Gharbiyya,مركز جهينة الغربية,guhayna-al-gharbiyya-eg2611,26.689,31.471,Suhag,سوهاج
Jawada,جوادة,28.376,30.702,Markz Matay,مركز مطاى,markz-matay-eg2409,28.431,30.71,Menia,المنيا
Jawjar,جوجر,31.055,31.355,Talkha,مركز طلخا,talkha-eg1211,31.109,31.383,Dakahlia,الدقهلية
Gawda Moussa,جودة موسى,30.569,31.032,Shibin al-Kum,قسم شبين الكوم,shibin-al-kum-eg1701,30.556,31.0,Menoufia,المنوفية
Jawz Abu Ra'd,جوزأبورعد,31.097,34.206,Rafah,قسم رفح,rafah-eg3409,31.087,34.227,North Sinai,شمال سيناء
Gawhar al-Qa'id,جوهر القائد,30.05,31.258,Gamaliyya,قسم الجمالية,gamaliyya-eg0115,30.054,31.265,Cairo,القاهرة
Hagar Qena,حاجر قنا,26.164,32.735,Qina,قسم قنا,qina-eg2701,26.165,32.712,Qena,قنا
Hagar Bani Suleiman,حاجربنيسليمان,29.167,30.99,Bani Swayf,مركز بنى سويف,bani-swayf-eg2202,29.098,31.042,Beni Suef,بنى سويف
Hagar Mishta,حاجرمشطا,26.806,31.366,Tahta,مركز طهطا,tahta-eg2614,26.785,31.42,Suhag,سوهاج
Haze'q,حاذق,31.247,31.18,Biyalu,مركز بيلا,biyalu-eg1504,31.32,31.248,Kafr El-Shikh,كفر الشيخ
Haret al-Roum,حارة الروم,30.043,31.261,Al Darb al-Ahmar,قسم الدرب الأحمر,al-darb-al-ahmar-eg0114,30.041,31.26,Cairo,القاهرة
Haret al-Faraheda,حارة الفراهدة,31.192,29.896,A L Labban,قسم اللبان,a-l-labban-eg0209,31.191,29.892,Alexandria,الاسكندرية
Haret Oula,حارةأولي,30.023,31.212,Giza,قسم الجيزة,giza-eg2104,29.999,31.216,Giza,الجيزة
Haret Talta,حارةث الثة,30.012,31.212,Giza,قسم الجيزة,giza-eg2104,29.999,31.216,Giza,الجيزة
Haret Tanya,حارةثانبة,30.01,31.218,Giza,قسم الجيزة,giza-eg2104,29.999,31.216,Giza,الجيزة
Haret Rab'a,حارةرابعة,30.005,31.215,Giza,قسم الجيزة,giza-eg2104,29.999,31.216,Giza,الجيزة
Haret Madawwara,حارةمدورة,31.201,29.886,Al Gumruk,قسم الجمرك,al-gumruk-eg0210,31.203,29.879,Alexandria,الاسكندرية
Hanout,حانوت,30.904,31.65,Kafr Saqr,مركز كفر صقر,kafr-saqr-eg1313,30.837,31.675,Sharkia,الشرقية
Hanout,حانوت,30.776,31.221,Zifta,مركز زفتى,zifta-eg1609,30.728,31.215,Gharbia,الغربية
Habata,حباطة,31.185,25.385,Salloum,قسم السلوم,salloum-eg3303,30.646,25.255,Matrouh,مطروح
Habib al-Sakhawi,حبيب السخاوي,30.98,31.159,El Mahalla El Kobra 2,قسم ثان المحلة الكبرى,el-mahalla-el-kobra-2-eg1606,30.971,31.157,Gharbia,الغربية
Hatawa,حتاوة,30.953,27.158,Marsa Matruh,قسم مرسى مطروح,marsa-matruh-eg3301,30.022,26.997,Matrouh,مطروح
Haggaga,حجاجة,31.248,31.774,Fariskur,مركز فارسكور,fariskur-eg1103,31.31,31.733,Damietta,دمياط
Hegaza,حجازة,25.849,32.8,Qus,مركز قوص,qus-eg2707,25.857,32.789,Qena,قنا
Hegaza Bahari,حجازةبحري,25.89,32.813,Qus,مركز قوص,qus-eg2707,25.857,32.789,Qena,قنا
Hagar al-Nawatiya,حجر النواتية,31.217,29.983,Kesm than Al Raml,قسم ثان الرمل,kesm-than-al-raml-eg0217,31.211,29.994,Alexandria,الاسكندرية
Hada'iq al-Qubba,حدائق القبة,30.087,31.279,Hadaiq Al-Qubba,قسم حدائقالقبة,hadaiq-al-qubba-eg0123,30.086,31.283,Cairo,القاهرة
Hada'iq Zeinhom,حدائقزينهم,30.024,31.248,Sayyida Zainab,قسم السيدة زينب,sayyida-zainab-eg0107,30.03,31.242,Cairo,القاهرة
Hira',حراء,30.657,30.671,Badr,مركز بدر,badr-eg1818,30.547,30.679,Behera,البحيرة
Harara,حرارة,30.9,30.367,Hush Isa,مركز حوش عيسى,hush-isa-eg1808,30.891,30.346,Behera,البحيرة
Hassan - Hassan Ayat,حسن - حسن ايات,28.192,30.665,Markz Samalut,مركز سمالوط,markz-samalut-eg2408,28.285,30.629,Menia,المنيا
Hassan Hassan Amer,حسن حسن عامر,30.575,31.005,Shibin al-Kum,قسم شبين الكوم,shibin-al-kum-eg1701,30.556,31.0,Menoufia,المنوفية
Hussein Abu al-Yusr,حسين أبواليسر,30.191,29.86,Nubariyya West,قسم غرب النوبارية,nubariyya-west-eg1817,30.425,29.897,Behera,البحيرة
Hussein Sayed,حسين سيد,30.954,31.167,El Mahalla El Kobra 1,قسم أول المحلة الكبرى,el-mahalla-el-kobra-1-eg1605,30.972,31.172,Gharbia,الغربية
Hasset Abyar,حصةأبيار,30.907,30.818,Basyun,مركز بسيون,basyun-eg1608,30.959,30.827,Gharbia,الغربية
Hasset Akwa,حصةأكوة,30.733,30.83,Kafr Al-Zayyat,مركز كفر الزيات,kafr-al-zayyat-eg1612,30.807,30.835,Gharbia,الغربية
Hasset al-Ruhban,حصة الرهبان,30.753,31.375,Dyarb Nigm,مركز ديرب نجم,dyarb-nigm-eg1310,30.752,31.444,Sharkia,الشرقية
Hasset al-Dahriya,حصة الضهرية,30.863,30.757,Itay Al-Barud,مركز إيتاى البارود,itay-al-barud-eg1807,30.886,30.656,Behera,البحيرة
Hasset al-Ghuneimi,حصة الغنيمي,31.149,30.789,Qillin,مركز قلين,qillin-eg1509,31.085,30.817,Kafr El-Shikh,كفر الشيخ
Hasset al-Manasra,حصة المناصرة,30.787,31.914,Al-Husayniya,مركز الحسينية,al-husayniya-eg1306,30.924,32.006,Sharkia,الشرقية
Hasset Barma,حصةبرما,30.853,30.889,Tanta,مركز طنطا,tanta-eg1603,30.809,30.932,Gharbia,الغربية
Hasset Shabshir,حصةشبشير,30.865,31.045,Tanta,مركز طنطا,tanta-eg1603,30.809,30.932,Gharbia,الغربية
Hasset Melig,حصةمليج,30.612,31.047,Shibin al-Kum,مركز شبين الكوم,shibin-al-kum-eg1702,30.561,30.954,Menoufia,المنوفية
Hatiya al-Sheikh Marzouq,حطية الشيخ مرزوق,26.88,27.935,Al Farafra Oasis,مركز الفرافرة,al-farafra-oasis-eg3203,27.205,26.76,New Valley,الوادى الجديد
Hafs,حفص,30.973,30.345,Damanhur,مركز دمنهور,damanhur-eg1802,31.032,30.527,Behera,البحيرة
Hafna,حفنا,30.412,31.458,Bilbis,مركز بلبيس,bilbis-eg1308,30.408,31.531,Sharkia,الشرقية
Hakr al-Tebbin,حكر التبين,29.797,31.307,Al Tibbin,قسم التبين,al-tibbin-eg0101,29.781,31.337,Cairo,القاهرة
Halaba wa Kafr al-Sabil,حلابةوكفر السبيل,30.208,31.195,Qalyub,مركز قليوب,qalyub-eg1410,30.207,31.214,Kalyoubia,القليوبية
Halazin,حلازين,31.341,26.729,Marsa Matruh,قسم مرسى مطروح,marsa-matruh-eg3301,30.022,26.997,Matrouh,مطروح
Halayeb,حلايب,22.682,35.931,Halayib,قسم حلايب,halayib-eg3107,22.386,36.0,Red Sea,البحر الأحمر
Halfaya,حلفاية,31.27,25.111,Salloum,قسم السلوم,salloum-eg3303,30.646,25.255,Matrouh,مطروح
Helmiet al-Zeitoun,حلمية الزيتون,30.118,31.317,Ain Shams,قسم عينشمس,ain-shams-eg0130,30.123,31.33,Cairo,القاهرة
Helmiet al-Na'am,حلمية النعام,30.118,31.331,Ain Shams,قسم عينشمس,ain-shams-eg0130,30.123,31.33,Cairo,القاهرة
Helwan al-Bahariya,حلوان البحرية,29.841,31.354,Hilwan,قسم حلوان,hilwan-eg0102,29.854,31.329,Cairo,القاهرة
Helwan al-Balad,حلوان البلد,29.843,31.307,Hilwan,قسم حلوان,hilwan-eg0102,29.854,31.329,Cairo,القاهرة
Helwan al-Sharqiya,حلوان الشرقية,29.863,31.343,Hilwan,قسم حلوان,hilwan-eg0102,29.854,31.329,Cairo,القاهرة
Helwan al-Gharbiya,حلوان الغربية,29.85,31.33,Hilwan,قسم حلوان,hilwan-eg0102,29.854,31.329,Cairo,القاهرة
Helwan al-Qibliya,حلوان القبلية,29.824,31.334,Hilwan,قسم حلوان,hilwan-eg0102,29.854,31.329,Cairo,القاهرة
Helwa,حلوة,28.446,30.667,Markz Matay,مركز مطاى,markz-matay-eg2409,28.431,30.71,Menia,المنيا
Huleis,حليس,31.183,30.932,Kafr Al-Shaykh,مركز كفر الشيخ,kafr-al-shaykh-eg1502,31.2,31.016,Kafr El-Shikh,كفر الشيخ
Halifiya,حليفيا,29.637,33.281,Ras Sidr,قسم رأس سدر,ras-sidr-eg3502,29.599,33.317,South Sinai,جنوب سيناء
Hamada,حمادة,31.099,31.721,Dikirnis,مركز دكرنس,dikirnis-eg1209,31.093,31.78,Dakahlia,الدقهلية
Hamada,حمادة,30.962,31.827,Awlad Saqr,مركز أولاد صقر,awlad-saqr-eg1319,30.969,31.777,Sharkia,الشرقية
Hamada,حماضة,28.517,30.865,Markz Bani Mazar,مركز بنى مزار,markz-bani-mazar-eg2406,28.518,30.731,Menia,المنيا
Hamret Doum,حمرةدوم,26.12,32.329,Nag Hammadi,مركز نجع حمادى,nag-hammadi-eg2708,26.085,32.297,Qena,قنا
Hamlis,حمليص,30.991,29.595,Burg al-Arab,قسم برج العرب,burg-al-arab-eg0214,30.901,29.494,Alexandria,الاسكندرية
Hamida al-Jundi,حميدة الجندي,28.682,30.824,Markz Maghagha,مركز مغاغة,markz-maghagha-eg2410,28.641,30.794,Menia,المنيا
Hanoun,حنون,30.668,31.168,Zifta,مركز زفتى,zifta-eg1609,30.728,31.215,Gharbia,الغربية
Hawd al-Nada,حوض الندى,30.468,31.553,Bilbis,مركز بلبيس,bilbis-eg1308,30.408,31.531,Sharkia,الشرقية
Hawd al-Zuhour,حوض الزهور,30.064,31.238,Bulaq,قسم بولاق,bulaq-eg0112,30.062,31.234,Cairo,القاهرة
Hawd al-Tarfa,حوض الطرفة,30.626,31.401,Zaqaziq,مركز الزقازيق,zaqaziq-eg1303,30.587,31.581,Sharkia,الشرقية
Hawd Amsa'ada,حوضأمسعادة,30.343,32.513,"Qantara Sharq, al-",قسم القنطرة شرق,qantara-sharq-al-eg1908,30.603,32.55,Ismailia,الإسماعيلية
Hawd Sukkara wa Abu Hamad,حوضسكرةوأبوحمد,30.808,29.575,Burg al-Arab,قسم برج العرب,burg-al-arab-eg0214,30.901,29.494,Alexandria,الاسكندرية
Hawd Faris,حوض فارس,30.914,30.599,Itay Al-Barud,مركز إيتاى البارود,itay-al-barud-eg1807,30.886,30.656,Behera,البحيرة
Hawd Nagih,حوضنجيح,30.656,31.641,Hihya,مركز ههيا,hihya-eg1315,30.652,31.617,Sharkia,الشرقية
Huwein,حوين,30.991,30.92,Qutur,مركز قطور,qutur-eg1611,30.971,30.97,Gharbia,الغربية
Hayy al-Sheikh Zayed,حى الشيخ زايد,30.612,32.291,Ismailiyya 3,قسم ثالث الاسماعيلية,ismailiyya-3-eg1903,30.612,32.291,Ismailia,الإسماعيلية
Hayy al-Kawthar,حى الكوثر,26.555,31.722,Kawther,قسم الكوثر,kawther-eg2616,26.555,31.722,Suhag,سوهاج
Hayy al-Masa'id,حى المساعيد,31.079,33.8,El Arish 3,قسم ثالث العريش,el-arish-3-eg3403,30.995,33.777,North Sinai,شمال سيناء
Khareg al-Zemam,خارج الزمام,31.443,31.979,Dumyat,مركز دمياط,dumyat-eg1102,31.44,31.842,Damietta,دمياط
Khareg al-Zemam,خارج الزمام,31.484,30.66,Sidi Salim,مركز سيدى سالم,sidi-salim-eg1507,31.31,30.738,Kafr El-Shikh,كفر الشيخ
Khareg al-Zemam,خارج الزمام,30.365,32.164,Ismailiyya,مركز الاسماعيلية,ismailiyya-eg1904,30.426,32.183,Ismailia,الإسماعيلية
Khareg al-Zemam,خارج الزمام,30.382,31.935,"Tal al-Kabir, al-",مركز التل الكبير,tal-al-kabir-al-eg1905,30.418,31.933,Ismailia,الإسماعيلية
Khareg Zemam al-Shiyakhat,خارج زمام الشياخات,29.986,30.982,6 October-1,قسم أول 6 أكتوبر,6-october-1-eg2107,29.985,30.963,Giza,الجيزة
Khareg Zemam al-Shiyakhat,خارج زمام الشياخات,29.941,30.894,6 October-2,قسم ثان 6 أكتوبر,6-october-2-eg2121,29.941,30.908,Giza,الجيزة
Khareg Kordon Qita' al-Hamoul,خارج كردون قطاعالحامول,31.562,30.922,Al Hamul,مركز الحامول,al-hamul-eg1511,31.388,31.075,Kafr El-Shikh,كفر الشيخ
Kharfa,خارفة,27.506,30.81,Dayrut,مركز ديروط,dayrut-eg2510,27.537,30.782,Assiut,أسيوط
Kharfa Girga,خارفةجرجا,26.337,31.858,Girga,مركز جرجا,girga-eg2610,26.307,31.867,Suhag,سوهاج
Khariqat al-Manshaat,خارقة المنشأة,26.443,31.791,Al-Minshat,مركز المنشأة,al-minshat-eg2607,26.464,31.756,Suhag,سوهاج
Khaled Ibn al-Walid,خالد بن الوليد,30.558,30.715,Badr,مركز بدر,badr-eg1818,30.547,30.679,Behera,البحيرة
Khan al-Khalili,خان الخليلي,30.05,31.263,Gamaliyya,قسم الجمالية,gamaliyya-eg0115,30.054,31.265,Cairo,القاهرة
Khabbata,خباطة,31.004,30.906,Qutur,مركز قطور,qutur-eg1611,30.971,30.97,Gharbia,الغربية
Kharbata,خربتا,30.749,30.666,Kum Hamada,مركز كوم حمادة,kum-hamada-eg1813,30.654,30.774,Behera,البحيرة
Khersit,خرسيت,30.828,30.979,Tanta,مركز طنطا,tanta-eg1603,30.809,30.932,Gharbia,الغربية
Kharita 1,خريطه 1,24.533,33.072,Nasr,مركز نصر,nasr-eg2805,24.373,32.932,Aswan,أسوان
Khuzam,خزام,25.77,32.746,Qus,مركز قوص,qus-eg2707,25.857,32.789,Qena,قنا
Khashm al-Aish,خشم العيش,30.516,29.034,Al-Hammam,قسم الحمام,al-hammam-eg3302,29.804,29.418,Matrouh,مطروح
Khalf,خلف,29.263,30.696,Atsa,مركز أطسا,atsa-eg2304,29.208,30.767,Fayoum,الفيوم
Khalwet Abu Hatab,خلوة أبو حطب,30.66,31.542,Hihya,مركز ههيا,hihya-eg1315,30.652,31.617,Sharkia,الشرقية
Khalwet al-Sha'rawi,خلوة الشعراوي,30.602,31.391,Minya al-Qamh,مركز منيا القمح,minya-al-qamh-eg1314,30.507,31.369,Sharkia,الشرقية
Khalwet Sanhara,خلوةسنهرة,30.277,31.24,Tukh,مركز طوخ,tukh-eg1408,30.344,31.19,Kalyoubia,القليوبية
Khammara,خمارة,30.866,30.616,Itay Al-Barud,مركز إيتاى البارود,itay-al-barud-eg1807,30.886,30.656,Behera,البحيرة
Khamisa,خميسة,29.24,25.252,Siwa,مركز سيوة,siwa-eg3306,28.703,25.589,Matrouh,مطروح
Khuneiza,خنيزة,30.708,30.675,Kum Hamada,مركز كوم حمادة,kum-hamada-eg1813,30.654,30.774,Behera,البحيرة
Khorshid al-Bahariya,خورشيد البحرية,31.213,30.031,Muntazah,قسم المنتزة,muntazah-eg0201,31.264,30.03,Alexandria,الاسكندرية
Kheirat,خيرت,30.037,31.241,Sayyida Zainab,قسم السيدة زينب,sayyida-zainab-eg0107,30.03,31.242,Cairo,القاهرة
Dr. Mohamed Abdel Wahab,د. محمد عبدالوهاب,30.451,30.063,Nubariyya West,قسم غرب النوبارية,nubariyya-west-eg1817,30.425,29.897,Behera,البحيرة
Dabour,دابور,24.582,32.936,Nasr,مركز نصر,nasr-eg2805,24.373,32.932,Aswan,أسوان
Dar al-Ramad,دار الرماد,29.291,30.868,Fayyum,قسم الفيوم,fayyum-eg2301,29.314,30.839,Fayoum,الفيوم
Dar al-Salam,دار السلام,29.986,31.244,Basatin,قسم البساتين,basatin-eg0135,29.98,31.293,Cairo,القاهرة
Dar al-Salam,دار السلام,31.316,31.595,Kafr Sad,مركز كفر سعد,kafr-sad-eg1104,31.359,31.603,Damietta,دمياط
Dar al-Salam,دار السلام,31.118,31.978,Manzala,مركز المنزلة,manzala-eg1207,31.153,31.958,Dakahlia,الدقهلية
Dar al-Salam,دار السلام,31.098,31.407,Talkha,مركز طلخا,talkha-eg1211,31.109,31.383,Dakahlia,الدقهلية
Dar al-Salam,دار السلام,31.199,31.097,Biyalu,مركز بيلا,biyalu-eg1504,31.32,31.248,Kafr El-Shikh,كفر الشيخ
Dar al-Salam,دار السلام,29.441,30.949,Tamya,مركز طامية,tamya-eg2306,29.467,30.982,Fayoum,الفيوم
Dar al-Salam,دار السلام,24.484,33.071,Nasr,مركز نصر,nasr-eg2805,24.373,32.932,Aswan,أسوان
Daqouf,داقوف,28.386,30.643,Markz Samalut,مركز سمالوط,markz-samalut-eg2408,28.285,30.629,Menia,المنيا
Danyal,داني ال,29.134,30.741,Atsa,مركز أطسا,atsa-eg2304,29.208,30.767,Fayoum,الفيوم
Dawoud,داود,26.81,31.417,Tahta,مركز طهطا,tahta-eg2614,26.785,31.42,Suhag,سوهاج
Dabarki,دبركي,30.51,30.884,Minuf,مركز منوف,minuf-eg1709,30.46,30.881,Menoufia,المنوفية
Dabou Awam,دبوعوام,31.006,31.502,El Mansora,مركز المنصورة,el-mansora-eg1203,31.053,31.467,Dakahlia,الدقهلية
Dabig,دبيج,30.807,31.482,Dyarb Nigm,مركز ديرب نجم,dyarb-nigm-eg1310,30.752,31.444,Sharkia,الشرقية
Dagwi,دجوي,30.383,31.125,Banha,مركز بنها,banha-eg1402,30.443,31.248,Kalyoubia,القليوبية
Dakhmis,دخميس,31.122,31.069,El Mahalla El Kobra,مركز المحله الكبرى,el-mahalla-el-kobra-eg1607,31.017,31.13,Gharbia,الغربية
Daragil,دراجيل,30.662,30.867,Al-Shuhada,مركز الشهداء,al-shuhada-eg1705,30.601,30.87,Menoufia,المنوفية
Darb al-Arba'in al-Oula,درب الأربعين الأولى,22.623,30.261,Paris Paris,مركز باريس,paris-paris-eg3204,22.737,30.412,New Valley,الوادى الجديد
Darb al-Arba'in al-Talta,درب الأربعين الثالثة,22.363,30.03,Paris Paris,مركز باريس,paris-paris-eg3204,22.737,30.412,New Valley,الوادى الجديد
Darb al-Arba'in al-Tanya,درب الأربعين الثانية,22.425,30.53,Paris Paris,مركز باريس,paris-paris-eg3204,22.737,30.412,New Valley,الوادى الجديد
Darb al-Arba'in al-Rab'a,درب الأربعين الرابعة,22.161,30.337,Paris Paris,مركز باريس,paris-paris-eg3204,22.737,30.412,New Valley,الوادى الجديد
Darb Shughlan wal-Gharib,درب شغلان والغريب,30.041,31.263,Al Darb al-Ahmar,قسم الدرب الأحمر,al-darb-al-ahmar-eg0114,30.041,31.26,Cairo,القاهرة
Darb al-Iqma'iya,درب الإقماعية,30.057,31.258,Bab Al-Shariyya,قسم باب الشعرية,bab-al-shariyya-eg0116,30.059,31.258,Cairo,القاهرة
Darb al-Gamamiz,درب الجماميز,30.035,31.251,Sayyida Zainab,قسم السيدة زينب,sayyida-zainab-eg0107,30.03,31.242,Cairo,القاهرة
Darb al-Gineina,درب الجنينة,30.052,31.251,Muski,قسم الموسكي,muski-eg0110,30.05,31.252,Cairo,القاهرة
Darb al-Hasr,درب الحصر,30.03,31.255,Al Khalifa,قسم الخليفة,al-khalifa-eg0108,30.01,31.296,Cairo,القاهرة
Darb Sa'ada,دربسعادة,30.046,31.258,Al Darb al-Ahmar,قسم الدرب الأحمر,al-darb-al-ahmar-eg0114,30.041,31.26,Cairo,القاهرة
Darb Ghaziya,دربغزية,30.023,31.254,Al Khalifa,قسم الخليفة,al-khalifa-eg0108,30.01,31.296,Cairo,القاهرة
Darb Nasr,درب نصر,30.063,31.235,Bulaq,قسم بولاق,bulaq-eg0112,30.062,31.234,Cairo,القاهرة
Darshaba,درشابة,31.136,30.615,Al-Rahmaniyya,مركز الرحمانية,al-rahmaniyya-eg1815,31.106,30.584,Behera,البحيرة
Darshay,درشاي,30.792,30.536,Al-Dilingat,مركز الدلنجات,al-dilingat-eg1805,30.81,30.49,Behera,البحيرة
Daranka,درنكة,27.133,31.188,Assuit,مركز أسيوط,assuit-eg2503,27.117,31.232,Assiut,أسيوط
Darwa,دروة,30.868,31.377,Aga,مركز أجا,aga-eg1204,30.895,31.313,Dakahlia,الدقهلية
Darwa,دروة,30.229,31.097,Ashmun,مركز أشمون,ashmun-eg1703,30.299,31.008,Menoufia,المنوفية
Darwa,دروة,27.738,30.735,Markz Mallawi,مركز ملوى,markz-mallawi-eg2412,27.775,30.801,Menia,المنيا
Darwish,درويش,30.862,31.861,Faqus,مركز فاقوس,faqus-eg1312,30.749,31.896,Sharkia,الشرقية
Darein,درين,31.103,31.275,Nebro,مركز نبروة,nebro-eg1221,31.129,31.297,Dakahlia,الدقهلية
Dust al-Ashraf,دست الأشراف,30.727,30.657,Kum Hamada,مركز كوم حمادة,kum-hamada-eg1813,30.654,30.774,Behera,البحيرة
Dasounis al-Halfaya,دسونس الحلفاية,31.043,30.168,Abu Hummus,مركز ابوحمص,abu-hummus-eg1804,31.106,30.31,Behera,البحيرة
Dasounis Amdinar,دسونسأمدينار,31.001,30.521,Damanhur,مركز دمنهور,damanhur-eg1802,31.032,30.527,Behera,البحيرة
Dasya,دسيا,29.299,30.774,Fayyum,مركز الفيوم,fayyum-eg2302,29.3,30.955,Fayoum,الفيوم
Dasya al-Kanayes,دسيا الكنايس,31.159,30.559,Al-Mahmudiyya,مركز المحمودية,al-mahmudiyya-eg1806,31.197,30.488,Behera,البحيرة
Dashasha,دشاشة,29.002,30.846,Sumusta,مركز سمسطا,sumusta-eg2208,28.951,30.866,Beni Suef,بنى سويف
Dashtout,دشطوط,28.997,30.881,Sumusta,مركز سمسطا,sumusta-eg2208,28.951,30.866,Beni Suef,بنى سويف
Dashlout,دشلوط,27.577,30.722,Dayrut,مركز ديروط,dayrut-eg2510,27.537,30.782,Assiut,أسيوط
Dafra,دفرة,30.723,31.025,Tanta,مركز طنطا,tanta-eg1603,30.809,30.932,Gharbia,الغربية
Dafriya,دفرية,31.066,30.932,Kafr Al-Shaykh,مركز كفر الشيخ,kafr-al-shaykh-eg1502,31.2,31.016,Kafr El-Shikh,كفر الشيخ
Dafsh,دفش,28.352,30.705,Markz Samalut,مركز سمالوط,markz-samalut-eg2408,28.285,30.629,Menia,المنيا
Daqdouqa,دقدوقة,30.871,30.636,Itay Al-Barud,مركز إيتاى البارود,itay-al-barud-eg1807,30.886,30.656,Behera,البحيرة
Daqarn,دقرن,30.891,30.792,Kafr Al-Zayyat,مركز كفر الزيات,kafr-al-zayyat-eg1612,30.807,30.835,Gharbia,الغربية
Daqalt,دقلت,31.17,30.96,Kafr Al-Shaykh,مركز كفر الشيخ,kafr-al-shaykh-eg1502,31.2,31.016,Kafr El-Shikh,كفر الشيخ
Daqmeira,دقميرة,31.193,31.01,Kafr Al-Shaykh,مركز كفر الشيخ,kafr-al-shaykh-eg1502,31.2,31.016,Kafr El-Shikh,كفر الشيخ
Daqahla,دقهلة,31.249,31.693,Zarqa,مركز الزرقا,zarqa-eg1107,31.209,31.649,Damietta,دمياط
Dakran,دكران,26.965,31.283,Abu Tig,مركز أبوتيج,abu-tig-eg2505,27.037,31.289,Assiut,أسيوط
Dakma,دكما,30.541,30.953,Shibin al-Kum,مركز شبين الكوم,shibin-al-kum-eg1702,30.561,30.954,Menoufia,المنوفية
Dakouda,دكودة,30.864,30.941,Tanta,مركز طنطا,tanta-eg1603,30.809,30.932,Gharbia,الغربية
Dalas,دلاص,29.19,31.126,Nasir,مركز ناصر,nasir-eg2209,29.187,31.078,Beni Suef,بنى سويف
Dalbshan,دلبشان,30.772,30.814,Kafr Al-Zayyat,مركز كفر الزيات,kafr-al-zayyat-eg1612,30.807,30.835,Gharbia,الغربية
Dalga,دلجا,27.653,30.709,Markz Dir Mawas,مركز دير مواس,markz-dir-mawas-eg2407,27.655,30.79,Menia,المنيا
Dalqam,دلقام,28.331,30.647,Markz Samalut,مركز سمالوط,markz-samalut-eg2408,28.285,30.629,Menia,المنيا
Dalhans,دلهانس,28.822,30.816,Al Fashn,مركز الفشن,al-fashn-eg2204,28.809,30.827,Beni Suef,بنى سويف
Dalhamou,دلهمو,30.341,30.845,Ashmun,مركز أشمون,ashmun-eg1703,30.299,31.008,Menoufia,المنوفية
Damaris,دماريس,28.132,30.729,Markz Al Minya,مركز المنيا,markz-al-minya-eg2402,28.101,30.641,Menia,المنيا
Damas,دماص,30.808,31.33,Mit Ghamr,مركز ميت غمر,mit-ghamr-eg1213,30.708,31.338,Dakahlia,الدقهلية
Damat,دماط,30.948,30.968,Qutur,مركز قطور,qutur-eg1611,30.971,30.97,Gharbia,الغربية
Damtanou,دمتنو,31.062,31.117,El Mahalla El Kobra,مركز المحله الكبرى,el-mahalla-el-kobra-eg1607,31.017,31.13,Gharbia,الغربية
Damtiwah,دمتيوه,30.785,30.73,Kum Hamada,مركز كوم حمادة,kum-hamada-eg1813,30.654,30.774,Behera,البحيرة
Damrou,دمرو,31.341,30.739,Sidi Salim,مركز سيدى سالم,sidi-salim-eg1507,31.31,30.738,Kafr El-Shikh,كفر الشيخ
Damrou Khammara,دمروخمارة,31.086,31.14,El Mahalla El Kobra,مركز المحله الكبرى,el-mahalla-el-kobra-eg1607,31.017,31.13,Gharbia,الغربية
Damrou Salman,دمروسلمان,31.175,30.681,Disuq,مركز دسوق,disuq-eg1506,31.15,30.72,Kafr El-Shikh,كفر الشيخ
Damshaw Hashem,دمشاوهاشم,28.027,30.712,Markz Al Minya,مركز المنيا,markz-al-minya-eg2402,28.101,30.641,Menia,المنيا
Damashqin,دمشقين,29.234,30.936,Fayyum,مركز الفيوم,fayyum-eg2302,29.3,30.955,Fayoum,الفيوم
Damshalt,دمشلت,31.12,31.525,Dikirnis,مركز دكرنس,dikirnis-eg1209,31.093,31.78,Dakahlia,الدقهلية
Damshali,دمشلي,30.52,30.82,Kum Hamada,مركز كوم حمادة,kum-hamada-eg1813,30.654,30.774,Behera,البحيرة
Damshit,دمشيت,30.882,31.033,Tanta,مركز طنطا,tanta-eg1603,30.809,30.932,Gharbia,الغربية
Damshir,دمشير,28.154,30.694,Markz Al Minya,مركز المنيا,markz-al-minya-eg2402,28.101,30.641,Menia,المنيا
Damlou,دملو,30.517,31.197,Banha,مركز بنها,banha-eg1402,30.443,31.248,Kalyoubia,القليوبية
Damlig,دمليج,30.422,30.886,Minuf,مركز منوف,minuf-eg1709,30.46,30.881,Menoufia,المنوفية
Damanka,دمنكة,31.104,30.714,Disuq,مركز دسوق,disuq-eg1506,31.15,30.72,Kafr El-Shikh,كفر الشيخ
Damanhour,دمنهور,27.355,30.945,Manfalut,مركز منفلوط,manfalut-eg2512,27.294,30.951,Assiut,أسيوط
Damanhour al-Wahsh,دمنهور الوحش,30.67,31.2,Zifta,مركز زفتى,zifta-eg1609,30.728,31.215,Gharbia,الغربية
Damanhour Shubra,دمنهور شبرا,30.126,31.24,Shubra Al-Khayma 1,قسم أول شبرا الخيمة,shubra-al-khayma-1-eg1406,30.132,31.248,Kalyoubia,القليوبية
Damnou,دمنو,26.533,31.681,Suhag,مركز سوهاج,suhag-eg2603,26.547,31.655,Suhag,سوهاج
Damhoug,دمهوج,30.598,31.196,Quwisna,مركز قويسنا,quwisna-eg1708,30.56,31.163,Menoufia,المنوفية
Damou,دمو,29.302,30.923,Fayyum,مركز الفيوم,fayyum-eg2302,29.3,30.955,Fayoum,الفيوم
Damoushiya,دموشيا,29.088,31.026,Bani Swayf,مركز بنى سويف,bani-swayf-eg2202,29.098,31.042,Beni Suef,بنى سويف
Damwah,دموه,31.098,31.553,Dikirnis,مركز دكرنس,dikirnis-eg1209,31.093,31.78,Dakahlia,الدقهلية
Dameira,دميرة,31.133,31.374,Talkha,مركز طلخا,talkha-eg1211,31.109,31.383,Dakahlia,الدقهلية
Dameisna,دميسنا,30.897,30.731,Itay Al-Barud,مركز إيتاى البارود,itay-al-barud-eg1807,30.886,30.656,Behera,البحيرة
Dana al-Gedida wa Ezbet al-Wastaniya,دنا الجديدةوعزبة الوسطانية,31.232,29.985,Al Raml,قسم أول الرمل,al-raml-eg0202,31.237,29.986,Alexandria,الاسكندرية
Danasour,دناصور,30.604,30.821,Al-Shuhada,مركز الشهداء,al-shuhada-eg1705,30.601,30.87,Menoufia,المنوفية
Dangaway,دنجواي,31.202,31.559,Shirbin,مركز شربين,shirbin-eg1210,31.261,31.576,Dakahlia,الدقهلية
Dandara,دندرة,26.143,32.661,Qina,مركز قنا,qina-eg2702,26.163,32.578,Qena,قنا
Dandana,دندنا,30.331,31.208,Tukh,مركز طوخ,tukh-eg1408,30.344,31.19,Kalyoubia,القليوبية
Dandit wa Kafr Mahmoud Nafe',دنديطوكفرمحمودنافع,30.684,31.321,Mit Ghamr,مركز ميت غمر,mit-ghamr-eg1213,30.708,31.338,Dakahlia,الدقهلية
Dandil,دنديل,29.177,31.036,Nasir,مركز ناصر,nasir-eg2209,29.187,31.078,Beni Suef,بنى سويف
Danshal,دنش ال,30.967,30.522,Damanhur,مركز دمنهور,damanhur-eg1802,31.032,30.527,Behera,البحيرة
Denshawy,دنشواي,30.597,30.854,Al-Shuhada,مركز الشهداء,al-shuhada-eg1705,30.601,30.87,Menoufia,المنوفية
Danfiq,دنفيق,25.859,32.717,Naqada,مركز نقادة,naqada-eg2709,25.89,32.711,Qena,قنا
Danawsher,دنوشر,30.959,31.098,El Mahalla El Kobra,مركز المحله الكبرى,el-mahalla-el-kobra-eg1607,31.017,31.13,Gharbia,الغربية
Dahtoura,دهتورة,30.746,31.222,Zifta,مركز زفتى,zifta-eg1609,30.728,31.215,Gharbia,الغربية
Dahrout,دهروط,28.609,30.797,Markz Maghagha,مركز مغاغة,markz-maghagha-eg2410,28.641,30.794,Menia,المنيا
Dahshour,دهشور,29.759,31.241,Badrashain,مركز البدرشين,badrashain-eg2110,29.824,31.258,Giza,الجيزة
Dahmaru,دهمرو,28.69,30.814,Markz Maghagha,مركز مغاغة,markz-maghagha-eg2410,28.641,30.794,Menia,المنيا
Dahmasha,دهمشا,30.411,31.408,Mashtul Al-Suq,مركز مشتول السوق,mashtul-al-suq-eg1316,30.361,31.383,Sharkia,الشرقية
Dahmit,دهميت,24.587,32.921,Nasr,مركز نصر,nasr-eg2805,24.373,32.932,Aswan,أسوان
Duwar Juheina,دوارجهينة,30.703,31.829,Faqus,مركز فاقوس,faqus-eg1312,30.749,31.896,Sharkia,الشرقية
Dawasat al-Hasanat - al-Ruwaysat,دواسات الحصانات - الرويسات,28.105,34.24,Sharm el-Sheikh,قسم شرم الشيخ,sharm-el-sheikh-eg3505,28.08,34.203,South Sinai,جنوب سيناء
Dawwama,دوامة,30.762,31.884,Faqus,مركز فاقوس,faqus-eg1312,30.749,31.896,Sharkia,الشرقية
Duwayda,دويدة,30.672,31.418,Zaqaziq,مركز الزقازيق,zaqaziq-eg1303,30.587,31.581,Sharkia,الشرقية
Duwayna,دوينة,27.074,31.259,Abu Tig,مركز أبوتيج,abu-tig-eg2505,27.037,31.289,Assiut,أسيوط
Dibi,ديبي,31.323,30.515,Rashid,مركز رشيد,rashid-eg1809,31.379,30.375,Behera,البحيرة
Deir Abu Hinnis,دير ابو حنس,27.789,30.902,Markz Mallawi,مركز ملوى,markz-mallawi-eg2412,27.775,30.801,Menia,المنيا
Deir al-Barsha,دير البرشا,27.763,30.893,Markz Mallawi,مركز ملوى,markz-mallawi-eg2412,27.775,30.801,Menia,المنيا
Deir al-Jabrawi,دير الجبراوي,27.32,31.087,Abnub,مركز أبنوب,abnub-eg2504,27.295,31.106,Assiut,أسيوط
Deir al-Jarnus,دير الجرنوس,28.611,30.699,Markz Maghagha,مركز مغاغة,markz-maghagha-eg2410,28.641,30.794,Menia,المنيا
Deir al-Janadla,دير الجنادلة,26.957,31.3,Al-Ghanayem,مركز الغنايم,al-ghanayem-eg2508,26.922,31.329,Assiut,أسيوط
Deir al-Sanqariya,دير السنقرية,28.492,30.665,Markz Bani Mazar,مركز بنى مزار,markz-bani-mazar-eg2406,28.518,30.731,Menia,المنيا
Deir al-Quseir,دير القصير,27.504,30.873,Al-Qusia,مركز القوصية,al-qusia-eg2509,27.403,30.826,Assiut,أسيوط
Deir al-Maimun,دير الميمون,29.247,31.219,Atfeh,مركز أطفيح,atfeh-eg2115,29.343,31.25,Giza,الجيزة
Deir Barawa,ديربراوه,29.029,30.92,Ahnasya,مركز أهناسيا,ahnasya-eg2206,29.102,30.943,Beni Suef,بنى سويف
Deir Basra,ديربصرة,27.172,31.271,Alfath,مركز الفتح,alfath-eg2513,27.218,31.212,Assiut,أسيوط
Deir Tasa,ديرتاسا,27.061,31.396,Sahil Silim,مركز ساحل سليم,sahil-silim-eg2507,27.093,31.349,Assiut,أسيوط
Deir Jabal al-Teir,ديرجبل الطير,28.295,30.744,Markz Samalut,مركز سمالوط,markz-samalut-eg2408,28.285,30.629,Menia,المنيا
Deir Dronka,ديردرنكة,27.104,31.176,Assuit,مركز أسيوط,assuit-eg2503,27.117,31.232,Assiut,أسيوط
Deir Samalut,دير سمالوط,28.3,30.675,Markz Samalut,مركز سمالوط,markz-samalut-eg2408,28.285,30.629,Menia,المنيا
Deir Shu,ديرشو,27.294,31.143,Abnub,مركز أبنوب,abnub-eg2504,27.295,31.106,Assiut,أسيوط
Deir Atiya,دير عطية,28.017,30.738,Markz Al Minya,مركز المنيا,markz-al-minya-eg2402,28.101,30.641,Menia,المنيا
Deir Amis,ديرامس,31.107,30.248,Abu Hummus,مركز ابوحمص,abu-hummus-eg1804,31.106,30.31,Behera,البحيرة
Deir bil-Khidr,ديرب الخضر,31.065,31.649,Bany Abeed,مركز بنى عبيد,bany-abeed-eg1218,31.024,31.648,Dakahlia,الدقهلية
Deir bil-Souq,ديرب السوق,30.802,31.448,Dyarb Nigm,مركز ديرب نجم,dyarb-nigm-eg1310,30.752,31.444,Sharkia,الشرقية
Deir Babqatars,ديرببقطارس,30.927,31.325,Aga,مركز أجا,aga-eg1204,30.895,31.313,Dakahlia,الدقهلية
Deir Bahashim,ديرب هاشم,31.0,31.173,El Mahalla El Kobra,مركز المحله الكبرى,el-mahalla-el-kobra-eg1607,31.017,31.13,Gharbia,الغربية
Deirout,ديروط,31.23,30.491,Al-Mahmudiyya,مركز المحمودية,al-mahmudiyya-eg1806,31.197,30.488,Behera,البحيرة
Deirout al-Sharif,ديروط الشريف,27.577,30.811,Dayrut,مركز ديروط,dayrut-eg2510,27.537,30.782,Assiut,أسيوط
Deirout Amankhala,ديروطأمنخلة,27.745,30.763,Markz Mallawi,مركز ملوى,markz-mallawi-eg2412,27.775,30.801,Menia,المنيا
Disht,ديسط,31.147,31.441,Talkha,مركز طلخا,talkha-eg1211,31.109,31.383,Dakahlia,الدقهلية
Diwa al-Wusta,دي والوسطي,30.898,31.528,Sinbillawin,مركز السنبلاوين,sinbillawin-eg1205,30.883,31.513,Dakahlia,الدقهلية
Dhat al-Koum,ذات الكوم,30.17,31.076,Imbaba,مركز إمبابة,imbaba-eg2113,30.22,30.963,Giza,الجيزة
Dhakhira,ذخيرة,25.885,29.216,A-Dakhla Oasis,مركز الوحات الداخلة,a-dakhla-oasis-eg3202,24.803,27.209,New Valley,الوادى الجديد
Rabi'a,رابعة,30.999,32.713,Rummana,قسم رمانة,rummana-eg3410,30.957,32.699,North Sinai,شمال سيناء
Rabi'a al-Adawiya,رابعة العدوية,30.069,31.323,Nasr City,قسم أول مدينة نصر,nasr-city-eg0126,30.032,31.369,Cairo,القاهرة
Ras al-Hikma - Abu Haggag,رأس الحكمة - أبو حجاج,31.201,27.836,Marsa Matruh,قسم مرسى مطروح,marsa-matruh-eg3301,30.022,26.997,Matrouh,مطروح
Ras al-Tin,رأس التين,31.204,29.874,Al Gumruk,قسم الجمرك,al-gumruk-eg0210,31.203,29.879,Alexandria,الاسكندرية
Ras al-Khalij,رأس الخليج,31.273,31.63,Shirbin,مركز شربين,shirbin-eg1210,31.261,31.576,Dakahlia,الدقهلية
Ras al-Sa'da,رأس الصعدة,29.045,34.515,Nuweiba,قسم نويبع,nuweiba-eg3507,29.314,34.312,South Sinai,جنوب سيناء
Ras al-Mani,رأس المني,31.353,25.579,Sidi Barani,قسم سيدى برانى,sidi-barani-eg3305,30.656,25.886,Matrouh,مطروح
Ras al-Naqb,رأس النقب,29.584,34.696,Nakhl,قسم نخل,nakhl-eg3407,29.909,34.024,North Sinai,شمال سيناء
Ras Hadriya,رأسحدرية,22.817,35.786,Shallatin,قسم شلاتين,shallatin-eg3106,23.079,34.574,Red Sea,البحر الأحمر
Ras Mal'ab,رأسملعب,29.147,33.022,Abu Radis,قسم أبو رديس,abu-radis-eg3503,29.049,33.598,South Sinai,جنوب سيناء
Ras Nasrani,رأسنصراني,28.09,34.363,Sharm el-Sheikh,قسم شرم الشيخ,sharm-el-sheikh-eg3505,28.08,34.203,South Sinai,جنوب سيناء
Ra'i al-Safra,راعي الصفراء,31.241,25.601,Sidi Barani,قسم سيدى برانى,sidi-barani-eg3305,30.656,25.886,Matrouh,مطروح
Ragheb Basha,راغبباشا,31.186,29.906,Muharam Bik,قسم محرم بك,muharam-bik-eg0205,31.184,29.939,Alexandria,الاسكندرية
Rub' Shandit,ربعشنديد,30.914,30.683,Itay Al-Barud,مركز إيتاى البارود,itay-al-barud-eg1807,30.886,30.656,Behera,البحيرة
Rahbat Abidin,رحبةعابدين,30.042,31.251,Abdin,قسم عابدين,abdin-eg0109,30.046,31.245,Cairo,القاهرة
Razafa,رزافة,30.898,30.527,Al-Dilingat,مركز الدلنجات,al-dilingat-eg1805,30.81,30.49,Behera,البحيرة
Razfa Amay,رزفة أماى,31.092,30.911,Kafr Al-Shaykh,مركز كفر الشيخ,kafr-al-shaykh-eg1502,31.2,31.016,Kafr El-Shikh,كفر الشيخ
Rizqat al-Shinawy,رزقة الشناوى,31.091,30.874,Kafr Al-Shaykh,مركز كفر الشيخ,kafr-al-shaykh-eg1502,31.2,31.016,Kafr El-Shikh,كفر الشيخ
Rizqat al-Deir al-Muharraq,رزقة الدير المحرق,27.381,30.785,Al-Qusia,مركز القوصية,al-qusia-eg2509,27.403,30.826,Assiut,أسيوط
Rizqat al-Masharqa,رزقة المشارقة,28.924,30.945,Biba,مركز ببا,biba-eg2207,28.951,30.967,Beni Suef,بنى سويف
Rifa'a,رفاعة,26.079,32.126,Farshut,مركز فرشوط,farshut-eg2710,26.056,32.149,Qena,قنا
Rummana,رمانة,31.019,32.59,Rummana,قسم رمانة,rummana-eg3410,30.957,32.699,North Sinai,شمال سيناء
Ramsis,رمسيس,30.83,30.648,Itay Al-Barud,مركز إيتاى البارود,itay-al-barud-eg1807,30.886,30.656,Behera,البحيرة
Ramlat al-Anjab,رملة الأنجب,30.375,30.944,Ashmun,مركز أشمون,ashmun-eg1703,30.299,31.008,Menoufia,المنوفية
Rawafi' al-Isawiya,روافع العيساوية,26.512,31.787,Al-Minshat,مركز المنشأة,al-minshat-eg2607,26.464,31.756,Suhag,سوهاج
Rawafi' al-Quseir,روافع القصير,26.514,31.712,Suhag,مركز سوهاج,suhag-eg2603,26.547,31.655,Suhag,سوهاج
Riwaq,رواق,29.269,30.618,Yousef El sadeq,مركز يوسف الصديق,yousef-el-sadeq-eg2307,29.353,30.586,Fayoum,الفيوم
Rawd al-Farag al-Balad,روضالفرج البلد,30.078,31.233,Rud Al-Farag,قسم روضالفرج,rud-al-farag-eg0120,30.075,31.238,Cairo,القاهرة
Rawdat Khairy,روضةخيري,31.047,30.344,Abu Hummus,مركز ابوحمص,abu-hummus-eg1804,31.106,30.31,Behera,البحيرة
Ruwaina,روينة,31.119,30.891,Kafr Al-Shaykh,مركز كفر الشيخ,kafr-al-shaykh-eg1502,31.2,31.016,Kafr El-Shikh,كفر الشيخ
Riyad,رياض,29.109,31.101,Bani Swayf,مركز بنى سويف,bani-swayf-eg2202,29.098,31.042,Beni Suef,بنى سويف
Rihana,ريحانة,27.98,30.746,Markz Abu Qurqas,مركز ابو قرقاص,markz-abu-qurqas-eg2404,27.939,30.77,Menia,المنيا
Rida,ريدة,28.023,30.759,Markz Al Minya,مركز المنيا,markz-al-minya-eg2402,28.101,30.641,Menia,المنيا
Reis,ريس,28.076,28.72,Bahariya Oasis,قسم الواحاتالبحرية,bahariya-oasis-eg2114,28.452,28.836,Giza,الجيزة
Rifa,ريفة,27.092,31.204,Assuit,مركز أسيوط,assuit-eg2503,27.117,31.232,Assiut,أسيوط
Zawiyat Abu Shusha,زاويةأبوشوشة,30.812,30.51,Al-Dilingat,مركز الدلنجات,al-dilingat-eg1805,30.81,30.49,Behera,البحيرة
Zawiyat Abu Muslim,زاويةأبومسلم,29.934,31.172,Giza,مركز الجيزة,giza-eg2109,29.943,31.213,Giza,الجيزة
Zawiyat al-Ahadab,زاوية الأحداب,30.945,25.336,Salloum,قسم السلوم,salloum-eg3303,30.646,25.255,Matrouh,مطروح
Zawiyat al-Bahr,زاوية البحر,30.706,30.755,Kum Hamada,مركز كوم حمادة,kum-hamada-eg1813,30.654,30.774,Behera,البحيرة
Zawiyat al-Baqli,زاوية البقلي,30.625,30.819,Al-Shuhada,مركز الشهداء,al-shuhada-eg1705,30.601,30.87,Menoufia,المنوفية
Zawiyat al-Judami,زاوية الجدامي,28.701,30.898,Markz Maghagha,مركز مغاغة,markz-maghagha-eg2410,28.641,30.794,Menia,المنيا
Zawiyat al-Sheikh wal-Souq,زاوية الشيخ والسوق,30.986,25.962,Sidi Barani,قسم سيدى برانى,sidi-barani-eg3305,30.656,25.886,Matrouh,مطروح
Zawiyat al-Awwama,زاوية العوامة,31.07,28.061,Daba,مركز الضبعة,daba-eg3304,29.463,28.243,Matrouh,مطروح
Zawiyat al-Qabaniya,زاوية القبانية,31.202,29.878,Al Gumruk,قسم الجمرك,al-gumruk-eg0210,31.203,29.879,Alexandria,الاسكندرية
Zawiyat al-Kurdasa,زاوية الكرداسة,29.347,30.829,Fayyum,مركز الفيوم,fayyum-eg2302,29.3,30.955,Fayoum,الفيوم
Zawiyat al-Maslub,زاوية المصلوب,29.287,31.194,Al Wasta,مركز الواسطى,al-wasta-eg2205,29.324,31.17,Beni Suef,بنى سويف
Zawiyat al-Na'oura,زاوية الناعورة,30.546,30.874,Al-Shuhada,مركز الشهداء,al-shuhada-eg1705,30.601,30.87,Menoufia,المنوفية
Zawiyat al-Nawiya,زاوية الناوية,28.911,30.879,Biba,مركز ببا,biba-eg2207,28.951,30.967,Beni Suef,بنى سويف
Zawiyat al-Naggar,زاوية النجار,30.179,31.3,Qalyub,مركز قليوب,qalyub-eg1410,30.207,31.214,Kalyoubia,القليوبية
Zawiyat Aw Suwaylim,زاويةأوسويلم,29.487,31.211,Ayat,مركز العياط,ayat-eg2112,29.564,31.25,Giza,الجيزة
Zawiyat Baramsha,زاويةبرمشا,28.725,30.702,Markz Al Idwa,مركز العدوة,markz-al-idwa-eg2405,28.696,30.74,Menia,المنيا
Zawiyat Baltan,زاويةبلتان,30.399,31.161,Tukh,مركز طوخ,tukh-eg1408,30.344,31.19,Kalyoubia,القليوبية
Zawiyat Bamam,زاويةبمم,30.718,30.94,Tala,مركز تلا,tala-eg1707,30.67,30.946,Menoufia,المنوفية
Zawiyat Thabit,زاويةثابت,30.117,31.142,Auseem,مركز أوسيم,auseem-eg2116,30.132,31.142,Giza,الجيزة
Zawiyat Jarwan,زاويةجروان,30.444,31.024,Al-Bagur,مركز الباجور,al-bagur-eg1704,30.413,31.032,Menoufia,المنوفية
Zawiyat Hatim,زاويةحاتم,27.981,30.683,Markz Abu Qurqas,مركز ابو قرقاص,markz-abu-qurqas-eg2404,27.939,30.77,Menia,المنيا
Zawiyat Hammour,زاويةحمور,30.827,30.417,Al-Dilingat,مركز الدلنجات,al-dilingat-eg1805,30.81,30.49,Behera,البحيرة
Zawiyat Khattab,زاويةخطاب,31.205,29.88,Al Gumruk,قسم الجمرك,al-gumruk-eg0210,31.203,29.879,Alexandria,الاسكندرية
Zawiyat Khuniza,زاويةخنيزة,30.728,30.674,Kum Hamada,مركز كوم حمادة,kum-hamada-eg1813,30.654,30.774,Behera,البحيرة
Zawiyat Dahshour,زاويةدهشور,29.755,31.229,Badrashain,مركز البدرشين,badrashain-eg2110,29.824,31.258,Giza,الجيزة
Zawiyat Razin,زاويةرزين,30.41,30.86,Minuf,مركز منوف,minuf-eg1709,30.46,30.881,Menoufia,المنوفية
Zawiyat Salim,زاويةس الم,30.948,30.222,Abu-l-Matamir,مركز ابوالمطامير,abu-l-matamir-eg1803,30.773,30.144,Behera,البحيرة
Zawiyat Sultan,زاويةسلطان,28.06,30.82,Markz Al Minya,مركز المنيا,markz-al-minya-eg2402,28.101,30.641,Menia,المنيا
Zawiyat Saqr,زاويةصقر,30.93,30.201,Abu-l-Matamir,مركز ابوالمطامير,abu-l-matamir-eg1803,30.773,30.144,Behera,البحيرة
Zawiyat Abd al-Ati,زاويةعبد العاطي,30.716,29.216,Al-Hammam,قسم الحمام,al-hammam-eg3302,29.804,29.418,Matrouh,مطروح
Zawiyat Abd al-Qadir,زاويةعبد القادر,31.051,29.818,Al Amreia,قسم العامرية,al-amreia-eg0213,30.959,29.828,Alexandria,الاسكندرية
Zawiyat Ghazal,زاويةغز ال,31.112,30.457,Damanhur,مركز دمنهور,damanhur-eg1802,31.032,30.527,Behera,البحيرة
Zawiyat Mubarak,زاويةمبارك,30.782,30.64,Kum Hamada,مركز كوم حمادة,kum-hamada-eg1813,30.654,30.774,Behera,البحيرة
Zawiyat Muslim,زاويةمسلم,30.854,30.573,Al-Dilingat,مركز الدلنجات,al-dilingat-eg1805,30.81,30.49,Behera,البحيرة
Zawiyat Na'im,زاويةنعيم,31.094,30.221,Abu Hummus,مركز ابوحمص,abu-hummus-eg1804,31.106,30.31,Behera,البحيرة
Zawiyat Haroun,زاويةهارون,27.6,30.771,Dayrut,مركز ديروط,dayrut-eg2510,27.537,30.782,Assiut,أسيوط
Zubaida,زبيدة,30.819,30.714,Itay Al-Barud,مركز إيتاى البارود,itay-al-barud-eg1807,30.886,30.656,Behera,البحيرة
Zarqan,زرقان,30.63,30.933,Tala,مركز تلا,tala-eg1707,30.67,30.946,Menoufia,المنوفية
Zarqoun,زرقون,31.122,30.474,Damanhur,مركز دمنهور,damanhur-eg1802,31.032,30.527,Behera,البحيرة
Zarnikh,زرنيخ,25.279,32.584,Isna,مركز إسنا,isna-eg2705,25.365,32.52,Qena,قنا
Za'bara,زعبرة,27.613,30.853,Markz Dir Mawas,مركز دير مواس,markz-dir-mawas-eg2407,27.655,30.79,Menia,المنيا
Za'rabana wal-Hammam,زعربانة والحمام,31.225,29.969,Kesm than Al Raml,قسم ثان الرمل,kesm-than-al-raml-eg0217,31.211,29.994,Alexandria,الاسكندرية
Za'farana,زعفرانة,27.904,30.829,Markz Abu Qurqas,مركز ابو قرقاص,markz-abu-qurqas-eg2404,27.939,30.77,Menia,المنيا
Zafr,زفر,30.979,31.629,Tamy Al-Amdid,مركز تمى الأمديد,tamy-al-amdid-eg1216,30.947,31.594,Dakahlia,الدقهلية
Zamran al-Nakhl,زمران النخل,30.815,30.563,Al-Dilingat,مركز الدلنجات,al-dilingat-eg1805,30.81,30.49,Behera,البحيرة
Zamzam,زمزم,31.06,30.656,Shubra Khit,مركز شبراخيت,shubra-khit-eg1810,31.003,30.679,Behera,البحيرة
Zanara,زنارة,30.675,31.008,Tala,مركز تلا,tala-eg1707,30.67,30.946,Menoufia,المنوفية
Zanin,زنين,30.04,31.181,Bulaq Al-DakrUr,قسم بولاق الدكرور,bulaq-al-dakrur-eg2105,30.03,31.19,Giza,الجيزة
Zahran wa Jaber,زهرانوجابر,29.796,31.276,Badrashain,مركز البدرشين,badrashain-eg2110,29.824,31.258,Giza,الجيزة
Zahra,زهرة,31.069,30.133,Kafr Al-Dawwar,مركز كفر الدوار,kafr-al-dawwar-eg1812,31.129,30.038,Behera,البحيرة
Zahra,زهرة,28.188,30.733,Markz Al Minya,مركز المنيا,markz-al-minya-eg2402,28.101,30.641,Menia,المنيا
Zahra al-Bahariya,زهرة البحرية,30.994,30.462,Damanhur,مركز دمنهور,damanhur-eg1802,31.032,30.527,Behera,البحيرة
Zahra al-Qibliya,زهرة القبلية,30.965,30.464,Damanhur,مركز دمنهور,damanhur-eg1802,31.032,30.527,Behera,البحيرة
Zour Abu al-Leil,زورأب والليل,30.936,31.816,Awlad Saqr,مركز أولاد صقر,awlad-saqr-eg1319,30.969,31.777,Sharkia,الشرقية
Zuwayr wa Manshaat Ibrahim Habashi,زويرومنشأةابراهيمحبشي,30.572,31.057,Shibin al-Kum,مركز شبين الكوم,shibin-al-kum-eg1702,30.561,30.954,Menoufia,المنوفية
Ziyan,زيان,31.418,31.447,Bilqas,مركز بلقاس,bilqas-eg1208,31.344,31.379,Dakahlia,الدقهلية
Zeid,زيد,29.351,30.695,Abshaway,مركز أبشواى,abshaway-eg2303,29.374,30.69,Fayoum,الفيوم
Zeinhom,زينهم,30.025,31.239,Sayyida Zainab,قسم السيدة زينب,sayyida-zainab-eg0107,30.03,31.242,Cairo,القاهرة
Sahel Tahta,ساحل طهطا,26.77,31.506,Kesm Tahta,قسم طهطا,kesm-tahta-eg2615,26.767,31.492,Suhag,سوهاج
Sahel al-Jawabir,ساحل الجوابر,30.639,30.878,Al-Shuhada,مركز الشهداء,al-shuhada-eg1705,30.601,30.87,Menoufia,المنوفية
Sahel al-Amid,ساحل العميد,30.83,29.264,Al-Hammam,قسم الحمام,al-hammam-eg3302,29.804,29.418,Matrouh,مطروح
Saqula,ساقولة,28.566,30.679,Markz Bani Mazar,مركز بنى مزار,markz-bani-mazar-eg2406,28.518,30.731,Menia,المنيا
Saqiya Abu Sha'ra,ساقيةأبوشعرة,30.328,31.083,Ashmun,مركز أشمون,ashmun-eg1703,30.299,31.008,Menoufia,المنوفية
Saqiya al-Manqadi,ساقية المنقدي,30.382,30.893,Ashmun,مركز أشمون,ashmun-eg1703,30.299,31.008,Menoufia,المنوفية
Saqiya Daqouf,ساقيةداقوف,28.411,30.621,Markz Samalut,مركز سمالوط,markz-samalut-eg2408,28.285,30.629,Menia,المنيا
Saqiya Makki,ساقيةمكي,29.998,31.213,Giza,قسم الجيزة,giza-eg2104,29.999,31.216,Giza,الجيزة
Saqiya Mousa,ساقيةموسي,27.868,30.809,Markz Abu Qurqas,مركز ابو قرقاص,markz-abu-qurqas-eg2404,27.939,30.77,Menia,المنيا
Salmana,س المانة,31.042,33.095,Bir Al-Abd,قسم بئر العبد,bir-al-abd-eg3405,30.69,33.102,North Sinai,شمال سيناء
Samoul,سامول,31.052,31.141,El Mahalla El Kobra,مركز المحله الكبرى,el-mahalla-el-kobra-eg1607,31.017,31.13,Gharbia,الغربية
San Stefano,ساناستفانو,31.246,29.971,Al Raml,قسم أول الرمل,al-raml-eg0202,31.237,29.986,Alexandria,الاسكندرية
Saw,ساو,27.556,30.754,Dayrut,مركز ديروط,dayrut-eg2510,27.537,30.782,Assiut,أسيوط
Sabarbay,سبرباي,30.822,31.017,Tanta,مركز طنطا,tanta-eg1603,30.809,30.932,Gharbia,الغربية
Sabtas,سبطاس,30.776,31.056,Tanta,مركز طنطا,tanta-eg1603,30.809,30.932,Gharbia,الغربية
Sab'in Faddan,سبعين فدان,29.994,31.311,Al Khalifa,قسم الخليفة,al-khalifa-eg0108,30.01,31.296,Cairo,القاهرة
Sibk al-Ahad wa Hassatuha wa Kafr al-Maraziqa wa Kafr al-Uwaydat,سبك الأحدوحصتهاوكفر المرازقةوكفر العويضات,30.307,31.025,Ashmun,مركز أشمون,ashmun-eg1703,30.299,31.008,Menoufia,المنوفية
Sibk al-Dahhak,سبك الضحاك,30.445,31.068,Al-Bagur,مركز الباجور,al-bagur-eg1704,30.413,31.032,Menoufia,المنوفية
Sagin al-Koum,سجين الكوم,30.918,31.055,Qutur,مركز قطور,qutur-eg1611,30.971,30.97,Gharbia,الغربية
Sahali,سح الي,31.052,30.378,Abu Hummus,مركز ابوحمص,abu-hummus-eg1804,31.106,30.31,Behera,البحيرة
Suhaim,سحيم,30.717,31.099,Santa,مركز السنطة,santa-eg1604,30.773,31.119,Gharbia,الغربية
Sakha,سخا,31.098,30.953,Kafr Al-Shaykh,قسم كفر الشيخ,kafr-al-shaykh-eg1501,31.119,30.941,Kafr El-Shikh,كفر الشيخ
Sadd Khamis,سدخميس,31.284,30.718,Sidi Salim,مركز سيدى سالم,sidi-salim-eg1507,31.31,30.738,Kafr El-Shikh,كفر الشيخ
Sidr al-Hitan - Jabal Hasan,سدر الحيطان - جبل حسن,30.005,33.279,Nakhl,قسم نخل,nakhl-eg3407,29.909,34.024,North Sinai,شمال سيناء
Sids al-Umara,سدس الأمراء,28.907,30.932,Biba,مركز ببا,biba-eg2207,28.951,30.967,Beni Suef,بنى سويف
Sidmant al-Jabal,سدمنت الجبل,29.128,30.919,Ahnasya,مركز أهناسيا,ahnasya-eg2206,29.102,30.943,Beni Suef,بنى سويف
Sudud,سدود,30.427,30.915,Minuf,مركز منوف,minuf-eg1709,30.46,30.881,Menoufia,المنوفية
Sarabit al-Khadim,سرابيط الخادم,29.052,33.374,Abu Radis,قسم أبو رديس,abu-radis-eg3503,29.049,33.598,South Sinai,جنوب سيناء
Sarabium,سرابيوم,30.484,32.332,Fayid,مركز فايد,fayid-eg1907,30.366,32.292,Ismailia,الإسماعيلية
Sarawa,سراوة,27.312,30.935,Manfalut,مركز منفلوط,manfalut-eg2512,27.294,30.951,Assiut,أسيوط
Sarbu,سربو,28.95,30.842,Sumusta,مركز سمسطا,sumusta-eg2208,28.951,30.866,Beni Suef,بنى سويف
Sarsamouse,سرسموس,30.58,30.934,Al-Shuhada,مركز الشهداء,al-shuhada-eg1705,30.601,30.87,Menoufia,المنوفية
Sarsana,سرسنا,29.403,30.96,Tamya,مركز طامية,tamya-eg2306,29.467,30.982,Fayoum,الفيوم
Sarsiqa,سرسيقة,30.801,30.727,Kum Hamada,مركز كوم حمادة,kum-hamada-eg1813,30.654,30.774,Behera,البحيرة
Sarqana,سرقنا,27.582,30.773,Dayrut,مركز ديروط,dayrut-eg2510,27.537,30.782,Assiut,أسيوط
Saranbay,سرنباي,31.181,30.565,Al-Mahmudiyya,مركز المحمودية,al-mahmudiyya-eg1806,31.197,30.488,Behera,البحيرة
Saranga,سرنجا,30.768,31.248,Mit Ghamr,مركز ميت غمر,mit-ghamr-eg1213,30.708,31.338,Dakahlia,الدقهلية
Sarwahit,سروهيت,30.403,30.976,Minuf,مركز منوف,minuf-eg1709,30.46,30.881,Menoufia,المنوفية
Sari,سري,30.404,31.292,Tukh,مركز طوخ,tukh-eg1408,30.344,31.19,Kalyoubia,القليوبية
Saryaqus,سرياقوس,30.198,31.325,Al Khanka,مركز الخانكة,al-khanka-eg1403,30.231,31.358,Kalyoubia,القليوبية
Sa'd Zaghloul,سعد زغلول,30.777,30.315,Abu-l-Matamir,مركز ابوالمطامير,abu-l-matamir-eg1803,30.773,30.144,Behera,البحيرة
Sa'dallah,سعد الله,26.61,31.701,Suhag,مركز سوهاج,suhag-eg2603,26.547,31.655,Suhag,سوهاج
Sa'd al-Din,سعد الدين,30.903,31.402,Sinbillawin,مركز السنبلاوين,sinbillawin-eg1205,30.883,31.513,Dakahlia,الدقهلية
Safay,سفاي,27.911,30.788,Markz Abu Qurqas,مركز ابو قرقاص,markz-abu-qurqas-eg2404,27.939,30.77,Menia,المنيا
Safarzan - Safargal,سفرزن - سفرجل,31.166,24.952,Salloum,قسم السلوم,salloum-eg3303,30.646,25.255,Matrouh,مطروح
Saflaq,سفلاق,26.646,31.703,Saqulta,مركز ساقلته,saqulta-eg2612,26.692,31.663,Suhag,سوهاج
Saqil,سقيل,30.132,31.172,Auseem,مركز أوسيم,auseem-eg2116,30.132,31.142,Giza,الجيزة
Sukkarah,سكرة,27.247,31.04,Manfalut,مركز منفلوط,manfalut-eg2512,27.294,30.951,Assiut,أسيوط
Skanida,سكنيدة,31.07,30.45,Damanhur,قسم دمنهور,damanhur-eg1801,31.049,30.463,Behera,البحيرة
Salaqus,سلاقوس,28.725,30.823,Markz Al Idwa,مركز العدوة,markz-al-idwa-eg2405,28.696,30.74,Menia,المنيا
Salam,سلام,27.228,31.103,Assuit,مركز أسيوط,assuit-eg2503,27.117,31.232,Assiut,أسيوط
Salamoun,سلامون,31.063,31.474,El Mansora,مركز المنصورة,el-mansora-eg1203,31.053,31.467,Dakahlia,الدقهلية
Salamoun,سلامون,30.779,30.749,Kum Hamada,مركز كوم حمادة,kum-hamada-eg1813,30.654,30.774,Behera,البحيرة
Salamoun,سلامون,26.913,31.417,Tama,مركز طما,tama-eg2613,26.874,31.422,Suhag,سوهاج
Salamoun al-Ghobar,سلامون الغبار,31.0,30.806,Basyun,مركز بسيون,basyun-eg1608,30.959,30.827,Gharbia,الغربية
Salamoun Bahari,سلامونبحري,30.584,30.874,Al-Shuhada,مركز الشهداء,al-shuhada-eg1705,30.601,30.87,Menoufia,المنوفية
Salamoun Qibli,سلامونقبلي,30.563,30.885,Al-Shuhada,مركز الشهداء,al-shuhada-eg1705,30.601,30.87,Menoufia,المنوفية
Silka,سلكا,30.988,31.347,El Mansora,مركز المنصورة,el-mansora-eg1203,31.053,31.467,Dakahlia,الدقهلية
Selka,سلكة,30.558,31.07,Shibin al-Kum,مركز شبين الكوم,shibin-al-kum-eg1702,30.561,30.954,Menoufia,المنوفية
Sallant,سللنت,31.019,31.43,El Mansora,مركز المنصورة,el-mansora-eg1203,31.053,31.467,Dakahlia,الدقهلية
Salmant,سلمنت,30.377,31.416,Bilbis,مركز بلبيس,bilbis-eg1308,30.408,31.531,Sharkia,الشرقية
Salwah Bahari,سلوهبحري,24.796,32.925,Kum Umbu,مركز كوم امبو,kum-umbu-eg2804,24.48,32.947,Aswan,أسوان
Salwah Qibli,سلوهقبلي,24.7,32.941,Kum Umbu,مركز كوم امبو,kum-umbu-eg2804,24.48,32.947,Aswan,أسوان
Salim,سليم,26.851,31.42,Tama,مركز طما,tama-eg2613,26.874,31.422,Suhag,سوهاج
Samatay,سماتاي,31.01,31.023,Qutur,مركز قطور,qutur-eg1611,30.971,30.97,Gharbia,الغربية
Samaha,سماحة,30.872,31.286,Aga,مركز أجا,aga-eg1204,30.895,31.313,Dakahlia,الدقهلية
Samadoun,سمادون,30.344,30.954,Ashmun,مركز أشمون,ashmun-eg1703,30.299,31.008,Menoufia,المنوفية
Samadis,سماديس,31.107,30.558,Al-Rahmaniyya,مركز الرحمانية,al-rahmaniyya-eg1815,31.106,30.584,Behera,البحيرة
Samakin Al-Sharq,سماكين الشرق,30.79,32.001,Al-Husayniya,مركز الحسينية,al-husayniya-eg1306,30.924,32.006,Sharkia,الشرقية
Samakin Al-Gharb,سماكين الغرب,30.816,31.884,Al-Husayniya,مركز الحسينية,al-husayniya-eg1306,30.924,32.006,Sharkia,الشرقية
Samalig,سم اليج,30.653,31.0,Tala,مركز تلا,tala-eg1707,30.67,30.946,Menoufia,المنوفية
Saman,سمان,30.348,31.03,Al-Bagur,مركز الباجور,al-bagur-eg1704,30.413,31.032,Menoufia,المنوفية
Samkhrat,سمخراط,31.156,30.594,Al-Rahmaniyya,مركز الرحمانية,al-rahmaniyya-eg1815,31.106,30.584,Behera,البحيرة
Samla,سملا,30.92,30.999,Qutur,مركز قطور,qutur-eg1611,30.971,30.97,Gharbia,الغربية
Samla,سملا,31.147,27.161,Marsa Matruh,قسم مرسى مطروح,marsa-matruh-eg3301,30.022,26.997,Matrouh,مطروح
Samlay,سملاي,30.323,31.066,Ashmun,مركز أشمون,ashmun-eg1703,30.299,31.008,Menoufia,المنوفية
Samhoud,سمهود,26.142,32.037,Abu Tisht,مركز أبو طشت,abu-tisht-eg2703,26.13,32.086,Qena,قنا
Sanabada,سنابادة,31.178,30.538,Al-Mahmudiyya,مركز المحمودية,al-mahmudiyya-eg1806,31.197,30.488,Behera,البحيرة
Sanan Basha,سنانباشا,30.063,31.232,Bulaq,قسم بولاق,bulaq-eg0112,30.062,31.234,Cairo,القاهرة
Sanbara,سنبارة,31.126,31.158,El Mahalla El Kobra,مركز المحله الكبرى,el-mahalla-el-kobra-eg1607,31.017,31.13,Gharbia,الغربية
Sanbat wa Hessetha,سنباطوحصتها,30.804,31.21,Zifta,مركز زفتى,zifta-eg1609,30.728,31.215,Gharbia,الغربية
Sanbakht,سنبخت,30.972,31.291,Aga,مركز أجا,aga-eg1204,30.895,31.313,Dakahlia,الدقهلية
Sanbou Maqam,سنبومقام,30.758,31.312,Mit Ghamr,مركز ميت غمر,mit-ghamr-eg1213,30.708,31.338,Dakahlia,الدقهلية
Sanbou wa Manshaat Al-Sabahi,سنبوومنشأة الصباحي,30.647,31.203,Zifta,مركز زفتى,zifta-eg1609,30.728,31.215,Gharbia,الغربية
Santaris,سنتريس,30.724,31.737,Abu Kabir,مركز أبوكبير,abu-kabir-eg1305,30.733,31.69,Sharkia,الشرقية
Santaris,سنتريس,30.307,31.059,Ashmun,مركز أشمون,ashmun-eg1703,30.299,31.008,Menoufia,المنوفية
Santamay,سنتماي,30.722,31.326,Mit Ghamr,مركز ميت غمر,mit-ghamr-eg1213,30.708,31.338,Dakahlia,الدقهلية
Sanjarg,سنجرج,30.511,30.953,Minuf,مركز منوف,minuf-eg1709,30.46,30.881,Menoufia,المنوفية
Sanjarg,سنجرج,27.716,30.797,Markz Mallawi,مركز ملوى,markz-mallawi-eg2412,27.775,30.801,Menia,المنيا
Sanjalf,سنجلف,30.406,31.03,Al-Bagur,مركز الباجور,al-bagur-eg1704,30.413,31.032,Menoufia,المنوفية
Sanjaha,سنجها,30.835,31.674,Kafr Saqr,مركز كفر صقر,kafr-saqr-eg1313,30.837,31.675,Sharkia,الشرقية
Sanjid,سنجيد,30.918,31.345,Aga,مركز أجا,aga-eg1204,30.895,31.313,Dakahlia,الدقهلية
Sand Bast,سند بسط,30.695,31.24,Zifta,مركز زفتى,zifta-eg1609,30.728,31.215,Gharbia,الغربية
Sandanhour,سندانهور,30.42,31.196,Banha,مركز بنها,banha-eg1402,30.443,31.248,Kalyoubia,القليوبية
Sandabis,سندبيس,30.254,31.174,Qanatir Al-Khayriyya,مركز القناطر الخيرية,qanatir-al-khayriyya-eg1404,30.214,31.135,Kalyoubia,القليوبية
Sandasis,سندسيس,31.02,31.128,El Mahalla El Kobra,مركز المحله الكبرى,el-mahalla-el-kobra-eg1607,31.017,31.13,Gharbia,الغربية
Sandanhour,سندنهور,30.481,31.502,Bilbis,مركز بلبيس,bilbis-eg1308,30.408,31.531,Sharkia,الشرقية
Sandoub wa Kafr Al-Manasra,سندوب و كفر المناصرة,31.018,31.383,El Mansora 1,قسم اول المنصورة,el-mansora-1-eg1201,31.029,31.375,Dakahlia,الدقهلية
Sandawa,سندوة,30.253,31.323,Al Khanka,مركز الخانكة,al-khanka-eg1403,30.231,31.358,Kalyoubia,القليوبية
Sandyoun,سنديون,30.248,31.207,Qalyub,مركز قليوب,qalyub-eg1410,30.207,31.214,Kalyoubia,القليوبية
Sandyoun,سنديون,31.243,30.518,Fuwwa,مركز فوه,fuwwa-eg1508,31.232,30.564,Kafr El-Shikh,كفر الشيخ
Santis,سنطيس,30.975,30.489,Damanhur,مركز دمنهور,damanhur-eg1802,31.032,30.527,Behera,البحيرة
Sanfa,سنفا,30.794,31.358,Mit Ghamr,مركز ميت غمر,mit-ghamr-eg1213,30.708,31.338,Dakahlia,الدقهلية
Sanqour,سنقر,30.038,31.248,Sayyida Zainab,قسم السيدة زينب,sayyida-zainab-eg0107,30.03,31.242,Cairo,القاهرة
Sanhara,سنهرة,30.288,31.247,Tukh,مركز طوخ,tukh-eg1408,30.344,31.19,Kalyoubia,القليوبية
Sanhawa wa Manshaat Fathy,سنهواومنشأةفتحي,30.434,31.362,Minya al-Qamh,مركز منيا القمح,minya-al-qamh-eg1314,30.507,31.369,Sharkia,الشرقية
Sanhout,سنهوت,30.48,31.339,Minya al-Qamh,مركز منيا القمح,minya-al-qamh-eg1314,30.507,31.369,Sharkia,الشرقية
Sanhour,سنهور,31.073,30.555,Damanhur,مركز دمنهور,damanhur-eg1802,31.032,30.527,Behera,البحيرة
Sanhour,سنهور,29.417,30.76,Sinuras,مركز سنورس,sinuras-eg2305,29.441,30.815,Fayoum,الفيوم
Sanhour Al-Bahariya,سنهور البحرية,29.453,30.752,Sinuras,مركز سنورس,sinuras-eg2305,29.441,30.815,Fayoum,الفيوم
Sanhour Al-Madina,سنهور المدينة,31.132,30.721,Disuq,مركز دسوق,disuq-eg1506,31.15,30.72,Kafr El-Shikh,كفر الشيخ
Sanour,سنور,29.032,31.075,Bani Swayf,مركز بنى سويف,bani-swayf-eg2202,29.098,31.042,Beni Suef,بنى سويف
Sanour Al-Bahariya,سنور البحرية,29.389,30.726,Abshaway,مركز أبشواى,abshaway-eg2303,29.374,30.69,Fayoum,الفيوم
Sanoufar,سنوفر,29.272,30.873,Fayyum,مركز الفيوم,fayyum-eg2302,29.3,30.955,Fayoum,الفيوم
Sanita Abu Tawala,سنيطةأبوط والة,30.586,31.37,Minya al-Qamh,مركز منيا القمح,minya-al-qamh-eg1314,30.507,31.369,Sharkia,الشرقية
Sanita Al-Rifa'iyyin,سنيطة الرفاعيين,30.81,31.8,Faqus,مركز فاقوس,faqus-eg1312,30.749,31.896,Sharkia,الشرقية
Sawhag,سهواج,30.273,31.092,Ashmun,مركز أشمون,ashmun-eg1703,30.299,31.008,Menoufia,المنوفية
Sawada,سوادة,30.683,31.852,Faqus,مركز فاقوس,faqus-eg1312,30.749,31.896,Sharkia,الشرقية
Sawada,سوادة,28.099,30.774,Markz Al Minya,مركز المنيا,markz-al-minya-eg2402,28.101,30.641,Menia,المنيا
Sawalem Abnoub,س والمأبنوب,27.248,31.139,Abnub,مركز أبنوب,abnub-eg2504,27.295,31.106,Assiut,أسيوط
Sawali Samalout,سوالى سمالوس,31.256,25.406,Salloum,قسم السلوم,salloum-eg3303,30.646,25.255,Matrouh,مطروح
Sawani Gaber,سوانيجابر,31.058,28.292,Daba,مركز الضبعة,daba-eg3304,29.463,28.243,Matrouh,مطروح
Sawani Samalout,سوانيسم الوس,30.983,28.548,Daba,مركز الضبعة,daba-eg3304,29.463,28.243,Matrouh,مطروح
Suzanne Mubarak Al-Gedida,سوزان مبارك الجديدة,30.043,31.293,Minshat Nasir,منشأةناصر,minshat-nasir-eg0134,30.043,31.284,Cairo,القاهرة
Souq Al-Turk,سوق الترك,31.2,29.89,Al Manshiyya,قسم المنشية,al-manshiyya-eg0207,31.198,29.892,Alexandria,الاسكندرية
Souq Al-Gomaa wa Al-Mounir,سوق الجمعة والمنير,31.188,29.888,A L Labban,قسم اللبان,a-l-labban-eg0209,31.191,29.892,Alexandria,الاسكندرية
Souq Al-Khodar,سوق الخضار,29.082,31.093,Bani Swayf,قسم بنى سويف,bani-swayf-eg2201,29.077,31.097,Beni Suef,بنى سويف
Souq Al-Bersim,سوق البرسيم,31.197,29.888,Al Manshiyya,قسم المنشية,al-manshiyya-eg0207,31.198,29.892,Alexandria,الاسكندرية
Souq Al-Selah,سوق السلاح,30.037,31.26,Al Darb al-Ahmar,قسم الدرب الأحمر,al-darb-al-ahmar-eg0114,30.041,31.26,Cairo,القاهرة
Souq Al-Samak Al-Qadim,سوق السمك القديم,31.199,29.886,Al Gumruk,قسم الجمرك,al-gumruk-eg0210,31.203,29.879,Alexandria,الاسكندرية
Souq Al-Asr,سوق العصر,30.065,31.231,Bulaq,قسم بولاق,bulaq-eg0112,30.062,31.234,Cairo,القاهرة
Siyala,سي الة,24.627,32.95,Nasr,مركز نصر,nasr-eg2805,24.373,32.932,Aswan,أسوان
Sayed Ahmed Hassan Al-Qatt,سيد احمد حسن القط,30.564,31.013,Shibin al-Kum,قسم شبين الكوم,shibin-al-kum-eg1701,30.556,31.0,Menoufia,المنوفية
Sidna Al-Khidr,سيدنا الخضر,29.394,30.443,Yousef El sadeq,مركز يوسف الصديق,yousef-el-sadeq-eg2307,29.353,30.586,Fayoum,الفيوم
Sidna Suleiman,سيدنا سليمان,30.273,29.712,Nubariyya West,قسم غرب النوبارية,nubariyya-west-eg1817,30.425,29.897,Behera,البحيرة
Sidi Bishr Bahari,سيدى بشر بحري,31.266,29.995,Muntazah,قسم المنتزة,muntazah-eg0201,31.264,30.03,Alexandria,الاسكندرية
Sidi Bishr Qibli,سيدى بشر قبلى,31.256,29.996,Muntazah,قسم المنتزة,muntazah-eg0201,31.264,30.03,Alexandria,الاسكندرية
Sidi Abdel Rahman,سيدى عبد الرحمن,31.003,28.622,Daba,مركز الضبعة,daba-eg3304,29.463,28.243,Matrouh,مطروح
Sidi Ghazi,سيدى غازى,31.211,31.055,Kafr Al-Shaykh,مركز كفر الشيخ,kafr-al-shaykh-eg1502,31.2,31.016,Kafr El-Shikh,كفر الشيخ
Sidi Gaber,سيديجابر,31.222,29.938,Sidi Gabir,قسم سيدى جابر,sidi-gabir-eg0203,31.216,29.949,Alexandria,الاسكندرية
Sidi Haneish,سيديحنيش,31.249,27.375,Marsa Matruh,قسم مرسى مطروح,marsa-matruh-eg3301,30.022,26.997,Matrouh,مطروح
Sidi Shabib,سيديشبيب,31.061,28.214,Daba,مركز الضبعة,daba-eg3304,29.463,28.243,Matrouh,مطروح
Sidi Oqba,سيديعقبة,31.251,30.447,Al-Mahmudiyya,مركز المحمودية,al-mahmudiyya-eg1806,31.197,30.488,Behera,البحيرة
Sidi Omar,سيديعمر,31.315,30.457,Rashid,مركز رشيد,rashid-eg1809,31.379,30.375,Behera,البحيرة
Sidi Omar,سيديعمر,31.254,24.931,Salloum,قسم السلوم,salloum-eg3303,30.646,25.255,Matrouh,مطروح
Sidi Ghazi,سيديغازي,31.059,30.099,Kafr Al-Dawwar,مركز كفر الدوار,kafr-al-dawwar-eg1812,31.129,30.038,Behera,البحيرة
Sidi Madin,سيديمدين,30.057,31.256,Bab Al-Shariyya,قسم باب الشعرية,bab-al-shariyya-eg0116,30.059,31.258,Cairo,القاهرة
Seif Al-Din,سيف الدين,31.236,31.718,Zarqa,مركز الزرقا,zarqa-eg1107,31.209,31.649,Damietta,دمياط
Seil Habran,سيلحبران,28.666,33.623,Al-Tur,قسم الطور,al-tur-eg3501,28.365,33.753,South Sinai,جنوب سيناء
Seil Mi'ar,سيلميعر,28.629,33.701,Al-Tur,قسم الطور,al-tur-eg3501,28.365,33.753,South Sinai,جنوب سيناء
Sila,سيلا,29.361,30.973,Fayyum,مركز الفيوم,fayyum-eg2302,29.3,30.955,Fayoum,الفيوم
Sila Al-Sharqiya,سيلة الشرقية,28.442,30.703,Markz Matay,مركز مطاى,markz-matay-eg2409,28.431,30.71,Menia,المنيا
Sila Al-Gharbiya,سيلة الغربية,28.423,30.678,Markz Matay,مركز مطاى,markz-matay-eg2409,28.431,30.71,Menia,المنيا
Sinrou Al-Qibliya,سينرو القبلية,29.364,30.761,Abshaway,مركز أبشواى,abshaway-eg2303,29.374,30.69,Fayoum,الفيوم
Shaba,شابة,31.223,30.775,Disuq,مركز دسوق,disuq-eg1506,31.15,30.72,Kafr El-Shikh,كفر الشيخ
Shabour,شابور,30.802,30.77,Kum Hamada,مركز كوم حمادة,kum-hamada-eg1813,30.654,30.774,Behera,البحيرة
Shatarm - Tahgir,شاترم - تهجير,24.562,33.033,Nasr,مركز نصر,nasr-eg2805,24.373,32.932,Aswan,أسوان
Shatarma,شاترمه,23.88,33.041,Aswan,مركز أسوان,aswan-eg2802,23.972,32.831,Aswan,أسوان
Sharouna,شارونة,28.607,30.863,Markz Maghagha,مركز مغاغة,markz-maghagha-eg2410,28.641,30.794,Menia,المنيا
Shalma,ش المة,31.234,30.876,Sidi Salim,مركز سيدى سالم,sidi-salim-eg1507,31.31,30.738,Kafr El-Shikh,كفر الشيخ
Shawa,شاوة,31.0,31.418,El Mansora,مركز المنصورة,el-mansora-eg1203,31.053,31.467,Dakahlia,الدقهلية
Shabas Al-Shuhadaa,شباس الشهداء,31.093,30.756,Disuq,مركز دسوق,disuq-eg1506,31.15,30.72,Kafr El-Shikh,كفر الشيخ
Shabas Al-Malh,شباس الملح,31.216,30.663,Disuq,مركز دسوق,disuq-eg1506,31.15,30.72,Kafr El-Shikh,كفر الشيخ
Shabas Ameir,شباسعمير,31.112,30.783,Qillin,مركز قلين,qillin-eg1509,31.085,30.817,Kafr El-Shikh,كفر الشيخ
Shubra,شبرا,31.033,30.451,Damanhur,قسم دمنهور,damanhur-eg1801,31.049,30.463,Behera,البحيرة
Shubra Al-Bahw,شبرا البهو,30.957,31.353,Aga,مركز أجا,aga-eg1204,30.895,31.313,Dakahlia,الدقهلية
Shubra Al-Salam,شبرا السلام,30.516,31.448,Minya al-Qamh,مركز منيا القمح,minya-al-qamh-eg1314,30.507,31.369,Sharkia,الشرقية
Shubra Al-Enab,شبرا العنب,30.442,31.34,Minya al-Qamh,مركز منيا القمح,minya-al-qamh-eg1314,30.507,31.369,Sharkia,الشرقية
Shubra Al-Nakhla,شبرا النخلة,30.439,31.482,Bilbis,مركز بلبيس,bilbis-eg1308,30.408,31.531,Sharkia,الشرقية
Shubra Al-Namla,شبرا النملة,30.801,30.929,Tanta,مركز طنطا,tanta-eg1603,30.809,30.932,Gharbia,الغربية
Shubra Al-Nouna,شبرا النونة,30.927,30.604,Itay Al-Barud,مركز إيتاى البارود,itay-al-barud-eg1807,30.886,30.656,Behera,البحيرة
Shubra Al-Yaman,شبرا اليمن,30.844,31.213,Zifta,مركز زفتى,zifta-eg1609,30.728,31.215,Gharbia,الغربية
Shubra Babel,شبرابابل,30.905,31.181,El Mahalla El Kobra,مركز المحله الكبرى,el-mahalla-el-kobra-eg1607,31.017,31.13,Gharbia,الغربية
Shubra Bas,شبراباص,30.556,30.937,Shibin al-Kum,مركز شبين الكوم,shibin-al-kum-eg1702,30.561,30.954,Menoufia,المنوفية
Shubra Batoush,شبرابتوش,30.706,30.851,Tala,مركز تلا,tala-eg1707,30.67,30.946,Menoufia,المنوفية
Shubra Bakhoum,شبرابخوم,30.587,31.224,Quwisna,مركز قويسنا,quwisna-eg1708,30.56,31.163,Menoufia,المنوفية
Shubra Badin,شبرابدين,31.034,31.483,El Mansora,مركز المنصورة,el-mansora-eg1203,31.053,31.467,Dakahlia,الدقهلية
Shubra Baloula,شبرابلولة,30.499,30.966,Minuf,مركز منوف,minuf-eg1709,30.46,30.881,Menoufia,المنوفية
Shubra Baloula Al-Sakhawiya,شبرابلولة السخاوية,30.959,30.939,Qutur,مركز قطور,qutur-eg1611,30.971,30.97,Gharbia,الغربية
Shubra Baloula Al-Samannoudiya,شبرابلولة السمنودية,30.722,31.111,Santa,مركز السنطة,santa-eg1604,30.773,31.119,Gharbia,الغربية
Shubra Khalfoun,شبراخلفون,30.486,31.057,Shibin al-Kum,مركز شبين الكوم,shibin-al-kum-eg1702,30.561,30.954,Menoufia,المنوفية
Shubra Ris,شبراريس,30.765,30.846,Kafr Al-Zayyat,مركز كفر الزيات,kafr-al-zayyat-eg1612,30.807,30.835,Gharbia,الغربية
Shubra Sandi,شبراسندي,30.881,31.544,Sinbillawin,مركز السنبلاوين,sinbillawin-eg1205,30.883,31.513,Dakahlia,الدقهلية
Shubra Shahab,شبراشهاب,30.277,31.115,Qanatir Al-Khayriyya,مركز القناطر الخيرية,qanatir-al-khayriyya-eg1404,30.214,31.135,Kalyoubia,القليوبية
Shubra Soura,شبراصورة,30.728,31.384,Dyarb Nigm,مركز ديرب نجم,dyarb-nigm-eg1310,30.752,31.444,Sharkia,الشرقية
Shubra Qas,شبراقاص,30.753,31.068,Santa,مركز السنطة,santa-eg1604,30.773,31.119,Gharbia,الغربية
Shubra Qabala,شبراقب الة,30.917,31.458,Sinbillawin,مركز السنبلاوين,sinbillawin-eg1205,30.883,31.513,Dakahlia,الدقهلية
Shubra Qabala wa Khalwat Nour Al-Din,شبراقب الةوخلوةنور الدين,30.489,31.135,Quwisna,مركز قويسنا,quwisna-eg1708,30.56,31.163,Menoufia,المنوفية
Shubra Mels,شبراملس,30.846,31.188,Zifta,مركز زفتى,zifta-eg1609,30.728,31.215,Gharbia,الغربية
Shubra Malakan,شبراملكان,30.932,31.146,El Mahalla El Kobra,مركز المحله الكبرى,el-mahalla-el-kobra-eg1607,31.017,31.13,Gharbia,الغربية
Shubra Mant,شبرامنت,29.937,31.189,Giza,مركز الجيزة,giza-eg2109,29.943,31.213,Giza,الجيزة
Shubra Nabat,شبرانبات,31.104,31.165,El Mahalla El Kobra,مركز المحله الكبرى,el-mahalla-el-kobra-eg1607,31.017,31.13,Gharbia,الغربية
Shubra Nbas,شبرانباص,30.933,30.927,Qutur,مركز قطور,qutur-eg1611,30.971,30.97,Gharbia,الغربية
Shubra Haris,شبراهارس,30.319,31.192,Tukh,مركز طوخ,tukh-eg1408,30.344,31.19,Kalyoubia,القليوبية
Shubra Hour,شبراهور,30.929,31.426,Sinbillawin,مركز السنبلاوين,sinbillawin-eg1205,30.883,31.513,Dakahlia,الدقهلية
Shubra Wasim,شبراوسيم,30.727,30.696,Kum Hamada,مركز كوم حمادة,kum-hamada-eg1813,30.654,30.774,Behera,البحيرة
Shubra Bil Al-Kinaniya,شبرابيل الكنانية,30.738,31.082,Santa,مركز السنطة,santa-eg1604,30.773,31.119,Gharbia,الغربية
Shubra Tana,شبراتنا,30.99,30.799,Basyun,مركز بسيون,basyun-eg1608,30.959,30.827,Gharbia,الغربية
Shubra Ris,شبراريس,30.99,30.727,Shubra Khit,مركز شبراخيت,shubra-khit-eg1810,31.003,30.679,Behera,البحيرة
Shubra Zanji,شبرازنجي,30.467,31.017,Al-Bagur,مركز الباجور,al-bagur-eg1704,30.413,31.032,Menoufia,المنوفية
Shubra Tou,شبراطو,30.992,30.831,Basyun,مركز بسيون,basyun-eg1608,30.959,30.827,Gharbia,الغربية
Shubrawish,شبراويش,30.871,31.263,Aga,مركز أجا,aga-eg1204,30.895,31.313,Dakahlia,الدقهلية
Shabshir Al-Hessa,شبشير الحصة,30.868,31.072,Tanta,مركز طنطا,tanta-eg1603,30.809,30.932,Gharbia,الغربية
Shabshir Tamlay,شبشيرطملاي,30.52,30.86,Minuf,مركز منوف,minuf-eg1709,30.46,30.881,Menoufia,المنوفية
Shablanja,شبلنجة,30.48,31.255,Banha,مركز بنها,banha-eg1402,30.443,31.248,Kalyoubia,القليوبية
Shabiyat Qash,شبيةقش,30.572,31.305,Minya al-Qamh,مركز منيا القمح,minya-al-qamh-eg1314,30.507,31.369,Sharkia,الشرقية
Shagaret Mariam,شجرةمريم,30.124,31.313,Al Matariyya,قسم المطرية,al-matariyya-eg0125,30.128,31.304,Cairo,القاهرة
Shadmooh,شدموه,29.189,30.763,Atsa,مركز أطسا,atsa-eg2304,29.208,30.767,Fayoum,الفيوم
Sharara,شرارة,28.016,30.83,Markz Abu Qurqas,مركز ابو قرقاص,markz-abu-qurqas-eg2404,27.939,30.77,Menia,المنيا
Sharanis,شرانيس,30.541,31.164,Quwisna,مركز قويسنا,quwisna-eg1708,30.56,31.163,Menoufia,المنوفية
Sharbas,شرباص,31.274,31.679,Fariskur,مركز فارسكور,fariskur-eg1103,31.31,31.733,Damietta,دمياط
Sharshaba,شرشابة,30.783,31.182,Zifta,مركز زفتى,zifta-eg1609,30.728,31.215,Gharbia,الغربية
Sharshima,شرشيمة,30.683,31.623,Hihya,مركز ههيا,hihya-eg1315,30.652,31.617,Sharkia,الشرقية
Sharq Al-Mintaqa Al-Sadisa,شرق المنطقة السادسة,30.063,31.37,Nasr City,قسم أول مدينة نصر,nasr-city-eg0126,30.032,31.369,Cairo,القاهرة
Sharqiya Al-Maasara,شرقية المعصرة,31.293,31.302,Bilqas,مركز بلقاس,bilqas-eg1208,31.344,31.379,Dakahlia,الدقهلية
Sharqiya Mubasher,شرقيةمباشر,30.743,31.545,El-Ibrahimiya,مركز الأبراهيمية,el-ibrahimiya-eg1317,30.732,31.564,Sharkia,الشرقية
Sharaks,شركس,30.052,31.235,Bulaq,قسم بولاق,bulaq-eg0112,30.062,31.234,Cairo,القاهرة
Sharmisah,شرمساح,31.183,31.603,Zarqa,مركز الزرقا,zarqa-eg1107,31.209,31.649,Damietta,دمياط
Sharnoub,شرنوب,31.006,30.58,Damanhur,مركز دمنهور,damanhur-eg1802,31.032,30.527,Behera,البحيرة
Sharhi,شرهي,29.113,30.972,Ahnasya,مركز أهناسيا,ahnasya-eg2206,29.102,30.943,Beni Suef,بنى سويف
Sharwida,شرويدة,30.582,31.475,Zaqaziq,مركز الزقازيق,zaqaziq-eg1303,30.587,31.581,Sharkia,الشرقية
Sharif,شريف,30.093,31.249,Al Sahil,قسم الساحل,al-sahil-eg0121,30.092,31.247,Cairo,القاهرة
Sharif,شريف,29.118,31.121,Bani Swayf,مركز بنى سويف,bani-swayf-eg2202,29.098,31.042,Beni Suef,بنى سويف
Shisht Al-An'am,ششت الأنعام,30.862,30.733,Itay Al-Barud,مركز إيتاى البارود,itay-al-barud-eg1807,30.886,30.656,Behera,البحيرة
Shishta,ششتا,30.863,31.166,Zifta,مركز زفتى,zifta-eg1609,30.728,31.215,Gharbia,الغربية
Shat Al-Khayata,شط الخياطة,31.457,31.842,Dumyat,مركز دمياط,dumyat-eg1102,31.44,31.842,Damietta,دمياط
Shat Al-Sho'araa,شط الشعراء,31.396,31.798,Dumyat,مركز دمياط,dumyat-eg1102,31.44,31.842,Damietta,دمياط
Shat Al-Sheikh Dargham,شط الشيخدرغام,31.478,31.86,Dumyat,مركز دمياط,dumyat-eg1102,31.44,31.842,Damietta,دمياط
Shat Gariba,شطجريبة,31.437,31.844,Dumyat,مركز دمياط,dumyat-eg1102,31.44,31.842,Damietta,دمياط
Shat Ezbet Al-Lahm,شطعزبة اللحم,31.442,31.809,Dumyat,مركز دمياط,dumyat-eg1102,31.44,31.842,Damietta,دمياط
Shat Gheit Al-Nasara,شطغيط النصاري,31.417,31.839,Dumyat,مركز دمياط,dumyat-eg1102,31.44,31.842,Damietta,دمياط
Shat Mahboub wa Al-Siyala,شطمحب والسي الة,31.398,31.838,Dumyat,مركز دمياط,dumyat-eg1102,31.44,31.842,Damietta,دمياط
Shatta,شطا,31.42,31.855,Dumyat,مركز دمياط,dumyat-eg1102,31.44,31.842,Damietta,دمياط
Shattanouf,شطانوف,30.238,31.072,Ashmun,مركز أشمون,ashmun-eg1703,30.299,31.008,Menoufia,المنوفية
Shatb,شطب,27.14,31.233,Assuit,مركز أسيوط,assuit-eg2503,27.117,31.232,Assiut,أسيوط
Shatoura,شطورة,26.828,31.5,Tahta,مركز طهطا,tahta-eg2614,26.785,31.42,Suhag,سوهاج
Shaarawy,شعراوي,27.84,30.762,Markz Mallawi,مركز ملوى,markz-mallawi-eg2412,27.775,30.801,Menia,المنيا
Shaasha,شعشاع,30.232,31.055,Ashmun,مركز أشمون,ashmun-eg1703,30.299,31.008,Menoufia,المنوفية
Shaalan,شعلان,29.319,30.599,Yousef El sadeq,مركز يوسف الصديق,yousef-el-sadeq-eg2307,29.353,30.586,Fayoum,الفيوم
Shafa wa Qoroun,شفاوقرون,30.905,30.887,Basyun,مركز بسيون,basyun-eg1608,30.959,30.827,Gharbia,الغربية
Shaqraf,شقرف,30.895,30.92,Tanta,مركز طنطا,tanta-eg1603,30.809,30.932,Gharbia,الغربية
Shaqlqil,شقلقيل,27.303,31.023,Abnub,مركز أبنوب,abnub-eg2504,27.295,31.106,Assiut,أسيوط
Shakshouk,شكشوك,29.461,30.714,Abshaway,مركز أبشواى,abshaway-eg2303,29.374,30.69,Fayoum,الفيوم
Shaltout,شلتوت,30.824,30.304,Hush Isa,مركز حوش عيسى,hush-isa-eg1808,30.891,30.346,Behera,البحيرة
Shalash,شلش,27.552,30.838,Dayrut,مركز ديروط,dayrut-eg2510,27.537,30.782,Assiut,أسيوط
Shalashlamoun,شلشلمون,30.497,31.393,Minya al-Qamh,مركز منيا القمح,minya-al-qamh-eg1314,30.507,31.369,Sharkia,الشرقية
Shalqam,شلقام,28.543,30.71,Markz Bani Mazar,مركز بنى مزار,markz-bani-mazar-eg2406,28.518,30.731,Menia,المنيا
Shalqan,شلقان,30.201,31.151,Qanatir Al-Khayriyya,مركز القناطر الخيرية,qanatir-al-khayriyya-eg1404,30.214,31.135,Kalyoubia,القليوبية
Shamal Basal Al-Bahariya,شم البصل البحرية,28.62,30.736,Markz Maghagha,مركز مغاغة,markz-maghagha-eg2410,28.641,30.794,Menia,المنيا
Shamal Basal Al-Qibliya,شم البصل القبلية,28.61,30.732,Markz Maghagha,مركز مغاغة,markz-maghagha-eg2410,28.641,30.794,Menia,المنيا
Shama,شما,30.383,30.915,Ashmun,مركز أشمون,ashmun-eg1703,30.299,31.008,Menoufia,المنوفية
Shamas,شماس,31.544,26.189,Sidi Barani,قسم سيدى برانى,sidi-barani-eg3305,30.656,25.886,Matrouh,مطروح
Shamshira,شمشيرة,31.257,30.524,Fuwwa,مركز فوه,fuwwa-eg1508,31.232,30.564,Kafr El-Shikh,كفر الشيخ
Shamandil,شمنديل,30.543,31.122,Quwisna,مركز قويسنا,quwisna-eg1708,30.56,31.163,Menoufia,المنوفية
Shamyatis,شمياطس,30.623,30.9,Al-Shuhada,مركز الشهداء,al-shuhada-eg1705,30.601,30.87,Menoufia,المنوفية
Shanbara Al-Tananat,شنبارة الطنانات,30.516,31.65,Abu Hammad,مركز أبو حماد,abu-hammad-eg1304,30.543,31.649,Sharkia,الشرقية
Shanbara Al-Maimouna wa Kafr Al-Tamimi,شنبارة الميمونةوكفر التميمي,30.611,31.365,Zaqaziq,مركز الزقازيق,zaqaziq-eg1303,30.587,31.581,Sharkia,الشرقية
Shanbara Manqala,شنبارةمنقلا,30.722,31.443,Dyarb Nigm,مركز ديرب نجم,dyarb-nigm-eg1310,30.752,31.444,Sharkia,الشرقية
Shanbari,شنباري,30.114,31.154,Auseem,مركز أوسيم,auseem-eg2116,30.132,31.142,Giza,الجيزة
Shantana El-Hagar wa Hessetha,شنتنا الحجر وحصتها,30.641,31.063,Birkat Al-Sab,مركز بركة السبع,birkat-al-sab-eg1706,30.651,31.108,Menoufia,المنوفية
Shandalaat,شندلات,30.772,31.11,Santa,مركز السنطة,santa-eg1604,30.773,31.119,Gharbia,الغربية
Shandawil,شندويل,26.647,31.597,Al-Maragha,مركز المراغة,al-maragha-eg2606,26.669,31.588,Suhag,سوهاج
Shandid,شنديد,30.921,30.668,Itay Al-Barud,مركز إيتاى البارود,itay-al-barud-eg1807,30.886,30.656,Behera,البحيرة
Shanraq,شنراق,30.822,31.157,Santa,مركز السنطة,santa-eg1604,30.773,31.119,Gharbia,الغربية
Shanra El-Bahareya,شنرة البحرية,30.808,31.09,Santa,مركز السنطة,santa-eg1604,30.773,31.119,Gharbia,الغربية
Shanari,شنري,28.79,30.766,Al Fashn,مركز الفشن,al-fashn-eg2204,28.809,30.827,Beni Suef,بنى سويف
Shansha,شنشا,30.886,31.314,Aga,مركز أجا,aga-eg1204,30.895,31.313,Dakahlia,الدقهلية
Shanshour wa Hessetha,شنشوروحصتها,30.359,30.991,Ashmun,مركز أشمون,ashmun-eg1703,30.299,31.008,Menoufia,المنوفية
Shanfas,شنفاص,30.905,31.381,Aga,مركز أجا,aga-eg1204,30.895,31.313,Dakahlia,الدقهلية
Shanhoura,شنهور,25.855,32.777,Qus,مركز قوص,qus-eg2707,25.857,32.789,Qena,قنا
Shanou,شنو,31.055,30.92,Kafr Al-Shaykh,مركز كفر الشيخ,kafr-al-shaykh-eg1502,31.2,31.016,Kafr El-Shikh,كفر الشيخ
Shanwan,شنوان,30.506,31.009,Shibin al-Kum,مركز شبين الكوم,shibin-al-kum-eg1702,30.561,30.954,Menoufia,المنوفية
Shanwayo wa Kafr El-Badrana,شنوايوكفر البدرانة,30.31,31.099,Ashmun,مركز أشمون,ashmun-eg1703,30.299,31.008,Menoufia,المنوفية
Shanoufa,شنوفة,30.516,30.98,Shibin al-Kum,مركز شبين الكوم,shibin-al-kum-eg1702,30.561,30.954,Menoufia,المنوفية
Shanisa,شنيسة,30.907,31.31,Aga,مركز أجا,aga-eg1204,30.895,31.313,Dakahlia,الدقهلية
Shanit El-Harabwa,شنيط الحرابوة,30.786,31.623,Kafr Saqr,مركز كفر صقر,kafr-saqr-eg1313,30.837,31.675,Sharkia,الشرقية
Shaha,شها,31.091,31.48,El Mansora,مركز المنصورة,el-mansora-eg1203,31.053,31.467,Dakahlia,الدقهلية
Shuhadaa Bahr El-Baqar 2,شهداء بحر البقر 2,30.918,32.149,Al-Husayniya,مركز الحسينية,al-husayniya-eg1306,30.924,32.006,Sharkia,الشرقية
Shuhadaa Bahr El-Baqar 3,شهداء بحر البقر 3,30.895,32.125,Al-Husayniya,مركز الحسينية,al-husayniya-eg1306,30.924,32.006,Sharkia,الشرقية
Shuhadaa Bahr El-Baqar 4,شهداء بحر البقر 4,30.853,32.161,Al-Husayniya,مركز الحسينية,al-husayniya-eg1306,30.924,32.006,Sharkia,الشرقية
Shuhadaa Bahr El-Baqar 5,شهداء بحر البقر 5,30.887,32.16,Al-Husayniya,مركز الحسينية,al-husayniya-eg1306,30.924,32.006,Sharkia,الشرقية
Shoubar,شوبر,30.845,30.961,Tanta,مركز طنطا,tanta-eg1603,30.809,30.932,Gharbia,الغربية
Shoubak Akrash,شوبكأكراش,30.737,31.506,Dyarb Nigm,مركز ديرب نجم,dyarb-nigm-eg1310,30.752,31.444,Sharkia,الشرقية
Shoubak Basta,شوبكبسطة,30.576,31.534,Zaqaziq,مركز الزقازيق,zaqaziq-eg1303,30.587,31.581,Sharkia,الشرقية
Shoushay wa Kafr Ata,شوشايوكفرعطا,30.33,31.001,Ashmun,مركز أشمون,ashmun-eg1703,30.299,31.008,Menoufia,المنوفية
Shousha,شوشة,28.308,30.638,Markz Samalut,مركز سمالوط,markz-samalut-eg2408,28.285,30.629,Menia,المنيا
Shouna,شونى,30.75,30.926,Tanta,مركز طنطا,tanta-eg1603,30.809,30.932,Gharbia,الغربية
Shiakhet 6 October,شياخة 6 أكتوبر,30.095,31.219,Imbaba,قسم امبابه,imbaba-eg2101,30.083,31.21,Giza,الجيزة
Shiakhet El-Ibrahimia Qebli wal Hadra Bahari,شياخة الابراهيمية قبلى والحضرة بحرى,31.208,29.93,Bab Sharqi,قسم باب شرقى,bab-sharqi-eg0204,31.205,29.921,Alexandria,الاسكندرية
Shiakhet El-Ibrahimia Bahari wa Sidi Gaber,شياخة الابراهيميةبحريوسيديجابر,31.216,29.926,Bab Sharqi,قسم باب شرقى,bab-sharqi-eg0204,31.205,29.921,Alexandria,الاسكندرية
Shiakhet El-Azarito wal Shatby,شياخة الأزاريتووالشاطبي,31.208,29.917,Bab Sharqi,قسم باب شرقى,bab-sharqi-eg0204,31.205,29.921,Alexandria,الاسكندرية
Shiakhet El-Oula,شياخة الاولى,27.178,31.164,Kesm Awal Assuit,قسم أول أسيوط,kesm-awal-assuit-eg2501,27.186,31.154,Assiut,أسيوط
Shiakhet El-Baysari,شياخة البيسرى,27.189,31.142,Kesm Awal Assuit,قسم أول أسيوط,kesm-awal-assuit-eg2501,27.186,31.154,Assiut,أسيوط
Shiakhet El-Thaletha,شياخة الثالثة,27.175,31.169,Kesm Awal Assuit,قسم أول أسيوط,kesm-awal-assuit-eg2501,27.186,31.154,Assiut,أسيوط
Shiakhet El-Hadra Qebli,شياخة الحضرةقبلي,31.202,29.934,Bab Sharqi,قسم باب شرقى,bab-sharqi-eg0204,31.205,29.921,Alexandria,الاسكندرية
Shiakhet El-Hamraa El-Oula,شياخة الحمراء الأولى,27.183,31.186,Kesm Than Assuit,قسم ثان أسيوط,kesm-than-assuit-eg2502,27.193,31.179,Assiut,أسيوط
Shiakhet El-Hamraa El-Thania,شياخة الحمراء الثانية,27.178,31.193,Kesm Than Assuit,قسم ثان أسيوط,kesm-than-assuit-eg2502,27.193,31.179,Assiut,أسيوط
Shiakhet El-Hay El-Awal wal Hadiqa El-Markazia,شياخة الحى الاول والحديقة المركزية,30.141,31.712,Badr,قسم بدر,badr-eg0141,30.136,31.706,Cairo,القاهرة
Shiakhet El-Hay El-Thaleth wal Mantaqa El-Tarfeheya,شياخة الحى الثالث والمنطقة الترفيهية,30.134,31.684,Badr,قسم بدر,badr-eg0141,30.136,31.706,Cairo,القاهرة
Shiakhet El-Hay El-Thani wa Mantaqat El-Emtedad El-Mustaqbali,شياخة الحى الثانى ومنطقة الامتداد المستقبلى,30.166,31.698,Badr,قسم بدر,badr-eg0141,30.136,31.706,Cairo,القاهرة
Shiakhet El-Hay El-Rabea,شياخة الحى الرابع,30.163,31.671,Badr,قسم بدر,badr-eg0141,30.136,31.706,Cairo,القاهرة
Shiakhet El-Hay El-Motamayez,شياخة الحى المتميز,30.123,31.71,Badr,قسم بدر,badr-eg0141,30.136,31.706,Cairo,القاهرة
Shiakhet El-Khamisa,شياخة الخامسة,27.184,31.159,Kesm Awal Assuit,قسم أول أسيوط,kesm-awal-assuit-eg2501,27.186,31.154,Assiut,أسيوط
Shiakhet El-Rabea,شياخة الرابعة,27.178,31.169,Kesm Awal Assuit,قسم أول أسيوط,kesm-awal-assuit-eg2501,27.186,31.154,Assiut,أسيوط
Shiakhet El-Sabea,شياخة السابعة,27.19,31.181,Kesm Than Assuit,قسم ثان أسيوط,kesm-than-assuit-eg2502,27.193,31.179,Assiut,أسيوط
Shiakhet El-Sadsa,شياخة السادسة,27.178,31.177,Kesm Awal Assuit,قسم أول أسيوط,kesm-awal-assuit-eg2501,27.186,31.154,Assiut,أسيوط
Shiakhet El-Sherkat,شياخة الشركات,27.189,31.167,Kesm Awal Assuit,قسم أول أسيوط,kesm-awal-assuit-eg2501,27.186,31.154,Assiut,أسيوط
Shiakhet El-Shorouk 1,شياخة الشروق 1,30.136,31.587,Shroq,قسم الشروق,shroq-eg0140,30.133,31.547,Cairo,القاهرة
Shiakhet El-Shorouk 2,شياخة الشروق 2,30.137,31.627,Shroq,قسم الشروق,shroq-eg0140,30.133,31.547,Cairo,القاهرة
Shiakhet El-Madabigh wa Gabbanat El-Muslimeen,شياخة المدابغ وجبانة المسلمين,27.167,31.156,Kesm Awal Assuit,قسم أول أسيوط,kesm-awal-assuit-eg2501,27.186,31.154,Assiut,أسيوط
Shiakhet El-Mantaqa El-Senaeya Sharq Tareeq El-Robiky,شياخة المنطقة الصناعية شرق طريق الروبيكى,30.137,31.745,Badr,قسم بدر,badr-eg0141,30.136,31.706,Cairo,القاهرة
Shiakhet El-Mantaqa El-Senaeya wa Mantaqat El-Emtedad El-Mustaqbali,شياخة المنطقة الصناعية ومنطقة الامتداد المستقبلى,30.159,31.729,Badr,قسم بدر,badr-eg0141,30.136,31.706,Cairo,القاهرة
Shiakhet El-Walideya El-Bahareya,شياخة الوليدية البحرية,27.209,31.161,Kesm Than Assuit,قسم ثان أسيوط,kesm-than-assuit-eg2502,27.193,31.179,Assiut,أسيوط
Shiakhet El-Walideya El-Qebliya,شياخة الوليدية القبلية,27.2,31.176,Kesm Than Assuit,قسم ثان أسيوط,kesm-than-assuit-eg2502,27.193,31.179,Assiut,أسيوط
Shiakhet El-Walideya El-Wastaneya,شياخة الوليدية الوسطانية,27.204,31.167,Kesm Than Assuit,قسم ثان أسيوط,kesm-than-assuit-eg2502,27.193,31.179,Assiut,أسيوط
Shiakhet Bab Sharqi wa Wabor El-Miah,شياخة بابشرقيووابورالمياه,31.201,29.917,Bab Sharqi,قسم باب شرقى,bab-sharqi-eg0204,31.205,29.921,Alexandria,الاسكندرية
Shiakhet Badr 1,شياخة بدر 1,30.153,31.652,Badr,قسم بدر,badr-eg0141,30.136,31.706,Cairo,القاهرة
Shiakhet Thania,شياخة ثانية,27.17,31.17,Kesm Awal Assuit,قسم أول أسيوط,kesm-awal-assuit-eg2501,27.186,31.154,Assiut,أسيوط
Shiakhet Khamis wa Tashmal El-Ganayen wa Mukawwanateha,شياخة خامس وتشمل الجناين ومكوناتها,30.063,32.703,Al-Ganayin,قسم الجناين,al-ganayin-eg0405,30.063,32.703,Suez,السويس
Shiakhet Ezbet El-Gamaa,شياخة عزبةالجامع,31.196,29.942,Bab Sharqi,قسم باب شرقى,bab-sharqi-eg0204,31.205,29.921,Alexandria,الاسكندرية
Shiakhet Madinet El-Dobat,شياخة مدينة الضباط,30.129,31.509,Shroq,قسم الشروق,shroq-eg0140,30.133,31.547,Cairo,القاهرة
Shiakhet Qesm Awal,شياخه قسم اول,31.404,31.807,Dumyat 1,قسم أول دمياط,dumyat-1-eg1101,31.407,31.807,Damietta,دمياط
Shiakhet Qesm Thaleth,شياخه قسم ثالث,31.425,31.825,Dumyat 2,قسم ثان دمياط,dumyat-2-eg1109,31.425,31.819,Damietta,دمياط
Shiakhet Qesm Than,شياخه قسم ثان,31.415,31.819,Dumyat 1,قسم أول دمياط,dumyat-1-eg1101,31.407,31.807,Damietta,دمياط
Shiakhet Qesm Rabea,شياخه قسم رابع,31.429,31.811,Dumyat 2,قسم ثان دمياط,dumyat-2-eg1109,31.425,31.819,Damietta,دمياط
Shibana,شيبانة,31.014,34.296,Rafah,قسم رفح,rafah-eg3409,31.087,34.227,North Sinai,شمال سيناء
Shiba El-Nakkareya,شيبة النكارية,30.604,31.484,Zaqaziq,مركز الزقازيق,zaqaziq-eg1303,30.587,31.581,Sharkia,الشرقية
Sheraton El-Matar,شيراتون المطار,30.11,31.404,Nuzha,قسم النزهة,nuzha-eg0129,30.115,31.389,Cairo,القاهرة
Shital Hawi,شيط الهوي,30.859,31.727,Kafr Saqr,مركز كفر صقر,kafr-saqr-eg1313,30.837,31.675,Sharkia,الشرقية
Shiwa El-Sharqeya,شيوة الشرقية,30.859,31.288,Aga,مركز أجا,aga-eg1204,30.895,31.313,Dakahlia,الدقهلية
Shiwa El-Gharbeya,شيوة الغربية,30.864,31.274,Aga,مركز أجا,aga-eg1204,30.895,31.313,Dakahlia,الدقهلية
Sa El-Hagar,صا الحجر,30.974,30.769,Basyun,مركز بسيون,basyun-eg1608,30.959,30.827,Gharbia,الغربية
Safour,صافور,30.796,31.423,Dyarb Nigm,مركز ديرب نجم,dyarb-nigm-eg1310,30.752,31.444,Sharkia,الشرقية
Safeya,صافية,30.861,30.69,Itay Al-Barud,مركز إيتاى البارود,itay-al-barud-eg1807,30.886,30.656,Behera,البحيرة
Saleh,ص الح,28.728,30.877,Al Fashn,مركز الفشن,al-fashn-eg2204,28.809,30.827,Beni Suef,بنى سويف
Saleh,ص الح,26.536,31.697,Suhag,قسم اول سوهاج,suhag-eg2601,26.547,31.693,Suhag,سوهاج
San El-Hagar El-Bahareya,صان الحجر البحرية,31.001,32.096,Al-Husayniya,مركز الحسينية,al-husayniya-eg1306,30.924,32.006,Sharkia,الشرقية
San El-Hagar El-Qebliya,صان الحجر القبلية,31.016,31.954,Al-Husayniya,مركز الحسينية,al-husayniya-eg1306,30.924,32.006,Sharkia,الشرقية
Sobhy Hussein,صبحى حسين,29.998,31.336,Al Khalifa,قسم الخليفة,al-khalifa-eg0108,30.01,31.296,Cairo,القاهرة
Sabry,صبري,30.793,30.979,Tanta 2,قسم ثان طنطا,tanta-2-eg1602,30.786,30.989,Gharbia,الغربية
Sabih,صبيح,30.648,31.59,Hihya,مركز ههيا,hihya-eg1315,30.652,31.617,Sharkia,الشرقية
Sahari City,صحاريسيتي,23.972,32.831,Aswan,مركز أسوان,aswan-eg2802,23.972,32.831,Aswan,أسوان
Sahraa El-Dabaa,صحراء الضبعة,30.76,27.977,Daba,مركز الضبعة,daba-eg3304,29.463,28.243,Matrouh,مطروح
Sedqa,صدقا,30.933,31.671,Tamy Al-Amdid,مركز تمى الأمديد,tamy-al-amdid-eg1216,30.947,31.594,Dakahlia,الدقهلية
Sarawa,صراوة,30.258,31.097,Ashmun,مركز أشمون,ashmun-eg1703,30.299,31.008,Menoufia,المنوفية
Sard,صرد,30.974,30.899,Qutur,مركز قطور,qutur-eg1611,30.971,30.97,Gharbia,الغربية
Sarwa,صروة,31.043,30.844,Qillin,مركز قلين,qillin-eg1509,31.085,30.817,Kafr El-Shikh,كفر الشيخ
Safaneya,صفانية,28.74,30.801,Markz Al Idwa,مركز العدوة,markz-al-idwa-eg2405,28.696,30.74,Menia,المنيا
Safar Basha,صفرباشا,31.202,29.881,Al Gumruk,قسم الجمرك,al-gumruk-eg0210,31.203,29.879,Alexandria,الاسكندرية
Saft El-Khammar El-Asleya,صفط الخمار الأصليه,28.029,30.692,Markz Al Minya,مركز المنيا,markz-al-minya-eg2402,28.101,30.641,Menia,المنيا
Saft Abu Gorg,صفطأبوجرج,28.54,30.771,Markz Bani Mazar,مركز بنى مزار,markz-bani-mazar-eg2406,28.518,30.731,Menia,المنيا
Saft El-Horreya,صفط الحرية,30.939,30.57,Itay Al-Barud,مركز إيتاى البارود,itay-al-barud-eg1807,30.886,30.656,Behera,البحيرة
Saft El-Hanna wa Kofourha,صفط الحناوكفورها,30.556,31.612,Abu Hammad,مركز أبو حماد,abu-hammad-eg1304,30.543,31.649,Sharkia,الشرقية
Saft El-Kharsa,صفط الخرسة,28.836,30.825,Al Fashn,مركز الفشن,al-fashn-eg2204,28.809,30.827,Beni Suef,بنى سويف
Saft El-Khammar El-Sharqeya,صفط الخمار الشرقية,28.057,30.701,Markz Al Minya,مركز المنيا,markz-al-minya-eg2402,28.101,30.641,Menia,المنيا
Saft El-Khammar El-Gharbeya,صفط الخمار الغربية,28.045,30.661,Markz Al Minya,مركز المنيا,markz-al-minya-eg2402,28.101,30.641,Menia,المنيا
Saft El-Sharqeya,صفط الشرقية,29.38,31.191,Al Wasta,مركز الواسطى,al-wasta-eg2205,29.324,31.17,Beni Suef,بنى سويف
Saft El-Arfa,صفط العرفا,28.825,30.853,Al Fashn,مركز الفشن,al-fashn-eg2204,28.809,30.827,Beni Suef,بنى سويف
Saft El-Enab,صفط العنب,30.811,30.686,Kum Hamada,مركز كوم حمادة,kum-hamada-eg1813,30.654,30.774,Behera,البحيرة
Saft El-Gharbeya,صفط الغربية,29.395,31.183,Al Wasta,مركز الواسطى,al-wasta-eg2205,29.324,31.17,Beni Suef,بنى سويف
Saft El-Laban,صفط اللبن,30.028,31.162,Kardasa,مركز كرداسة,kardasa-eg2120,30.051,31.134,Giza,الجيزة
Saft El-Laban,صفط اللبن,28.2,30.713,Markz Al Minya,مركز المنيا,markz-al-minya-eg2402,28.101,30.641,Menia,المنيا
Saft El-Nour,صفط النور,28.806,30.858,Al Fashn,مركز الفشن,al-fashn-eg2204,28.809,30.827,Beni Suef,بنى سويف
Saft Tarab,صفطتراب,30.899,31.14,El Mahalla El Kobra,مركز المحله الكبرى,el-mahalla-el-kobra-eg1607,31.017,31.13,Gharbia,الغربية
Saft Gedaam,صفطجدام,30.685,30.871,Tala,مركز تلا,tala-eg1707,30.67,30.946,Menoufia,المنوفية
Saft Khaled,صفط خالد,30.943,30.655,Itay Al-Barud,مركز إيتاى البارود,itay-al-barud-eg1807,30.886,30.656,Behera,البحيرة
Saft Rashin,صفطراشين,28.981,30.931,Biba,مركز ببا,biba-eg2207,28.951,30.967,Beni Suef,بنى سويف
Saft Zoreiq,صفطزريق,30.735,31.466,Dyarb Nigm,مركز ديرب نجم,dyarb-nigm-eg1310,30.752,31.444,Sharkia,الشرقية
Safi El-Din,صفى الدين,30.055,31.252,Muski,قسم الموسكي,muski-eg0110,30.05,31.252,Cairo,القاهرة
Safita,صفيطة,30.517,31.48,Zaqaziq,مركز الزقازيق,zaqaziq-eg1303,30.587,31.581,Sharkia,الشرقية
Saqqara,صقارة,29.845,31.224,Badrashain,مركز البدرشين,badrashain-eg2110,29.824,31.258,Giza,الجيزة
Salah El-Din,صلاح الدين,30.57,30.709,Badr,مركز بدر,badr-eg1818,30.547,30.679,Behera,البحيرة
Sanadid,صناديد,30.721,30.993,Tanta,مركز طنطا,tanta-eg1603,30.809,30.932,Gharbia,الغربية
Sanafeer,صنافير,30.219,31.172,Qalyub,مركز قليوب,qalyub-eg1410,30.207,31.214,Kalyoubia,القليوبية
Sanbou,صنبو,27.478,30.789,Dayrut,مركز ديروط,dayrut-eg2510,27.537,30.782,Assiut,أسيوط
Sandafa,صندفا,28.528,30.676,Markz Bani Mazar,مركز بنى مزار,markz-bani-mazar-eg2406,28.518,30.731,Menia,المنيا
Sandala,صندلا,31.162,30.824,Kafr Al-Shaykh,مركز كفر الشيخ,kafr-al-shaykh-eg1502,31.2,31.016,Kafr El-Shikh,كفر الشيخ
Sansaft,صنصفط,30.441,30.859,Minuf,مركز منوف,minuf-eg1709,30.46,30.881,Menoufia,المنوفية
Sanaa,صنعاء,24.013,30.629,Al-Kharga Oasis,مركز الواحات الخارجة,al-kharga-oasis-eg3201,24.964,31.013,New Valley,الوادى الجديد
Saneem,صنيم,27.961,30.719,Markz Abu Qurqas,مركز ابو قرقاص,markz-abu-qurqas-eg2404,27.939,30.77,Menia,المنيا
Sahbara,صهبرة,30.763,31.415,Dyarb Nigm,مركز ديرب نجم,dyarb-nigm-eg1310,30.752,31.444,Sharkia,الشرقية
Sahregt El-Soghra wa Kafr El-Sayed,صهرجت الصغريوكفر السيد,30.81,31.295,Aga,مركز أجا,aga-eg1204,30.895,31.313,Dakahlia,الدقهلية
Sahregt El-Kobra wa Kafr Gorgi Youssef,صهرجت الكبريوكفرجرجسيوسف,30.644,31.298,Mit Ghamr,مركز ميت غمر,mit-ghamr-eg1213,30.708,31.338,Dakahlia,الدقهلية
Soul,صول,29.359,31.249,Atfeh,مركز أطفيح,atfeh-eg2115,29.343,31.25,Giza,الجيزة
Sayda,صيدة,30.148,31.151,Auseem,مركز أوسيم,auseem-eg2116,30.132,31.142,Giza,الجيزة
Sira,صيرة,31.14,30.206,Kafr Al-Dawwar,مركز كفر الدوار,kafr-al-dawwar-eg1812,31.129,30.038,Behera,البحيرة
Tabiet Saleh,طابيةص الح,31.176,29.876,Mina Al-Basal,قسم مينا البصل,mina-al-basal-eg0211,31.167,29.88,Alexandria,الاسكندرية
Tarout,طاروط,30.541,31.467,Zaqaziq,مركز الزقازيق,zaqaziq-eg1303,30.587,31.581,Sharkia,الشرقية
Tamous,طاموس,31.036,30.472,Damanhur,قسم دمنهور,damanhur-eg1801,31.049,30.463,Behera,البحيرة
Tabl Amoun,طبل أمون,28.183,28.678,Bahariya Oasis,قسم الواحاتالبحرية,bahariya-oasis-eg2114,28.452,28.836,Giza,الجيزة
Tabloha,طبلوها,30.657,30.962,Tala,مركز تلا,tala-eg1707,30.67,30.946,Menoufia,المنوفية
Tabhar,طبهار,29.311,30.684,Abshaway,مركز أبشواى,abshaway-eg2303,29.374,30.69,Fayoum,الفيوم
Taha Hussein,طة حسين,30.787,30.218,Abu-l-Matamir,مركز ابوالمطامير,abu-l-matamir-eg1803,30.773,30.144,Behera,البحيرة
Taha El-Aameda,طحا الأعمدة,28.19,30.689,Markz Samalut,مركز سمالوط,markz-samalut-eg2408,28.285,30.629,Menia,المنيا
Taha El-Marg,طحا المرج,30.778,31.383,Dyarb Nigm,مركز ديرب نجم,dyarb-nigm-eg1310,30.752,31.444,Sharkia,الشرقية
Taha El-Bisha,طح البيشة,28.956,30.987,Biba,مركز ببا,biba-eg2207,28.951,30.967,Beni Suef,بنى سويف
Taha Boush,طحابوش,29.142,31.077,Nasir,مركز ناصر,nasir-eg2209,29.187,31.078,Beni Suef,بنى سويف
Tahanoub,طحانوب,30.285,31.295,Shibin al-Qanatir,مركز شبين القناطر,shibin-al-qanatir-eg1405,30.296,31.307,Kalyoubia,القليوبية
Tahawi,طحاوي,29.412,30.724,Abshaway,مركز أبشواى,abshaway-eg2303,29.374,30.69,Fayoum,الفيوم
Tahla,طحلة,30.417,31.152,Banha,مركز بنها,banha-eg1402,30.443,31.248,Kalyoubia,القليوبية
Tahla Bardeen,طحلةبردين,30.525,31.506,Zaqaziq,مركز الزقازيق,zaqaziq-eg1303,30.587,31.581,Sharkia,الشرقية
Tahoureya,طحورية,30.36,31.335,Shibin al-Qanatir,مركز شبين القناطر,shibin-al-qanatir-eg1405,30.296,31.307,Kalyoubia,القليوبية
Tarabenba,طرابنبا,30.99,30.552,Damanhur,مركز دمنهور,damanhur-eg1802,31.032,30.527,Behera,البحيرة
Taranees El-Bahr,طرانيس البحر,31.154,31.52,El Mansora,مركز المنصورة,el-mansora-eg1203,31.053,31.467,Dakahlia,الدقهلية
Taranees El-Arab,طرانيس العرب,30.873,31.521,Sinbillawin,مركز السنبلاوين,sinbillawin-eg1205,30.883,31.513,Dakahlia,الدقهلية
Tora El-Asmant,طرة الأسمنت,29.923,31.29,Tura,قسم طره,tura-eg0105,29.939,31.38,Cairo,القاهرة
Tarshoub,طرشوب,28.952,30.944,Biba,مركز ببا,biba-eg2207,28.951,30.967,Beni Suef,بنى سويف
Tarfa,طرفا,28.381,30.606,Markz Samalut,مركز سمالوط,markz-samalut-eg2408,28.285,30.629,Menia,المنيا
Tora El-Balad,طره البلد,29.947,31.272,Tura,قسم طره,tura-eg0105,29.939,31.38,Cairo,القاهرة
Tora El-Heit,طره الحيط,29.937,31.283,Tura,قسم طره,tura-eg0105,29.939,31.38,Cairo,القاهرة
Tareena,طرينة,31.081,31.114,El Mahalla El Kobra,مركز المحله الكبرى,el-mahalla-el-kobra-eg1607,31.017,31.13,Gharbia,الغربية
Tasfa,طصفا,30.574,31.283,Kafr Shukr,مركز كفر شكر,kafr-shukr-eg1411,30.554,31.275,Kalyoubia,القليوبية
Toama,طعمة,26.967,31.425,Al- Badari,مركز البدارى,al-badari-eg2506,26.946,31.456,Assiut,أسيوط
Tafnees,طفنيس,25.435,32.514,Isna,مركز إسنا,isna-eg2705,25.365,32.52,Qena,قنا
Tala,طلا,28.881,30.855,Al Fashn,مركز الفشن,al-fashn-eg2204,28.809,30.827,Beni Suef,بنى سويف
Talaat Dargham,طلعت درغام,26.86,28.21,Al Farafra Oasis,مركز الفرافرة,al-farafra-oasis-eg3203,27.205,26.76,New Valley,الوادى الجديد
Tolombat El-Tabia,طلمبات الطابية,31.271,30.067,Muntazah,قسم المنتزة,muntazah-eg0201,31.264,30.03,Alexandria,الاسكندرية
Tolombat Beni Obeid,طلمباتبنيعبيد,31.045,31.747,Bany Abeed,مركز بنى عبيد,bany-abeed-eg1218,31.024,31.648,Dakahlia,الدقهلية
Tolombat Halaq El-Gammal,طلمباتحلق الجمل,31.08,30.386,Abu Hummus,مركز ابوحمص,abu-hummus-eg1804,31.106,30.31,Behera,البحيرة
Tolombat Ain Shams,طلمباتعينشمس,30.133,31.347,Ain Shams,قسم عينشمس,ain-shams-eg0130,30.123,31.33,Cairo,القاهرة
Talya wa Ezbet Ashmoun,طلياوعزبةأشمون,30.255,30.979,Ashmun,مركز أشمون,ashmun-eg1703,30.299,31.008,Menoufia,المنوفية
Talima,طليمة,31.037,31.274,Samannud,مركز سمنود,samannud-eg1610,30.95,31.221,Gharbia,الغربية
Tama Fayoum,طمافيوم,29.164,30.938,Ahnasya,مركز أهناسيا,ahnasya-eg2206,29.102,30.943,Beni Suef,بنى سويف
Tamay El-Zahayra,طماي الزهايرة,30.902,31.472,Sinbillawin,مركز السنبلاوين,sinbillawin-eg1205,30.883,31.513,Dakahlia,الدقهلية
Tamlay,طملاي,30.502,30.851,Minuf,مركز منوف,minuf-eg1709,30.46,30.881,Menoufia,المنوفية
Tamouh,طموه,29.94,31.267,Giza,مركز الجيزة,giza-eg2109,29.943,31.213,Giza,الجيزة
Tanah,طناح,31.046,31.558,El Mansora,مركز المنصورة,el-mansora-eg1203,31.053,31.467,Dakahlia,الدقهلية
Tanash wa Nazlet El-Zomor,طناشونزلة الزمر,30.12,31.203,Waraq,قسم الوراق,waraq-eg2117,30.097,31.189,Giza,الجيزة
Tanamel El-Sharqi wa Ezbet El-Atraba,طنامل الشرقيوعزبة الأتربة,30.833,31.285,Aga,مركز أجا,aga-eg1204,30.895,31.313,Dakahlia,الدقهلية
Tanamel El-Gharbi,طنامل الغربي,30.833,31.264,Aga,مركز أجا,aga-eg1204,30.895,31.313,Dakahlia,الدقهلية
Tanan,طنان,30.24,31.249,Qalyub,مركز قليوب,qalyub-eg1410,30.207,31.214,Kalyoubia,القليوبية
Tanbara,طنبارة,30.915,31.436,Sinbillawin,مركز السنبلاوين,sinbillawin-eg1205,30.883,31.513,Dakahlia,الدقهلية
Tanbara,طنبارة,31.129,31.133,El Mahalla El Kobra,مركز المحله الكبرى,el-mahalla-el-kobra-eg1607,31.017,31.13,Gharbia,الغربية
Tanbadi,طنبدي,30.587,30.985,Shibin al-Kum,مركز شبين الكوم,shibin-al-kum-eg1702,30.561,30.954,Menoufia,المنوفية
Tanbadi,طنبدي,28.638,30.784,Markz Maghagha,مركز مغاغة,markz-maghagha-eg2410,28.641,30.794,Menia,المنيا
Tanbasha,طنبشا,30.604,31.095,Birkat Al-Sab,مركز بركة السبع,birkat-al-sab-eg1706,30.651,31.108,Menoufia,المنوفية
Tanbou,طنبو,28.502,30.769,Markz Bani Mazar,مركز بنى مزار,markz-bani-mazar-eg2406,28.518,30.731,Menia,المنيا
Tanboul El-Kobra,طنبول الكبري,30.868,31.414,Sinbillawin,مركز السنبلاوين,sinbillawin-eg1205,30.883,31.513,Dakahlia,الدقهلية
Tanbouha,طنبوها,31.15,31.339,Nebro,مركز نبروة,nebro-eg1221,31.129,31.297,Dakahlia,الدقهلية
Tansa El-Malaq,طنسا الملق,29.213,31.115,Nasir,مركز ناصر,nasir-eg2209,29.187,31.078,Beni Suef,بنى سويف
Tansa Beni Malo,طنسابنيم الو,29.0,31.017,Biba,مركز ببا,biba-eg2207,28.951,30.967,Beni Suef,بنى سويف
Tanta El-Gezira,طنط الجزيرة,30.358,31.088,Tukh,مركز طوخ,tukh-eg1408,30.344,31.19,Kalyoubia,القليوبية
Tanta Khareg El-Kourdon,طنطا خارج الكوردون,30.8,30.99,Tanta 2,قسم ثان طنطا,tanta-2-eg1602,30.786,30.989,Gharbia,الغربية
Tanoub,طنوب,30.704,30.809,Tala,مركز تلا,tala-eg1707,30.67,30.946,Menoufia,المنوفية
Taneeng,طنينج,31.068,31.282,Nebro,مركز نبروة,nebro-eg1221,31.129,31.297,Dakahlia,الدقهلية
Taha Shubra,طهشبرا,30.534,31.098,Quwisna,مركز قويسنا,quwisna-eg1708,30.56,31.163,Menoufia,المنوفية
Tohra Hamid,طهرةحميد,30.533,31.57,Zaqaziq,مركز الزقازيق,zaqaziq-eg1303,30.587,31.581,Sharkia,الشرقية
Tohma,طهما,29.626,31.238,Ayat,مركز العياط,ayat-eg2112,29.564,31.25,Giza,الجيزة
Tohna El-Gabal,طهنا الجبل,28.197,30.769,Markz Al Minya,مركز المنيا,markz-al-minya-eg2402,28.101,30.641,Menia,المنيا
Tohansha,طهنشا,28.036,30.739,Markz Al Minya,مركز المنيا,markz-al-minya-eg2402,28.101,30.641,Menia,المنيا
Tohway,طهواي,30.823,31.392,Sinbillawin,مركز السنبلاوين,sinbillawin-eg1205,30.883,31.513,Dakahlia,الدقهلية
Tohway,طهواي,30.363,30.863,Ashmun,مركز أشمون,ashmun-eg1703,30.299,31.008,Menoufia,المنوفية
Tawahin Akrash,طواحينأكراش,30.769,31.542,El-Ibrahimiya,مركز الأبراهيمية,el-ibrahimiya-eg1317,30.732,31.564,Sharkia,الشرقية
Toug Tanbasha,طوجطنبشا,30.614,31.12,Birkat Al-Sab,مركز بركة السبع,birkat-al-sab-eg1706,30.651,31.108,Menoufia,المنوفية
Toukh,طوخ,27.7,30.81,Markz Dir Mawas,مركز دير مواس,markz-dir-mawas-eg2407,27.655,30.79,Menia,المنيا
Toukh,طوخ,25.951,32.742,Naqada,مركز نقادة,naqada-eg2709,25.89,32.711,Qena,قنا
Toukh El-Aqlam,طوخ الأقلام,30.869,31.445,Sinbillawin,مركز السنبلاوين,sinbillawin-eg1205,30.883,31.513,Dakahlia,الدقهلية
Toukh El-Kheil,طوخ الخيل,28.11,30.661,Markz Al Minya,مركز المنيا,markz-al-minya-eg2402,28.101,30.641,Menia,المنيا
Toukh al-Qaramous,طوخ القراموس,30.685,31.664,Abu Kabir,مركز أبوكبير,abu-kabir-eg1305,30.733,31.69,Sharkia,الشرقية
Toukh Dalka,طوخدلكة,30.651,30.922,Tala,مركز تلا,tala-eg1707,30.67,30.946,Menoufia,المنوفية
Toukh Mazeed,طوخمزيد,30.841,31.094,Santa,مركز السنطة,santa-eg1604,30.773,31.119,Gharbia,الغربية
Touson,طوسون,30.077,31.241,Rud Al-Farag,قسم روضالفرج,rud-al-farag-eg0120,30.075,31.238,Cairo,القاهرة
Toulon,طولون,30.028,31.249,Sayyida Zainab,قسم السيدة زينب,sayyida-zainab-eg0107,30.03,31.242,Cairo,القاهرة
Toha,طوه,29.028,30.99,Biba,مركز ببا,biba-eg2207,28.951,30.967,Beni Suef,بنى سويف
Toha,طوه,28.083,30.691,Markz Al Minya,مركز المنيا,markz-al-minya-eg2402,28.101,30.641,Menia,المنيا
Tuwaihir,طويحر,30.584,31.647,Abu Hammad,مركز أبو حماد,abu-hammad-eg1304,30.543,31.649,Sharkia,الشرقية
Tawila Nashart,طويلةنشرت,31.11,30.844,Qillin,مركز قلين,qillin-eg1509,31.085,30.817,Kafr El-Shikh,كفر الشيخ
Tiba,طيبة,30.848,30.47,Al-Dilingat,مركز الدلنجات,al-dilingat-eg1805,30.81,30.49,Behera,البحيرة
Dahr al-Temsah,ظهر التمساح,30.928,30.72,Itay Al-Barud,مركز إيتاى البارود,itay-al-barud-eg1807,30.886,30.656,Behera,البحيرة
Dahr Sharab,ظهرشرب,30.439,31.313,Minya al-Qamh,مركز منيا القمح,minya-al-qamh-eg1314,30.507,31.369,Sharkia,الشرقية
Amer,عامر,26.671,31.585,Al-Maragha,مركز المراغة,al-maragha-eg2606,26.669,31.588,Suhag,سوهاج
Amereya al-Fayoum,عامريه الفيوم,29.336,30.893,Fayyum,مركز الفيوم,fayyum-eg2302,29.3,30.955,Fayoum,الفيوم
Aisha Abd al-Rahman,عائشة عبد الرحمن,26.762,28.047,Al Farafra Oasis,مركز الفرافرة,al-farafra-oasis-eg3203,27.205,26.76,New Valley,الوادى الجديد
Abbad Sharouna,عبادشارونة,28.59,30.828,Markz Maghagha,مركز مغاغة,markz-maghagha-eg2410,28.641,30.794,Menia,المنيا
Abbasa,عباسة,25.91,32.782,Qus,مركز قوص,qus-eg2707,25.857,32.789,Qena,قنا
Abd al-Salam Aref,عبد السلام عارف,25.306,30.877,Al-Kharga Oasis,مركز الواحات الخارجة,al-kharga-oasis-eg3201,24.964,31.013,New Valley,الوادى الجديد
Abd al-Magid al-Gafil,عبد المجيد الجفيل,26.87,27.848,Al Farafra Oasis,مركز الفرافرة,al-farafra-oasis-eg3203,27.205,26.76,New Valley,الوادى الجديد
Abd al-Na'im,عبد النعيم,30.075,31.208,Imbaba,قسم امبابه,imbaba-eg2101,30.083,31.21,Giza,الجيزة
Abd al-Magid Morsi,عبد المجيدمرسي,30.586,30.735,Badr,مركز بدر,badr-eg1818,30.547,30.679,Behera,البحيرة
Abd al-Halim,عبد الحليم,30.436,29.908,Nubariyya West,قسم غرب النوبارية,nubariyya-west-eg1817,30.425,29.897,Behera,البحيرة
Abd al-Hay Shalaby,عبدالحي شلبي,30.963,31.177,El Mahalla El Kobra 1,قسم أول المحلة الكبرى,el-mahalla-el-kobra-1-eg1605,30.972,31.172,Gharbia,الغربية
Abd al-Raqib,عبد الرقيب,30.79,30.061,Abu-l-Matamir,مركز ابوالمطامير,abu-l-matamir-eg1803,30.773,30.144,Behera,البحيرة
Abd al-Salam Aref,عبدالسلام عارف,30.577,30.641,Badr,مركز بدر,badr-eg1818,30.547,30.679,Behera,البحيرة
Abd al-Magid Saleh,عبدالمجيد صالح,30.712,30.58,Al-Dilingat,مركز الدلنجات,al-dilingat-eg1805,30.81,30.49,Behera,البحيرة
Abn Umm al-Saghir,عبن أم الصغير,25.813,29.168,A-Dakhla Oasis,مركز الوحات الداخلة,a-dakhla-oasis-eg3202,24.803,27.209,New Valley,الوادى الجديد
Othman ibn Affan,عثمان بن عفان,30.621,30.656,Badr,مركز بدر,badr-eg1818,30.547,30.679,Behera,البحيرة
Othman ibn Affan,عثمان بن عفان,26.896,28.014,Al Farafra Oasis,مركز الفرافرة,al-farafra-oasis-eg3203,27.205,26.76,New Valley,الوادى الجديد
Othman ibn Affan,عثمان بن عفان,26.654,31.477,Guhayna Al-Gharbiyya,مركز جهينة الغربية,guhayna-al-gharbiyya-eg2611,26.689,31.471,Suhag,سوهاج
Agroud,عجرود,30.072,32.281,Ataqa,قسم عتاقة,ataqa-eg0403,29.539,32.128,Suez,السويس
Adly,عدلي,31.27,32.295,Al-Munakh,قسم المناخ,al-munakh-eg0303,31.265,32.287,Port Said,بورسعيد
Adnan Madany,عدنان مدنى,30.3,30.49,Wadi Al-NatrUn,مركز وادى النطرون,wadi-al-natrun-eg1814,30.43,30.313,Behera,البحيرة
Araba Abu Dahab,عرابةأبودهب,26.589,31.591,Suhag,مركز سوهاج,suhag-eg2603,26.547,31.655,Suhag,سوهاج
Araba Abydos,عرابةأبيدوس,26.193,31.925,Al-Balyana,مركز البلينا,al-balyana-eg2605,26.241,31.944,Suhag,سوهاج
Araby,عرابى,30.056,31.244,Al Azbakiyya,قسم الأزبكية,al-azbakiyya-eg0113,30.06,31.246,Cairo,القاهرة
Aramiya al-Khudairi,عرامية الخضيري,27.48,30.754,Dayrut,مركز ديروط,dayrut-eg2510,27.537,30.782,Assiut,أسيوط
Aramiya al-Diwan,عرامية الديوان,27.442,30.737,Al-Qusia,مركز القوصية,al-qusia-eg2509,27.403,30.826,Assiut,أسيوط
Arab al-Atawla,عرب الأطاولة,26.552,31.714,Akhmim,مركز أخميم,akhmim-eg2604,26.551,31.715,Suhag,سوهاج
Arab al-Gahma,عرب الجهمة,27.4,30.756,Al-Qusia,مركز القوصية,al-qusia-eg2509,27.403,30.826,Assiut,أسيوط
Arab al-Hesar al-Bahariya,عرب الحصار البحرية,29.627,31.331,Saf,مركز الصف,saf-eg2111,29.62,31.305,Giza,الجيزة
Arab al-Rawashda,عرب الرواشدة,30.397,31.237,Tukh,مركز طوخ,tukh-eg1408,30.344,31.19,Kalyoubia,القليوبية
Arab al-Amayem,عرب العمايم,27.304,30.93,Manfalut,مركز منفلوط,manfalut-eg2512,27.294,30.951,Assiut,أسيوط
Arab al-Ayayda,عرب العيايدة,30.192,31.351,Al Khanka,مركز الخانكة,al-khanka-eg1403,30.231,31.358,Kalyoubia,القليوبية
Arab al-Ghidairi,عرب الغديري,30.352,31.271,Tukh,مركز طوخ,tukh-eg1408,30.344,31.19,Kalyoubia,القليوبية
Araba al-Tawila,عربا الطاولة,27.251,31.205,Alfath,مركز الفتح,alfath-eg2513,27.218,31.212,Assiut,أسيوط
Arab Abu Tawila,عربأبوطويلة,30.138,31.312,Al Matariyya,قسم المطرية,al-matariyya-eg0125,30.128,31.304,Cairo,القاهرة
Arab al-Hesar,عرب الحصار,29.605,31.317,Saf,مركز الصف,saf-eg2111,29.62,31.305,Giza,الجيزة
Arab al-Hosn,عرب الحصن,30.131,31.306,Al Matariyya,قسم المطرية,al-matariyya-eg0125,30.128,31.304,Cairo,القاهرة
Arab al-Raml,عرب الرمل,30.522,31.143,Quwisna,مركز قويسنا,quwisna-eg1708,30.56,31.163,Menoufia,المنوفية
Arab al-Sha'ara,عرب الشعارة,30.189,31.278,Shibin al-Qanatir,مركز شبين القناطر,shibin-al-qanatir-eg1405,30.296,31.307,Kalyoubia,القليوبية
Arab al-Shanabla,عرب الشنابلة,27.308,31.03,Abnub,مركز أبنوب,abnub-eg2504,27.295,31.106,Assiut,أسيوط
Arab al-Sawalha,عرب الص والحة,30.304,31.344,Shibin al-Qanatir,مركز شبين القناطر,shibin-al-qanatir-eg1405,30.296,31.307,Kalyoubia,القليوبية
Arab al-Abayda,عرب العبايدة,29.588,31.319,Saf,مركز الصف,saf-eg2111,29.62,31.305,Giza,الجيزة
Arab al-Atiyat al-Bahariya,عرب العطيات البحرية,27.31,31.071,Abnub,مركز أبنوب,abnub-eg2504,27.295,31.106,Assiut,أسيوط
Arab al-Olayqat,عرب العليقات,30.283,31.379,Al Khanka,مركز الخانكة,al-khanka-eg1403,30.231,31.358,Kalyoubia,القليوبية
Arab al-Faddan,عرب الفدان,30.551,31.675,Abu Hammad,مركز أبو حماد,abu-hammad-eg1304,30.543,31.649,Sharkia,الشرقية
Arab al-Yasar,عرب اليسار,30.023,31.262,Al Khalifa,قسم الخليفة,al-khalifa-eg0108,30.01,31.296,Cairo,القاهرة
Arab Bakhawag,عرببخواج,26.81,31.501,Tahta,مركز طهطا,tahta-eg2614,26.785,31.42,Suhag,سوهاج
Arab Matir,عربمطير,27.257,31.225,Alfath,مركز الفتح,alfath-eg2513,27.218,31.212,Assiut,أسيوط
Araban al-Anbaqiya wal-Manayef wal-Huwaitat,عربان العنبقية والمنايف والحويطات,29.695,32.367,Ataqa,قسم عتاقة,ataqa-eg0403,29.539,32.128,Suez,السويس
Oroug,عروج,30.997,33.801,El Arish 3,قسم ثالث العريش,el-arish-3-eg3403,30.995,33.777,North Sinai,شمال سيناء
Aryan,عريان,31.268,30.565,Fuwwa,مركز فوه,fuwwa-eg1508,31.232,30.564,Kafr El-Shikh,كفر الشيخ
Ezab Abu Mandour,عزبأبومندور,31.238,30.71,Disuq,مركز دسوق,disuq-eg1506,31.15,30.72,Kafr El-Shikh,كفر الشيخ
Ezab al-Awqaf,عزب الأوقاف,31.107,30.496,Damanhur,مركز دمنهور,damanhur-eg1802,31.032,30.527,Behera,البحيرة
Ezab al-Basarta,عزب البصارطة,31.373,31.806,Dumyat,مركز دمياط,dumyat-eg1102,31.44,31.842,Damietta,دمياط
Ezab al-Khalig Bahari,عزبالخليج بحري,31.415,30.512,Mitubas,مركز مطوبس,mitubas-eg1510,31.383,30.47,Kafr El-Shikh,كفر الشيخ
Ezab al-Khalig,عزب الخليج,31.412,30.487,Mitubas,مركز مطوبس,mitubas-eg1510,31.383,30.47,Kafr El-Shikh,كفر الشيخ
Ezab al-Zawamel,عزب الزوامل,31.231,30.636,Disuq,مركز دسوق,disuq-eg1506,31.15,30.72,Kafr El-Shikh,كفر الشيخ
Ezab al-Shabasiya,عزب الشباسية,31.17,30.795,Disuq,مركز دسوق,disuq-eg1506,31.15,30.72,Kafr El-Shikh,كفر الشيخ
Ezab al-Arab,عزب العرب,30.957,31.313,Aga,مركز أجا,aga-eg1204,30.895,31.313,Dakahlia,الدقهلية
Ezab al-Gharb,عزب الغرب,31.36,30.478,Mitubas,مركز مطوبس,mitubas-eg1510,31.383,30.47,Kafr El-Shikh,كفر الشيخ
Ezab al-Qasr,عزب القصر,25.899,28.868,A-Dakhla Oasis,مركز الوحات الداخلة,a-dakhla-oasis-eg3202,24.803,27.209,New Valley,الوادى الجديد
Ezab al-Nahda,عزب النهضة,31.384,31.792,Dumyat,مركز دمياط,dumyat-eg1102,31.44,31.842,Damietta,دمياط
Ezab al-Waqf Bahari,عزب الوقف بحري,31.42,30.454,Mitubas,مركز مطوبس,mitubas-eg1510,31.383,30.47,Kafr El-Shikh,كفر الشيخ
Ezab al-Waqf Qibli,عزب الوقفقبلي,31.38,30.434,Mitubas,مركز مطوبس,mitubas-eg1510,31.383,30.47,Kafr El-Shikh,كفر الشيخ
Ezab Umm al-Rizq,عزبأم الرزق,31.332,31.563,Kafr Sad,مركز كفر سعد,kafr-sad-eg1104,31.359,31.603,Damietta,دمياط
Ezab Amin Sayed Ahmed,عزب أمين سيد أحمد,31.145,30.394,Abu Hummus,مركز ابوحمص,abu-hummus-eg1804,31.106,30.31,Behera,البحيرة
Ezab Basantawy,عزببسنتاوي,31.146,30.452,Al-Mahmudiyya,مركز المحمودية,al-mahmudiyya-eg1806,31.197,30.488,Behera,البحيرة
Ezab Tal Bani Omran,عزبتلبنيعمران,27.689,30.838,Markz Dir Mawas,مركز دير مواس,markz-dir-mawas-eg2407,27.655,30.79,Menia,المنيا
Ezab Dafshou,عزبدفشو,31.202,30.119,Kafr Al-Dawwar,مركز كفر الدوار,kafr-al-dawwar-eg1812,31.129,30.038,Behera,البحيرة
Ezab Shubra Damanhour,عزب شبرا دمنهور,31.05,30.438,Damanhur,مركز دمنهور,damanhur-eg1802,31.032,30.527,Behera,البحيرة
Ezab Sherket al-Ittihad,عزبشركة الاتحاد,30.913,30.461,Al-Dilingat,مركز الدلنجات,al-dilingat-eg1805,30.81,30.49,Behera,البحيرة
Ezab Qabil,عزبقابيل,31.108,30.429,Damanhur,مركز دمنهور,damanhur-eg1802,31.032,30.527,Behera,البحيرة
Ezab Qortasa wa Tamos,عزبقرطساوطاموس,31.007,30.472,Damanhur,مركز دمنهور,damanhur-eg1802,31.032,30.527,Behera,البحيرة
Ezab Naqraha,عزبنقرها,31.045,30.496,Damanhur,مركز دمنهور,damanhur-eg1802,31.032,30.527,Behera,البحيرة
Ezbet al-Baz,عزبة الباز,31.196,31.642,Zarqa,مركز الزرقا,zarqa-eg1107,31.209,31.649,Damietta,دمياط
Ezbet al-Bousa,عزبة البوصة,26.074,32.308,Nag Hammadi,مركز نجع حمادى,nag-hammadi-eg2708,26.085,32.297,Qena,قنا
Ezbet al-Gaza'er,عزبة الجزائر,28.355,28.954,Bahariya Oasis,قسم الواحاتالبحرية,bahariya-oasis-eg2114,28.452,28.836,Giza,الجيزة
Ezbet al-Rakha,عزبة الرخا,25.781,28.868,A-Dakhla Oasis,مركز الوحات الداخلة,a-dakhla-oasis-eg3202,24.803,27.209,New Valley,الوادى الجديد
Ezbet al-Qasy Matroud wa Tashmal Ezbet Abdallah al-Maqrihy,عزبة القاسى مطرود وتشمل عزبة عبدالله المقريحى,30.856,30.585,Al-Dilingat,مركز الدلنجات,al-dilingat-eg1805,30.81,30.49,Behera,البحيرة
Ezbet al-Lawzy,عزبة اللوزى,31.339,31.684,Kafr Sad,مركز كفر سعد,kafr-sad-eg1104,31.359,31.603,Damietta,دمياط
Ezbet al-Nozha,عزبة النزهه,31.208,29.968,Sidi Gabir,قسم سيدى جابر,sidi-gabir-eg0203,31.216,29.949,Alexandria,الاسكندرية
Ezbet al-Hagana,عزبة الهجانة,30.065,31.397,Nasr City,قسم أول مدينة نصر,nasr-city-eg0126,30.032,31.369,Cairo,القاهرة
Ezbet Rady,عزبة راضي,30.956,30.543,Itay Al-Barud,مركز إيتاى البارود,itay-al-barud-eg1807,30.886,30.656,Behera,البحيرة
Ezbet Ain al-Qasir,عزبة عين القصير,28.391,28.756,Bahariya Oasis,قسم الواحاتالبحرية,bahariya-oasis-eg2114,28.452,28.836,Giza,الجيزة
Ezbet Mawoud,عزبة ماوود,28.541,28.82,Bahariya Oasis,قسم الواحاتالبحرية,bahariya-oasis-eg2114,28.452,28.836,Giza,الجيزة
Ezbet Saad,عزبة سعد,31.211,29.947,Sidi Gabir,قسم سيدى جابر,sidi-gabir-eg0203,31.216,29.949,Alexandria,الاسكندرية
Ezbet Ibrahim Agha,عزبةابراهيمأغا,31.027,30.657,Shubra Khit,مركز شبراخيت,shubra-khit-eg1810,31.003,30.679,Behera,البحيرة
Ezbet al-Abriqgy,عزبة الأبريقجي,31.06,30.557,Damanhur,مركز دمنهور,damanhur-eg1802,31.032,30.527,Behera,البحيرة
Ezbet al-Ashrak,عزبة الأشراك,31.063,30.637,Shubra Khit,مركز شبراخيت,shubra-khit-eg1810,31.003,30.679,Behera,البحيرة
Ezbet al-Aqbat,عزبة الأقباط,26.911,31.495,Al- Badari,مركز البدارى,al-badari-eg2506,26.946,31.456,Assiut,أسيوط
Ezbet al-Bakawat,عزبة البكوات,31.085,30.595,Al-Rahmaniyya,مركز الرحمانية,al-rahmaniyya-eg1815,31.106,30.584,Behera,البحيرة
Ezbet al-Bousa,عزبة البوصة,26.089,32.059,Abu Tisht,مركز أبو طشت,abu-tisht-eg2703,26.13,32.086,Qena,قنا
Ezbet al-Goukhdar,عزبة الجوخدار,30.974,30.665,Shubra Khit,مركز شبراخيت,shubra-khit-eg1810,31.003,30.679,Behera,البحيرة
Ezbet al-Khalil Ibrahim,عزبةالخليل ابراهيم,28.444,30.824,Markz Bani Mazar,مركز بنى مزار,markz-bani-mazar-eg2406,28.518,30.731,Menia,المنيا
Ezbet al-Darwish,عزبة الدرويش,31.075,30.461,Damanhur,مركز دمنهور,damanhur-eg1802,31.032,30.527,Behera,البحيرة
Ezbet al-Sarw,عزبة السرو,30.991,30.51,Damanhur,مركز دمنهور,damanhur-eg1802,31.032,30.527,Behera,البحيرة
Ezbet al-Salanlaki,عزبة السلانلكي,31.008,30.555,Damanhur,مركز دمنهور,damanhur-eg1802,31.032,30.527,Behera,البحيرة
Ezbet al-Shamashargy,عزبة الشماشرجي,30.992,30.633,Shubra Khit,مركز شبراخيت,shubra-khit-eg1810,31.003,30.679,Behera,البحيرة
Ezbet al-Shantour,عزبة الشنطور,28.978,30.838,Sumusta,مركز سمسطا,sumusta-eg2208,28.951,30.866,Beni Suef,بنى سويف
Ezbet al-Tarana,عزبة الطرانة,30.441,30.824,Sadat City,مركز السادات,sadat-city-eg1711,30.358,30.661,Menoufia,المنوفية
Ezbet al-Tawabra,عزبة الطوابرة,31.168,31.962,Manzala,مركز المنزلة,manzala-eg1207,31.153,31.958,Dakahlia,الدقهلية
Ezbet al-Teiriya,عزبة الطيرية,30.842,30.561,Al-Dilingat,مركز الدلنجات,al-dilingat-eg1805,30.81,30.49,Behera,البحيرة
Ezbet al-Arab,عزبة العرب,30.049,31.297,Madinat Nasr-2,قسم ثانمدينةنصر,madinat-nasr-2-eg0127,30.048,31.309,Cairo,القاهرة
Ezbet al-Qawiya,عزبة القاوية,26.86,31.413,Tama,مركز طما,tama-eg2613,26.874,31.422,Suhag,سوهاج
Ezbet al-Qamadair,عزبة القمادير,28.244,30.614,Markz Samalut,مركز سمالوط,markz-samalut-eg2408,28.285,30.629,Menia,المنيا
Ezbet al-Kanisa,عزبة الكنيسة,30.965,30.663,Shubra Khit,مركز شبراخيت,shubra-khit-eg1810,31.003,30.679,Behera,البحيرة
Ezbet al-Magd,عزبة المجد,31.074,30.656,Al-Rahmaniyya,مركز الرحمانية,al-rahmaniyya-eg1815,31.106,30.584,Behera,البحيرة
Ezbet al-Manshawy al-Lahhah,عزبة المنشاوي اللحاح,30.803,30.486,Al-Dilingat,مركز الدلنجات,al-dilingat-eg1805,30.81,30.49,Behera,البحيرة
Ezbet al-Nakhl,عزبة النخل,30.137,31.32,Marg,قسم المرج,marg-eg0136,30.156,31.346,Cairo,القاهرة
Ezbet Badr al-Din,عزبة بدر الدين,31.099,30.395,Damanhur,مركز دمنهور,damanhur-eg1802,31.032,30.527,Behera,البحيرة
Ezbet Badawy,عزبةبدوي,31.225,31.138,Biyalu,مركز بيلا,biyalu-eg1504,31.32,31.248,Kafr El-Shikh,كفر الشيخ
Ezbet Bastara,عزبةبسطرة,31.093,30.439,Damanhur,مركز دمنهور,damanhur-eg1802,31.032,30.527,Behera,البحيرة
Ezbet Bishara Hanna,عزبةبشارةحنا,31.023,30.645,Shubra Khit,مركز شبراخيت,shubra-khit-eg1810,31.003,30.679,Behera,البحيرة
Ezbet Telt,عزبةتلت,28.879,30.836,Al Fashn,مركز الفشن,al-fashn-eg2204,28.809,30.827,Beni Suef,بنى سويف
Ezbet Gabril,عزبةجبريل,29.969,31.264,Basatin,قسم البساتين,basatin-eg0135,29.98,31.293,Cairo,القاهرة
Ezbet Gergis Nakhla,عزبةجرجسنخلة,31.127,30.591,Al-Rahmaniyya,مركز الرحمانية,al-rahmaniyya-eg1815,31.106,30.584,Behera,البحيرة
Ezbet Galal,عزبةجل ال,27.724,30.746,Markz Mallawi,مركز ملوى,markz-mallawi-eg2412,27.775,30.801,Menia,المنيا
Ezbet Hassan Ali Hamza,عزبة حسن علي حمزة,30.743,30.75,Kum Hamada,مركز كوم حمادة,kum-hamada-eg1813,30.654,30.774,Behera,البحيرة
Ezbet Hassan Qaboudan,عزبةحسنقبودان,31.12,30.624,Al-Rahmaniyya,مركز الرحمانية,al-rahmaniyya-eg1815,31.106,30.584,Behera,البحيرة
Ezbet Hussein al-Deeb,عزبةحسين الديب,30.966,30.72,Shubra Khit,مركز شبراخيت,shubra-khit-eg1810,31.003,30.679,Behera,البحيرة
Ezbet Hussein Amr,عزبة حسين عمرو,31.048,30.562,Damanhur,مركز دمنهور,damanhur-eg1802,31.032,30.527,Behera,البحيرة
Ezbet Hawd Fares,عزبة حوض فارس,30.916,30.612,Itay Al-Barud,مركز إيتاى البارود,itay-al-barud-eg1807,30.886,30.656,Behera,البحيرة
Ezbet Saada,عزبةسعادة,30.992,30.673,Shubra Khit,مركز شبراخيت,shubra-khit-eg1810,31.003,30.679,Behera,البحيرة
Ezbet Saad Dawoud,عزبة سعد داود,30.819,30.548,Al-Dilingat,مركز الدلنجات,al-dilingat-eg1805,30.81,30.49,Behera,البحيرة
Ezbet Sakanida,عزبةسكنيدة,31.063,30.473,Damanhur,مركز دمنهور,damanhur-eg1802,31.032,30.527,Behera,البحيرة
Ezbet Selim Toubgian,عزبةسليمطوبجيان,31.001,30.596,Damanhur,مركز دمنهور,damanhur-eg1802,31.032,30.527,Behera,البحيرة
Ezbet Tarabanba,عزبةطرابنبا,31.036,30.543,Damanhur,مركز دمنهور,damanhur-eg1802,31.032,30.527,Behera,البحيرة
Ezbet Talaat,عزبة طلعت,30.818,30.658,Itay Al-Barud,مركز إيتاى البارود,itay-al-barud-eg1807,30.886,30.656,Behera,البحيرة
Ezbet Toukh,عزبة طوخ,30.833,31.073,Santa,مركز السنطة,santa-eg1604,30.773,31.119,Gharbia,الغربية
Ezbet Amr,عزبة عمرو,31.308,30.6,Mitubas,مركز مطوبس,mitubas-eg1510,31.383,30.47,Kafr El-Shikh,كفر الشيخ
Ezbet Fathallah al-Gazzar,عزبةفتح الله الجزار,30.983,30.678,Shubra Khit,مركز شبراخيت,shubra-khit-eg1810,31.003,30.679,Behera,البحيرة
Ezbet Farnawy,عزبةفرنوي,31.002,30.644,Shubra Khit,مركز شبراخيت,shubra-khit-eg1810,31.003,30.679,Behera,البحيرة
Ezbet Fahmy,عزبةفهمي,29.97,31.294,Basatin,قسم البساتين,basatin-eg0135,29.98,31.293,Cairo,القاهرة
Ezbet Qaftan,عزبةقفطان,28.949,30.82,Sumusta,مركز سمسطا,sumusta-eg2208,28.951,30.866,Beni Suef,بنى سويف
Ezbet Qalmashat,عزبةقلمشاة,29.212,30.854,Atsa,مركز أطسا,atsa-eg2304,29.208,30.767,Fayoum,الفيوم
Ezbet Kafr al-Saby,عزبةكفر السابي,30.975,30.58,Shubra Khit,مركز شبراخيت,shubra-khit-eg1810,31.003,30.679,Behera,البحيرة
Ezbet Kafr Ghoneim,عزبة كفر غنيم,31.127,30.619,Al-Rahmaniyya,مركز الرحمانية,al-rahmaniyya-eg1815,31.106,30.584,Behera,البحيرة
Ezbet Mohamed Awad,عزبة محمد عوض,31.027,30.554,Damanhur,مركز دمنهور,damanhur-eg1802,31.032,30.527,Behera,البحيرة
Ezbet Mostafa Hamdy,عزبةمصطفيحمدي,27.814,30.728,Markz Mallawi,مركز ملوى,markz-mallawi-eg2412,27.775,30.801,Menia,المنيا
Ezbet Nafe',عزبةنافع,29.967,31.258,Basatin,قسم البساتين,basatin-eg0135,29.98,31.293,Cairo,القاهرة
Ezbet Hawara,عزبةهوارة,28.45,30.65,Markz Matay,مركز مطاى,markz-matay-eg2409,28.431,30.71,Menia,المنيا
Ezbet Yaqoub,عزبةيعقوب,31.016,30.599,Shubra Khit,مركز شبراخيت,shubra-khit-eg1810,31.003,30.679,Behera,البحيرة
Ezbet Youssef al-Askary,عزبةيوسف العسكري,30.958,30.614,Itay Al-Barud,مركز إيتاى البارود,itay-al-barud-eg1807,30.886,30.656,Behera,البحيرة
Ezbet Youssef Hamza,عزبة يوسف حمزة,30.807,30.547,Al-Dilingat,مركز الدلنجات,al-dilingat-eg1805,30.81,30.49,Behera,البحيرة
Ezbet Youssef Kamal,عزبة يوسف كمال,31.032,30.667,Shubra Khit,مركز شبراخيت,shubra-khit-eg1810,31.003,30.679,Behera,البحيرة
Oshash al-Nakhl,عشش النخل,30.061,31.231,Bulaq,قسم بولاق,bulaq-eg0112,30.062,31.234,Cairo,القاهرة
Ashma,عشما,30.557,30.912,Al-Shuhada,مركز الشهداء,al-shuhada-eg1705,30.601,30.87,Menoufia,المنوفية
Attaf,عطاف,31.072,31.163,El Mahalla El Kobra,مركز المحله الكبرى,el-mahalla-el-kobra-eg1607,31.017,31.13,Gharbia,الغربية
Atf Abu Gendy,عطفأبوجندي,30.906,30.92,Qutur,مركز قطور,qutur-eg1611,30.971,30.97,Gharbia,الغربية
Atf Afouh,عطفأفوه,29.365,31.206,Al Wasta,مركز الواسطى,al-wasta-eg2205,29.324,31.17,Beni Suef,بنى سويف
Atf Haidar,عطفحيدر,28.742,30.747,Markz Al Idwa,مركز العدوة,markz-al-idwa-eg2405,28.696,30.74,Menia,المنيا
Abd al-Hamid Abu Zeid,علدالحميد أبوزيد,30.465,30.758,Badr,مركز بدر,badr-eg1818,30.547,30.679,Behera,البحيرة
Alqam,علقام,30.548,30.79,Kum Hamada,مركز كوم حمادة,kum-hamada-eg1813,30.654,30.774,Behera,البحيرة
Alwan,علوان,27.193,31.092,Assuit,مركز أسيوط,assuit-eg2503,27.117,31.232,Assiut,أسيوط
Ali Pasha al-Rouby,على باشا الروبى,29.426,30.438,Yousef El sadeq,مركز يوسف الصديق,yousef-el-sadeq-eg2307,29.353,30.586,Fayoum,الفيوم
Ali ibn Abi Talib,على بن ابى طالب,30.599,30.677,Badr,مركز بدر,badr-eg1818,30.547,30.679,Behera,البحيرة
Ali Mohamed Selima,على محمد سليمة,30.555,30.993,Shibin al-Kum,قسم شبين الكوم,shibin-al-kum-eg1701,30.556,31.0,Menoufia,المنوفية
Ali Mostafa al-Zawawy,على مصطفى الزواوى,31.138,30.927,Kafr Al-Shaykh,قسم كفر الشيخ,kafr-al-shaykh-eg1501,31.119,30.941,Kafr El-Shikh,كفر الشيخ
Ali Agha,علي اغا,30.788,31.0,Tanta 2,قسم ثان طنطا,tanta-2-eg1602,30.786,30.989,Gharbia,الغربية
Ali ibn Abi Talib,عليبنأبيط الب,26.672,31.466,Guhayna Al-Gharbiyya,مركز جهينة الغربية,guhayna-al-gharbiyya-eg2611,26.689,31.471,Suhag,سوهاج
Alim,عليم,30.55,31.641,Abu Hammad,مركز أبو حماد,abu-hammad-eg1304,30.543,31.649,Sharkia,الشرقية
Omar ibn al-Khattab,عمر بن الخطاب,30.554,30.667,Badr,مركز بدر,badr-eg1818,30.547,30.679,Behera,البحيرة
Omar Shahin,عمر شاهين,30.527,30.729,Badr,مركز بدر,badr-eg1818,30.547,30.679,Behera,البحيرة
Omar Makram,عمر مكرم,30.494,30.707,Badr,مركز بدر,badr-eg1818,30.547,30.679,Behera,البحيرة
Omar al-Khayam,عمر الخيام,30.05,31.225,Zamalik,قسم الزمالك,zamalik-eg0133,30.056,31.223,Cairo,القاهرة
Omar ibn al-Khattab,عمر بن الخطاب,26.694,31.44,Guhayna Al-Gharbiyya,مركز جهينة الغربية,guhayna-al-gharbiyya-eg2611,26.689,31.471,Suhag,سوهاج
Amr ibn al-Aas,عمرو بن العاص,30.534,30.76,Badr,مركز بدر,badr-eg1818,30.547,30.679,Behera,البحيرة
Amr ibn al-Aas,عمرو بن العاص,25.009,32.764,Adfu,مركز أدفو,adfu-eg2803,25.061,32.957,Aswan,أسوان
Amrous,عمروس,30.665,30.818,Al-Shuhada,مركز الشهداء,al-shuhada-eg1705,30.601,30.87,Menoufia,المنوفية
Amrit,عمريط,30.507,31.61,Abu Hammad,مركز أبو حماد,abu-hammad-eg1304,30.543,31.649,Sharkia,الشرقية
Anak,عنك,29.149,30.63,Atsa,مركز أطسا,atsa-eg2304,29.208,30.767,Fayoum,الفيوم
Anak,عنك,27.414,30.775,Al-Qusia,مركز القوصية,al-qusia-eg2509,27.403,30.826,Assiut,أسيوط
Aniba,عنيبة,24.514,33.033,Nasr,مركز نصر,nasr-eg2805,24.373,32.932,Aswan,أسوان
Anibas,عنيبس,26.731,31.489,Guhayna Al-Gharbiyya,مركز جهينة الغربية,guhayna-al-gharbiyya-eg2611,26.689,31.471,Suhag,سوهاج
Awaga,عواجة,27.49,30.736,Dayrut,مركز ديروط,dayrut-eg2510,27.537,30.782,Assiut,أسيوط
Awamer al-Oseirat,عوامر العسيرات,26.42,31.8,Al Usayrat,مركز العسيرات,al-usayrat-eg2617,26.401,31.815,Suhag,سوهاج
Awad al-Zawawy,عوض الزواوى,31.128,30.933,Kafr Al-Shaykh,قسم كفر الشيخ,kafr-al-shaykh-eg1501,31.119,30.941,Kafr El-Shikh,كفر الشيخ
Ain al-Ezza,عين العزة,28.132,28.61,Bahariya Oasis,قسم الواحاتالبحرية,bahariya-oasis-eg2114,28.452,28.836,Giza,الجيزة
Ain Galout,عين جالوت,30.616,30.618,Badr,مركز بدر,badr-eg1818,30.547,30.679,Behera,البحيرة
Ain Helwan,عين حلوان,29.866,31.317,Hilwan,قسم حلوان,hilwan-eg0102,29.854,31.329,Cairo,القاهرة
Ain Shams al-Gharbiya,عين شمس الغربية,30.13,31.315,Al Matariyya,قسم المطرية,al-matariyya-eg0125,30.128,31.304,Cairo,القاهرة
Ain Aish,عين عيش,25.786,29.201,A-Dakhla Oasis,مركز الوحات الداخلة,a-dakhla-oasis-eg3202,24.803,27.209,New Valley,الوادى الجديد
Ain al-Sira,عين الصيرة,30.018,31.245,Misr Al-Qadima,مصرالقديمة,misr-al-qadima-eg0106,30.006,31.242,Cairo,القاهرة
Ain Sadr,عين سدر,29.679,32.718,Ras Sidr,قسم رأس سدر,ras-sidr-eg3502,29.599,33.317,South Sinai,جنوب سيناء
Ain Shams al-Sharqiya,عينشمس الشرقية,30.128,31.326,Ain Shams,قسم عينشمس,ain-shams-eg0130,30.123,31.33,Cairo,القاهرة
Ain Toubiya,عينطوبية,29.546,34.703,Nakhl,قسم نخل,nakhl-eg3407,29.909,34.024,North Sinai,شمال سيناء
Ain Ghosein,عينغصين,30.498,32.281,Ismailiyya,مركز الاسماعيلية,ismailiyya-eg1904,30.426,32.183,Ismailia,الإسماعيلية
Ain Qartaga Abu Wadi Outair,عينقرطاجابواديوتير,29.145,34.461,Nuweiba,قسم نويبع,nuweiba-eg3507,29.314,34.312,South Sinai,جنوب سيناء
Ghabat El-Bous wa Bir Adeeb,غبة البوص وبير عديب,29.625,32.352,Ataqa,قسم عتاقة,ataqa-eg0403,29.539,32.128,Suez,السويس
Gharb El-Mawhoub,غرب الموهوب,25.993,28.178,A-Dakhla Oasis,مركز الوحات الداخلة,a-dakhla-oasis-eg3202,24.803,27.209,New Valley,الوادى الجديد
Gharb Aswan,غرب أسوان,24.106,32.878,Aswan,مركز أسوان,aswan-eg2802,23.972,32.831,Aswan,أسوان
Ghazal,غز ال,30.885,28.555,Daba,مركز الضبعة,daba-eg3304,29.463,28.243,Matrouh,مطروح
Ghazala,غز الة,30.884,31.617,Sinbillawin,مركز السنبلاوين,sinbillawin-eg1205,30.883,31.513,Dakahlia,الدقهلية
Ghazalet Abu Abdoun,غز الةأبوعبدون,30.741,31.848,Faqus,مركز فاقوس,faqus-eg1312,30.749,31.896,Sharkia,الشرقية
Ghazalet El-Kheis,غز الة الخيس,30.555,31.58,Zaqaziq,مركز الزقازيق,zaqaziq-eg1303,30.587,31.581,Sharkia,الشرقية
Ghatati,غطاطي,30.005,31.127,Al-Ahram,قسم الأهرام,al-ahram-eg2106,29.99,31.136,Giza,الجيزة
Ghammazet El-Sughra,غمازة الصغري,29.662,31.318,Saf,مركز الصف,saf-eg2111,29.62,31.305,Giza,الجيزة
Ghammazet El-Kubra,غمازة الكبري,29.699,31.313,Saf,مركز الصف,saf-eg2111,29.62,31.305,Giza,الجيزة
Ghamra,غمرة,30.069,31.268,Al Zahir,قسم الظاهر,al-zahir-eg0117,30.063,31.268,Cairo,القاهرة
Ghamrin,غمرين,30.498,30.908,Minuf,مركز منوف,minuf-eg1709,30.46,30.881,Menoufia,المنوفية
Ghoneim Shatta,غنيم شطا,31.192,31.765,Minya Al-Nasr,مركز منية النصر,minya-al-nasr-eg1214,31.154,31.707,Dakahlia,الدقهلية
Ghot El-Na'ga,غوط النعجة,30.983,25.139,Salloum,قسم السلوم,salloum-eg3303,30.646,25.255,Matrouh,مطروح
Ghot Musa'ed,غوطمساعد,31.615,25.141,Salloum,قسم السلوم,salloum-eg3303,30.646,25.255,Matrouh,مطروح
Ghiyadet El-Sharqiya,غياضة الشرقية,28.94,31.02,Biba,مركز ببا,biba-eg2207,28.951,30.967,Beni Suef,بنى سويف
Ghiyadet El-Gharbiya,غياضة الغربية,28.962,31.005,Biba,مركز ببا,biba-eg2207,28.951,30.967,Beni Suef,بنى سويف
Ghita,غيتة,30.38,31.516,Bilbis,مركز بلبيس,bilbis-eg1308,30.408,31.531,Sharkia,الشرقية
Ghisan,غيصان,29.403,30.559,Yousef El sadeq,مركز يوسف الصديق,yousef-el-sadeq-eg2307,29.353,30.586,Fayoum,الفيوم
Gheit El-Bahari,غيط البحاري,29.195,30.994,Nasir,مركز ناصر,nasir-eg2209,29.187,31.078,Beni Suef,بنى سويف
Gheit El-Edda,غيط العدة,30.046,31.25,Abdin,قسم عابدين,abdin-eg0109,30.046,31.245,Cairo,القاهرة
Gheit El-Enab Sharq,غيط العنبشرق,31.178,29.91,Karmuz,قسم كرموز,karmuz-eg0208,31.179,29.904,Alexandria,الاسكندرية
Gheit El-Enab Gharb,غيط العنبغرب,31.175,29.899,Karmuz,قسم كرموز,karmuz-eg0208,31.179,29.904,Alexandria,الاسكندرية
Fares,فارس,24.564,32.893,Kum Umbu,مركز كوم امبو,kum-umbu-eg2804,24.48,32.947,Aswan,أسوان
Fanous,فانوس,29.537,30.966,Tamya,مركز طامية,tamya-eg2306,29.467,30.982,Fayoum,الفيوم
Fau Bahari,فاوبحري,26.094,32.357,Dishna,مركز دشنا,dishna-eg2706,26.142,32.444,Qena,قنا
Fau Gharb,فاوغرب,26.901,31.47,Tama,مركز طما,tama-eg2613,26.874,31.422,Suhag,سوهاج
Fau Gharb,فاوغرب,26.095,32.398,Dishna,مركز دشنا,dishna-eg2706,26.142,32.444,Qena,قنا
Fau Qibli,فاوقبلي,26.113,32.393,Dishna,مركز دشنا,dishna-eg2706,26.142,32.444,Qena,قنا
Faw Geli,فاوجلي,26.688,31.669,Saqulta,مركز ساقلته,saqulta-eg2612,26.692,31.663,Suhag,سوهاج
Fakhr El-Din,فخر الدين,31.023,33.806,El Arish 3,قسم ثالث العريش,el-arish-3-eg3403,30.995,33.777,North Sinai,شمال سيناء
Fadimein,فديمين,29.386,30.764,Sinuras,مركز سنورس,sinuras-eg2305,29.441,30.815,Fayoum,الفيوم
Farasha,فراشة,30.665,31.734,Abu Kabir,مركز أبوكبير,abu-kabir-eg1305,30.733,31.69,Sharkia,الشرقية
Farag,فرج,31.267,30.927,Riyad,مركز الرياض,riyad-eg1512,31.321,30.92,Kafr El-Shikh,كفر الشيخ
Farsis,فرسيس,30.681,31.484,Zaqaziq,مركز الزقازيق,zaqaziq-eg1303,30.587,31.581,Sharkia,الشرقية
Farsis,فرسيس,30.406,31.214,Banha,مركز بنها,banha-eg1402,30.443,31.248,Kalyoubia,القليوبية
Farsis,فرسيس,30.659,31.235,Zifta,مركز زفتى,zifta-eg1609,30.728,31.215,Gharbia,الغربية
Farghan,فرغان,30.705,31.447,Dyarb Nigm,مركز ديرب نجم,dyarb-nigm-eg1310,30.752,31.444,Sharkia,الشرقية
Farqas,فرقص,29.428,30.984,Tamya,مركز طامية,tamya-eg2306,29.467,30.982,Fayoum,الفيوم
Farnawi,فرنوي,30.994,30.65,Shubra Khit,مركز شبراخيت,shubra-khit-eg1810,31.003,30.679,Behera,البحيرة
Fazara,فزارة,31.263,30.502,Al-Mahmudiyya,مركز المحمودية,al-mahmudiyya-eg1806,31.197,30.488,Behera,البحيرة
Fazara,فزارة,28.994,30.922,Biba,مركز ببا,biba-eg2207,28.951,30.967,Beni Suef,بنى سويف
Fazara,فزارة,27.462,30.825,Al-Qusia,مركز القوصية,al-qusia-eg2509,27.403,30.826,Assiut,أسيوط
Fazara bel-Qarya,فزارةب القرية,26.695,31.523,Al-Maragha,مركز المراغة,al-maragha-eg2606,26.669,31.588,Suhag,سوهاج
Fatira,فطيرة,24.626,32.933,Kum Umbu,مركز كوم امبو,kum-umbu-eg2804,24.48,32.947,Aswan,أسوان
Falasteen,فلسطين,30.564,30.598,Badr,مركز بدر,badr-eg1818,30.547,30.679,Behera,البحيرة
Flameng,فلمنج,31.236,29.958,Al Raml,قسم أول الرمل,al-raml-eg0202,31.237,29.986,Alexandria,الاسكندرية
Fam El-Khalig wa Deir El-Nuhas,فم الخليجودير النحاس,30.019,31.231,Misr Al-Qadima,مصرالقديمة,misr-al-qadima-eg0106,30.006,31.242,Cairo,القاهرة
Fanar wa Bir Abu El-Darag,فنار وبير أبو الدرج,29.539,32.128,Ataqa,قسم عتاقة,ataqa-eg0403,29.539,32.128,Suez,السويس
Fanara,فنارة,30.266,32.375,Fayid,مركز فايد,fayid-eg1907,30.366,32.292,Ismailia,الإسماعيلية
Foka,فوكة,31.065,28.009,Daba,مركز الضبعة,daba-eg3304,29.463,28.243,Matrouh,مطروح
Fisha El-Sughra wa Hessetha,فيشا الصغريوحصتها,30.411,30.991,Al-Bagur,مركز الباجور,al-bagur-eg1704,30.413,31.032,Menoufia,المنوفية
Fisha El-Kubra,فيشا الكبري,30.419,30.946,Minuf,مركز منوف,minuf-eg1709,30.46,30.881,Menoufia,المنوفية
Fisha Belkha,فيشابلخة,31.129,30.557,Al-Mahmudiyya,مركز المحمودية,al-mahmudiyya-eg1806,31.197,30.488,Behera,البحيرة
Fisha Bana,فيشابنا,30.81,31.271,Aga,مركز أجا,aga-eg1204,30.895,31.313,Dakahlia,الدقهلية
Fisha Selim,فيشاسليم,30.769,30.976,Tanta,مركز طنطا,tanta-eg1603,30.809,30.932,Gharbia,الغربية
Qabil,قابيل,31.1,30.408,Damanhur,مركز دمنهور,damanhur-eg1802,31.032,30.527,Behera,البحيرة
Qadous,قادوس,30.816,30.647,Itay Al-Barud,مركز إيتاى البارود,itay-al-barud-eg1807,30.886,30.656,Behera,البحيرة
Qaret Umm El-Saghir,قارةأم الصغير,28.935,25.443,Siwa,مركز سيوة,siwa-eg3306,28.703,25.589,Matrouh,مطروح
Qaroun,قارون,29.392,30.483,Yousef El sadeq,مركز يوسف الصديق,yousef-el-sadeq-eg2307,29.353,30.586,Fayoum,الفيوم
Qatiya,قاطية,30.948,32.754,Rummana,قسم رمانة,rummana-eg3410,30.957,32.699,North Sinai,شمال سيناء
Qafla,قافلة,31.125,30.288,Abu Hummus,مركز ابوحمص,abu-hummus-eg1804,31.106,30.31,Behera,البحيرة
Qawisha,قاويشة,30.768,31.495,Dyarb Nigm,مركز ديرب نجم,dyarb-nigm-eg1310,30.752,31.444,Sharkia,الشرقية
Qay,قاي,29.142,30.981,Ahnasya,مركز أهناسيا,ahnasya-eg2206,29.102,30.943,Beni Suef,بنى سويف
Qaytbay,قايتباي,30.045,31.275,Minshat Nasir,منشأةناصر,minshat-nasir-eg0134,30.043,31.284,Cairo,القاهرة
Qabr Ameir,قبرعمير,30.977,33.841,Shaykh Zuwayd,قسم الشيخ زويد,shaykh-zuwayd-eg3408,30.918,33.971,North Sinai,شمال سيناء
Qabrit,قبريط,31.237,30.584,Fuwwa,مركز فوه,fuwwa-eg1508,31.232,30.564,Kafr El-Shikh,كفر الشيخ
Qabw El-Mallaha,قب والملاح,31.197,29.886,Al Gumruk,قسم الجمرك,al-gumruk-eg0210,31.203,29.879,Alexandria,الاسكندرية
Qubour El-Omaraa,قبور الأمراء,30.765,30.559,Al-Dilingat,مركز الدلنجات,al-dilingat-eg1805,30.81,30.49,Behera,البحيرة
Qahafa,قحافة,30.774,30.997,Tanta 2,قسم ثان طنطا,tanta-2-eg1602,30.786,30.989,Gharbia,الغربية
Qahafa,قحافه,29.292,30.885,Fayyum,قسم الفيوم,fayyum-eg2301,29.314,30.839,Fayoum,الفيوم
Qaraga,قراجة,30.828,31.753,Kafr Saqr,مركز كفر صقر,kafr-saqr-eg1313,30.837,31.675,Sharkia,الشرقية
Qaraga,قراجة,31.13,30.984,Kafr Al-Shaykh,مركز كفر الشيخ,kafr-al-shaykh-eg1502,31.2,31.016,Kafr El-Shikh,كفر الشيخ
Qaraqas,قراقص,31.036,30.52,Damanhur,مركز دمنهور,damanhur-eg1802,31.032,30.527,Behera,البحيرة
Qarsha,قرشة,24.644,32.948,Nasr,مركز نصر,nasr-eg2805,24.373,32.932,Aswan,أسوان
Qurtasa,قرطسا,31.053,30.454,Damanhur,قسم دمنهور,damanhur-eg1801,31.049,30.463,Behera,البحيرة
Qarqarous,قرقارص,27.132,31.254,Assuit,مركز أسيوط,assuit-eg2503,27.117,31.232,Assiut,أسيوط
Qarqashanda,قرقشندة,30.305,31.173,Tukh,مركز طوخ,tukh-eg1408,30.344,31.19,Kalyoubia,القليوبية
Qarqeera,قرقيرة,30.846,31.387,Sinbillawin,مركز السنبلاوين,sinbillawin-eg1205,30.883,31.513,Dakahlia,الدقهلية
Qarmala,قرملة,30.418,31.433,Bilbis,مركز بلبيس,bilbis-eg1308,30.408,31.531,Sharkia,الشرقية
Qarmout El-Bahw,قرموط البهو,30.964,31.363,Aga,مركز أجا,aga-eg1204,30.895,31.313,Dakahlia,الدقهلية
Qarmout Sahabra,قرموطصهبرة,30.76,31.393,Dyarb Nigm,مركز ديرب نجم,dyarb-nigm-eg1310,30.752,31.444,Sharkia,الشرقية
Qarnasho,قرنشو,30.923,30.84,Basyun,مركز بسيون,basyun-eg1608,30.959,30.827,Gharbia,الغربية
Qaranfil,قرنفيل,30.277,31.167,Qanatir Al-Khayriyya,مركز القناطر الخيرية,qanatir-al-khayriyya-eg1404,30.214,31.135,Kalyoubia,القليوبية
Qura El-Ganoub - Juz',قرى الجنوب - جزء,30.993,32.254,Al-Ganoub 2,قسم ثان الجنوب,al-ganoub-2-eg0311,30.993,32.254,Port Said,بورسعيد
Qura El-Ganoub - Juz' Yanba'u Tawabe' Tusamma El-Siddiq,قرى الجنوب - جزء_ينبعه توابع تسمى الصديق,31.141,32.291,Al-Ganoub,قسم الجنوب,al-ganoub-eg0306,31.141,32.291,Port Said,بورسعيد
Qarya,قرية,30.156,33.6,Al-Hasna,قسم الحسنة,al-hasna-eg3406,30.288,33.542,North Sinai,شمال سيناء
Qarya 1,قرية 1,25.409,32.482,Isna,مركز إسنا,isna-eg2705,25.365,32.52,Qena,قنا
Qarya 2,قرية 2,25.411,32.461,Isna,مركز إسنا,isna-eg2705,25.365,32.52,Qena,قنا
Qarya 3,قرية 3,25.394,32.47,Isna,مركز إسنا,isna-eg2705,25.365,32.52,Qena,قنا
Qaryet 5 El-Aqdam,قرية 5 الاقدام,28.686,30.66,Markz Al Idwa,مركز العدوة,markz-al-idwa-eg2405,28.696,30.74,Menia,المنيا
Qaryet 6 El-Nasr,قرية 6 النصر,28.651,30.649,Markz Al Idwa,مركز العدوة,markz-al-idwa-eg2405,28.696,30.74,Menia,المنيا
Qaryet El-Qasabi Sharq,قرية القصبى شرق,31.089,32.092,Al-Husayniya,مركز الحسينية,al-husayniya-eg1306,30.924,32.006,Sharkia,الشرقية
Qaryet El-Malha,قرية المالحة,29.299,33.73,Ras Sidr,قسم رأس سدر,ras-sidr-eg3502,29.599,33.317,South Sinai,جنوب سيناء
Qaryet El-Wadi,قرية الوادى,28.402,33.637,Al-Tur,قسم الطور,al-tur-eg3501,28.365,33.753,South Sinai,جنوب سيناء
Qaryet Ras Masalla,قرية رأس مسلة,29.816,32.629,Ras Sidr,قسم رأس سدر,ras-sidr-eg3502,29.599,33.317,South Sinai,جنوب سيناء
Qaryet Taba,قرية طابا,29.513,34.85,Taba,قسم طابا,taba-eg3508,29.501,34.84,South Sinai,جنوب سيناء
Qaryet Feiran,قرية فيران,28.848,33.583,Abu Radis,قسم أبو رديس,abu-radis-eg3503,29.049,33.598,South Sinai,جنوب سيناء
Qaryet Wadi Gharandal,قرية وادى غرندل,29.24,32.922,Abu Radis,قسم أبو رديس,abu-radis-eg3503,29.049,33.598,South Sinai,جنوب سيناء
Qaryet Madinet El-Samad,قريةمدينة السماد,29.587,32.35,Ataqa,قسم عتاقة,ataqa-eg0403,29.539,32.128,Suez,السويس
Qaryet Mit Abu El-Koum El-Gedida,قرية ميت أبو الكوم الجديدة,30.381,32.432,"Qantara Sharq, al-",قسم القنطرة شرق,qantara-sharq-al-eg1908,30.603,32.55,Ismailia,الإسماعيلية
Qaryet Wasit,قريةواسط,29.077,34.648,Nuweiba,قسم نويبع,nuweiba-eg3507,29.314,34.312,South Sinai,جنوب سيناء
Qaryet Sarsaq,قريه سرسق,31.07,31.366,Talkha,مركز طلخا,talkha-eg1211,31.109,31.383,Dakahlia,الدقهلية
Qozman,قزمان,31.091,30.797,Qillin,مركز قلين,qillin-eg1509,31.085,30.817,Kafr El-Shikh,كفر الشيخ
Qusta,قسطا,30.899,30.803,Kafr Al-Zayyat,مركز كفر الزيات,kafr-al-zayyat-eg1612,30.807,30.835,Gharbia,الغربية
Qastal,قسطل,24.419,33.011,Nasr,مركز نصر,nasr-eg2805,24.373,32.932,Aswan,أسوان
Qastil,قسطيل,22.624,32.599,Abu Simbel,مركز أبوسنبل,abu-simbel-eg2807,22.624,32.599,Aswan,أسوان
Qism El-Khusus,قسم الخصوص,30.157,31.318,Khsos,قسم الخصوص,khsos-eg1412,30.157,31.318,Kalyoubia,القليوبية
Qism El-Mansoura,قسم المنصورة,31.059,31.41,E Mansora 2,قسم ثان المنصورة,e-mansora-2-eg1202,31.047,31.419,Dakahlia,الدقهلية
Qism Awwal,قسم اول,29.31,30.828,Fayyum,قسم الفيوم,fayyum-eg2301,29.314,30.839,Fayoum,الفيوم
Qism Awwal,قسم اول,28.097,30.748,Kesm Al-minya,قسم المنيا,kesm-al-minya-eg2401,28.095,30.744,Menia,المنيا
Qism Awwal,قسم اول,27.74,30.822,Kesm Mallawi,قسم ملوى,kesm-mallawi-eg2411,27.729,30.837,Menia,المنيا
Qism Awwal,قسم اول,26.186,32.724,Qina,قسم قنا,qina-eg2701,26.165,32.712,Qena,قنا
Qism Awwal,قسم أول,29.969,32.572,Suez,قسم السويس,suez-eg0401,29.961,32.569,Suez,السويس
Qism Awwal El-Arish,قسم أول العريش,31.139,33.805,El Arish 1,قسم أول العريش,el-arish-1-eg3401,31.12,33.824,North Sinai,شمال سيناء
Qism Awwal Mit Talkha,قسم اول ميت طلخا,31.049,31.394,El Mansora 1,قسم اول المنصورة,el-mansora-1-eg1201,31.029,31.375,Dakahlia,الدقهلية
Qism Thalith,قسم ثالث,29.962,32.525,Al-Arbiin,قسم الأربعين,al-arbiin-eg0402,29.98,32.536,Suez,السويس
Qism Thalith,قسم ثالث,29.327,30.861,Fayyum,قسم الفيوم,fayyum-eg2301,29.314,30.839,Fayoum,الفيوم
Qism Thalith,قسم ثالث,28.115,30.743,Kesm Al-minya,قسم المنيا,kesm-al-minya-eg2401,28.095,30.744,Menia,المنيا
Qism Thalith,قسم ثالث,27.723,30.836,Kesm Mallawi,قسم ملوى,kesm-mallawi-eg2411,27.729,30.837,Menia,المنيا
Qism Thalith,قسم ثالث,26.169,32.688,Qina,قسم قنا,qina-eg2701,26.165,32.712,Qena,قنا
Qism Thalith El-Rayhan,قسم ثالث الريحان,31.038,31.369,El Mansora 1,قسم اول المنصورة,el-mansora-1-eg1201,31.029,31.375,Dakahlia,الدقهلية
Qism Than,قسم ثان,29.953,32.571,Suez,قسم السويس,suez-eg0401,29.961,32.569,Suez,السويس
Qism Than,قسم ثان,28.092,30.762,Kesm Al-minya,قسم المنيا,kesm-al-minya-eg2401,28.095,30.744,Menia,المنيا
Qism Than,قسم ثان,27.738,30.86,Kesm Mallawi,قسم ملوى,kesm-mallawi-eg2411,27.729,30.837,Menia,المنيا
Qism Than,قسم ثان,26.16,32.717,Qina,قسم قنا,qina-eg2701,26.165,32.712,Qena,قنا
Qism Than El-Hiwar,قسم ثان الحوار,31.045,31.377,El Mansora 1,قسم اول المنصورة,el-mansora-1-eg1201,31.029,31.375,Dakahlia,الدقهلية
Qism Than El-Arish,قسم ثان العريش,31.117,33.733,El Arish 2,قسم ثان العريش,el-arish-2-eg3402,31.09,33.751,North Sinai,شمال سيناء
Qism Thani,قسم ثانى,29.322,30.84,Fayyum,قسم الفيوم,fayyum-eg2301,29.314,30.839,Fayoum,الفيوم
Qism Khamis,قسم خامس,28.075,30.768,Kesm Al-minya,قسم المنيا,kesm-al-minya-eg2401,28.095,30.744,Menia,المنيا
Qism Khamis Siyam,قسم خامس صيام,31.036,31.409,E Mansora 2,قسم ثان المنصورة,e-mansora-2-eg1202,31.047,31.419,Dakahlia,الدقهلية
Qism Rabi',قسم رابع,30.003,32.557,Al-Arbiin,قسم الأربعين,al-arbiin-eg0402,29.98,32.536,Suez,السويس
Qism Rabi',قسم رابع,29.305,30.859,Fayyum,قسم الفيوم,fayyum-eg2301,29.314,30.839,Fayoum,الفيوم
Qism Rabi',قسم رابع,28.095,30.735,Kesm Al-minya,قسم المنيا,kesm-al-minya-eg2401,28.095,30.744,Menia,المنيا
Qism Rabi',قسم رابع,27.722,30.818,Kesm Mallawi,قسم ملوى,kesm-mallawi-eg2411,27.729,30.837,Menia,المنيا
Qism Rabi' El-Naggar,قسم رابع النجار,31.038,31.385,El Mansora 1,قسم اول المنصورة,el-mansora-1-eg1201,31.029,31.375,Dakahlia,الدقهلية
Qism Sabi' El-Bahr El-Saghir,قسم سابع البحر الصغير,31.023,31.396,E Mansora 2,قسم ثان المنصورة,e-mansora-2-eg1202,31.047,31.419,Dakahlia,الدقهلية
Qism Sadis Mit Haidar,قسم سادس ميت حيدر,31.04,31.4,E Mansora 2,قسم ثان المنصورة,e-mansora-2-eg1202,31.047,31.419,Dakahlia,الدقهلية
Qism Kafr El-Badmas,قسم كفر البدماص,31.053,31.428,E Mansora 2,قسم ثان المنصورة,e-mansora-2-eg1202,31.047,31.419,Dakahlia,الدقهلية
Qasha,قشا,30.335,31.373,Mashtul Al-Suq,مركز مشتول السوق,mashtul-al-suq-eg1316,30.361,31.383,Sharkia,الشرقية
Qashtoukh,قشطوخ,30.741,30.938,Tala,مركز تلا,tala-eg1707,30.67,30.946,Menoufia,المنوفية
Qassasin El-Azhar,قصاصين الأزهار,31.004,31.816,Awlad Saqr,مركز أولاد صقر,awlad-saqr-eg1319,30.969,31.777,Sharkia,الشرقية
Qassasin El-Sharq,قصاصين الشرق,30.789,32.09,Al-Husayniya,مركز الحسينية,al-husayniya-eg1306,30.924,32.006,Sharkia,الشرقية
Qasr Abu Lati'a Basel,قصرأبولطيعةباسل,29.402,30.591,Yousef El sadeq,مركز يوسف الصديق,yousef-el-sadeq-eg2307,29.353,30.586,Fayoum,الفيوم
Qasr El-Basel,قصر الباسل,29.134,30.804,Atsa,مركز أطسا,atsa-eg2304,29.208,30.767,Fayoum,الفيوم
Qasr El-Gibali,قصر الجب الي,29.344,30.626,Yousef El sadeq,مركز يوسف الصديق,yousef-el-sadeq-eg2307,29.353,30.586,Fayoum,الفيوم
Qasr El-Doubara,قصر الدوبارة,30.042,31.235,Qasr Al-Nile,قسم قصر النيل,qasr-al-nile-eg0111,30.043,31.235,Cairo,القاهرة
Qasr El-Shawq,قصر الشوق,30.05,31.266,Gamaliyya,قسم الجمالية,gamaliyya-eg0115,30.054,31.265,Cairo,القاهرة
Qasr Baghdad,قصربغداد,30.733,30.871,Kafr Al-Zayyat,مركز كفر الزيات,kafr-al-zayyat-eg1612,30.807,30.835,Gharbia,الغربية
Qasr Bayad,قصر بياض,29.359,30.731,Abshaway,مركز أبشواى,abshaway-eg2303,29.374,30.69,Fayoum,الفيوم
Qasr Haidar,قصر حيدر,27.509,30.838,Dayrut,مركز ديروط,dayrut-eg2510,27.537,30.782,Assiut,أسيوط
Qasr Rashwan,قصررشوان,29.488,30.916,Tamya,مركز طامية,tamya-eg2306,29.467,30.982,Fayoum,الفيوم
Qasr Nasr El-Din,قصر نصر الدين,30.786,30.819,Kafr Al-Zayyat,مركز كفر الزيات,kafr-al-zayyat-eg1612,30.807,30.835,Gharbia,الغربية
Qasr Hour,قصرهور,27.872,30.71,Markz Mallawi,مركز ملوى,markz-mallawi-eg2412,27.775,30.801,Menia,المنيا
Qasouret El-Shawam,قصورة الشوام,30.068,31.242,Rud Al-Farag,قسم روضالفرج,rud-al-farag-eg0120,30.075,31.238,Cairo,القاهرة
Quseir El-Amarna,قصير العمارنة,27.461,30.843,Al-Qusia,مركز القوصية,al-qusia-eg2509,27.403,30.826,Assiut,أسيوط
Quseir Bakhanes,قصيربخانس,26.145,32.119,Abu Tisht,مركز أبو طشت,abu-tisht-eg2703,26.13,32.086,Qena,قنا
Qita' El-Hamoul,قطاع الحامول,31.428,31.177,Al Hamul,مركز الحامول,al-hamul-eg1511,31.388,31.075,Kafr El-Shikh,كفر الشيخ
Qita' El-Nahda,قطاع النهضة,31.067,29.898,Al Amreia,قسم العامرية,al-amreia-eg0213,30.959,29.828,Alexandria,الاسكندرية
Qita' Mariout,قطاعمريوط,30.872,29.763,Al Amreia,قسم العامرية,al-amreia-eg0213,30.959,29.828,Alexandria,الاسكندرية
Qita' Mansour,قطاعمنصور,31.424,31.037,Al Hamul,مركز الحامول,al-hamul-eg1511,31.388,31.075,Kafr El-Shikh,كفر الشيخ
Qatifet El-Aziziya,قطيفة العزيزية,30.482,31.278,Minya al-Qamh,مركز منيا القمح,minya-al-qamh-eg1314,30.507,31.369,Sharkia,الشرقية
Qatifet Mubasher,قطيفةمباشر,30.7,31.532,El-Ibrahimiya,مركز الأبراهيمية,el-ibrahimiya-eg1317,30.732,31.564,Sharkia,الشرقية
Qaffada,قفادة,28.578,30.746,Markz Maghagha,مركز مغاغة,markz-maghagha-eg2410,28.641,30.794,Menia,المنيا
Qalba,قلبا,27.77,30.827,Markz Mallawi,مركز ملوى,markz-mallawi-eg2412,27.775,30.801,Menia,المنيا
Qalbshouh,قلبشوه,31.451,31.38,Bilqas,مركز بلقاس,bilqas-eg1208,31.344,31.379,Dakahlia,الدقهلية
Qultet El-Kubra,قلتي الكبري,30.364,31.017,Al-Bagur,مركز الباجور,al-bagur-eg1704,30.413,31.032,Menoufia,المنوفية
Qal'et El-Maraziq,قلعة المرازيق,29.804,31.246,Badrashain,مركز البدرشين,badrashain-eg2110,29.824,31.258,Giza,الجيزة
Qalfao,قلفاو,26.581,31.69,Suhag,مركز سوهاج,suhag-eg2603,26.547,31.655,Suhag,سوهاج
Qalma,قلما,30.215,31.22,Qalyub,مركز قليوب,qalyub-eg1410,30.207,31.214,Kalyoubia,القليوبية
Qalmashat,قلمشاة,29.186,30.843,Atsa,مركز أطسا,atsa-eg2304,29.208,30.767,Fayoum,الفيوم
Qalandoul,قلندول,27.826,30.812,Markz Mallawi,مركز ملوى,markz-mallawi-eg2412,27.775,30.801,Menia,المنيا
Qalla,قله,29.059,30.991,Ahnasya,مركز أهناسيا,ahnasya-eg2206,29.102,30.943,Beni Suef,بنى سويف
Qallaha,قلها,29.08,30.905,Ahnasya,مركز أهناسيا,ahnasya-eg2206,29.102,30.943,Beni Suef,بنى سويف
Qalhana,قلهانة,29.229,30.838,Atsa,مركز أطسا,atsa-eg2304,29.208,30.767,Fayoum,الفيوم
Qalousna,قلوصنا,28.358,30.731,Markz Samalut,مركز سمالوط,markz-samalut-eg2408,28.285,30.629,Menia,المنيا
Quleib Abyar,قليبأبيار,30.881,30.818,Kafr Al-Zayyat,مركز كفر الزيات,kafr-al-zayyat-eg1612,30.807,30.835,Gharbia,الغربية
Quleishan,قليشان,30.846,30.694,Itay Al-Barud,مركز إيتاى البارود,itay-al-barud-eg1807,30.886,30.656,Behera,البحيرة
Qamha,قمحة,30.823,30.481,Al-Dilingat,مركز الدلنجات,al-dilingat-eg1805,30.81,30.49,Behera,البحيرة
Qamrouna,قمرونة,30.481,31.306,Minya al-Qamh,مركز منيا القمح,minya-al-qamh-eg1314,30.507,31.369,Sharkia,الشرقية
Qamn El-Arous,قمن العروس,29.279,31.167,Al Wasta,مركز الواسطى,al-wasta-eg2205,29.324,31.17,Beni Suef,بنى سويف
Qanbesh El-Hamra,قنبش الحمراء,28.993,30.976,Biba,مركز ببا,biba-eg2207,28.951,30.967,Beni Suef,بنى سويف
Qanteer,قنتير,30.788,31.862,Faqus,مركز فاقوس,faqus-eg1312,30.749,31.896,Sharkia,الشرقية
Qahbouna,قهبونة,30.773,31.93,Al-Husayniya,مركز الحسينية,al-husayniya-eg1306,30.924,32.006,Sharkia,الشرقية
Qahlet El-Gabla,قهلة الجبلة,30.495,31.492,Bilbis,مركز بلبيس,bilbis-eg1308,30.408,31.531,Sharkia,الشرقية
Qourta,قورتة,24.615,32.973,Nasr,مركز نصر,nasr-eg2805,24.373,32.932,Aswan,أسوان
Qours,قورص,30.279,31.064,Ashmun,مركز أشمون,ashmun-eg1703,30.299,31.008,Menoufia,المنوفية
Qoulengeil,قولنجيل,31.076,31.42,E Mansora 2,قسم ثان المنصورة,e-mansora-2-eg1202,31.047,31.419,Dakahlia,الدقهلية
Koumbaniya Abu Qir,قومبانيةأبوقير,31.23,30.095,Kafr Al-Dawwar,مركز كفر الدوار,kafr-al-dawwar-eg1812,31.129,30.038,Behera,البحيرة
Koumbaniya Louqin,قومبانيةلوقين,31.066,30.169,Kafr Al-Dawwar,مركز كفر الدوار,kafr-al-dawwar-eg1812,31.129,30.038,Behera,البحيرة
Qouna,قونة,31.033,30.824,Qillin,مركز قلين,qillin-eg1509,31.085,30.817,Kafr El-Shikh,كفر الشيخ
Qouweisna El-Balad,قويسنا البلد,30.565,31.164,Quwisna,مركز قويسنا,quwisna-eg1708,30.56,31.163,Menoufia,المنوفية
Katamet El-Sharqiya,كتامة الشرقية,31.149,31.425,Talkha,مركز طلخا,talkha-eg1211,31.109,31.383,Dakahlia,الدقهلية
Katamet El-Ghaba,كتامة الغابة,30.925,30.891,Basyun,مركز بسيون,basyun-eg1608,30.959,30.827,Gharbia,الغربية
Katibet El-Geish,كتيبة الجيش,30.733,32.662,"Qantara Sharq, al-",قسم القنطرة شرق,qantara-sharq-al-eg1908,30.603,32.55,Ismailia,الإسماعيلية
Kahk,كحك,29.412,30.632,Yousef El sadeq,مركز يوسف الصديق,yousef-el-sadeq-eg2307,29.353,30.586,Fayoum,الفيوم
Kahil,كحيل,31.383,31.728,Kafr Sad,مركز كفر سعد,kafr-sad-eg1104,31.359,31.603,Damietta,دمياط
Karadis,كراديس,30.698,31.425,Dyarb Nigm,مركز ديرب نجم,dyarb-nigm-eg1310,30.752,31.444,Sharkia,الشرقية
Kardasa,كرداسة,30.027,31.121,Kardasa,مركز كرداسة,kardasa-eg2120,30.051,31.134,Giza,الجيزة
Kardous,كردوس,26.934,31.421,Sidfa,مركز صدفا,sidfa-eg2511,26.943,31.38,Assiut,أسيوط
Kurdida,كرديدة,30.542,31.313,Minya al-Qamh,مركز منيا القمح,minya-al-qamh-eg1314,30.507,31.369,Sharkia,الشرقية
Karam El-Gedida,كرم الجديدة,31.041,31.584,El Mansora,مركز المنصورة,el-mansora-eg1203,31.053,31.467,Dakahlia,الدقهلية
Karam Omran,كرمعمران,26.065,32.807,Qina,مركز قنا,qina-eg2702,26.163,32.578,Qena,قنا
Karmoz Sharq,كرموز شرق,31.181,29.9,Karmuz,قسم كرموز,karmuz-eg0208,31.179,29.904,Alexandria,الاسكندرية
Karmoz Gharb,كرموز غرب,31.178,29.898,Karmuz,قسم كرموز,karmuz-eg0208,31.179,29.904,Alexandria,الاسكندرية
Kashtamanna Sharq,كشتمنةشرق,24.61,32.949,Nasr,مركز نصر,nasr-eg2805,24.373,32.932,Aswan,أسوان
Kashtamanna Gharb,كشتمنةغرب,24.615,32.939,Nasr,مركز نصر,nasr-eg2805,24.373,32.932,Aswan,أسوان
Kashuk Omeira,كشوك عميرة,31.107,27.729,Marsa Matruh,قسم مرسى مطروح,marsa-matruh-eg3301,30.022,26.997,Matrouh,مطروح
Kashik,كشيك,30.524,31.59,Abu Hammad,مركز أبو حماد,abu-hammad-eg1304,30.543,31.649,Sharkia,الشرقية
Kafr Abu Seir,كفر ابو صير,30.15,31.374,Marg,قسم المرج,marg-eg0136,30.156,31.346,Cairo,القاهرة
Kafr Abu Tabl,كفر أبو طبل,31.085,30.944,Kafr Al-Shaykh,مركز كفر الشيخ,kafr-al-shaykh-eg1502,31.2,31.016,Kafr El-Shikh,كفر الشيخ
Kafr Abu Ali,كفر أبو على,31.152,31.596,Dikirnis,مركز دكرنس,dikirnis-eg1209,31.093,31.78,Dakahlia,الدقهلية
Kafr Abu Shahata,كفر أبوشحاتة,30.556,31.403,Minya al-Qamh,مركز منيا القمح,minya-al-qamh-eg1314,30.507,31.369,Sharkia,الشرقية
Kafr Abu Shawarib,كفر أبوشوارب,30.986,31.406,El Mansora,مركز المنصورة,el-mansora-eg1203,31.053,31.467,Dakahlia,الدقهلية
Kafr El-Basha,كفر الباشا,30.166,31.386,Marg,قسم المرج,marg-eg0136,30.156,31.346,Cairo,القاهرة
Kafr El-Haj Azab,كفر الحاج عزب,30.845,31.449,Sinbillawin,مركز السنبلاوين,sinbillawin-eg1205,30.883,31.513,Dakahlia,الدقهلية
Kafr El-Khouzam,كفر الخوزام,31.076,31.324,Talkha,مركز طلخا,talkha-eg1211,31.109,31.383,Dakahlia,الدقهلية
Kafr El-Sallawi,كفر السلاوى,30.469,31.581,Bilbis,مركز بلبيس,bilbis-eg1308,30.408,31.531,Sharkia,الشرقية
Kafr El-Sawaki,كفر السواقى,30.69,31.738,Abu Kabir,مركز أبوكبير,abu-kabir-eg1305,30.733,31.69,Sharkia,الشرقية
Kafr El-Shawishiya,كفر الشاويشية,30.571,31.482,Zaqaziq,مركز الزقازيق,zaqaziq-eg1303,30.587,31.581,Sharkia,الشرقية
Kafr El-Shaheed Mostafa Hamouda,كفر الشهيد مصطفى حمودة,30.857,31.369,Sinbillawin,مركز السنبلاوين,sinbillawin-eg1205,30.883,31.513,Dakahlia,الدقهلية
Kafr El-Shorbagy,كفر الشوربجى,30.819,30.865,Kafr Al-Zayyat,مركز كفر الزيات,kafr-al-zayyat-eg1612,30.807,30.835,Gharbia,الغربية
Kafr El-Sheikh Ismail,كفر الشيخ إسماعيل,30.078,31.219,Imbaba,قسم امبابه,imbaba-eg2101,30.083,31.21,Giza,الجيزة
Kafr El-Salheen El-Bahary,كفر الصالحين البحرى,28.603,30.662,Markz Maghagha,مركز مغاغة,markz-maghagha-eg2410,28.641,30.794,Menia,المنيا
Kafr El-Tayfa,كفر الطايفة,31.094,30.979,Kafr Al-Shaykh,مركز كفر الشيخ,kafr-al-shaykh-eg1502,31.2,31.016,Kafr El-Shikh,كفر الشيخ
Kafr El-Azzawy,كفر العزاوى,30.823,31.483,Sinbillawin,مركز السنبلاوين,sinbillawin-eg1205,30.883,31.513,Dakahlia,الدقهلية
Kafr El-Fawabin,كفر الفوابين,31.325,31.776,Fariskur,مركز فارسكور,fariskur-eg1103,31.31,31.733,Damietta,دمياط
Kafr El-Marabein,كفر المرابعين,31.172,30.979,Kafr Al-Shaykh,مركز كفر الشيخ,kafr-al-shaykh-eg1502,31.2,31.016,Kafr El-Shikh,كفر الشيخ
Kafr El-Maragha,كفر المراغة,30.435,31.396,Minya al-Qamh,مركز منيا القمح,minya-al-qamh-eg1314,30.507,31.369,Sharkia,الشرقية
Kafr El-Mosaylha,كفر المصيلحة,30.537,31.001,Shibin al-Kum,قسم شبين الكوم,shibin-al-kum-eg1701,30.556,31.0,Menoufia,المنوفية
Kafr El-Monshey El-Bahary,كفر المنشى البحرى,31.172,30.911,Kafr Al-Shaykh,مركز كفر الشيخ,kafr-al-shaykh-eg1502,31.2,31.016,Kafr El-Shikh,كفر الشيخ
Kafr El-Mansoura El-Qebly,كفر المنصوره القبلى,28.083,30.746,Kesm Al-minya,قسم المنيا,kesm-al-minya-eg2401,28.095,30.744,Menia,المنيا
Kafr El-Wastany,كفر الوسطانى,31.367,31.59,Kafr Sad,مركز كفر سعد,kafr-sad-eg1104,31.359,31.603,Damietta,دمياط
Kafr Behida,كفر بهيدة,30.774,31.302,Mit Ghamr,مركز ميت غمر,mit-ghamr-eg1213,30.708,31.338,Dakahlia,الدقهلية
Kafr Torky w Kafr Tarkhan,كفر تركى وكفر طرخان,29.489,31.233,Ayat,مركز العياط,ayat-eg2112,29.564,31.25,Giza,الجيزة
Kafr Gomaa,كفر جمعة,30.544,31.486,Zaqaziq,مركز الزقازيق,zaqaziq-eg1303,30.587,31.581,Sharkia,الشرقية
Kafr Hammam,كفر حمام,30.688,30.999,Tala,مركز تلا,tala-eg1707,30.67,30.946,Menoufia,المنوفية
Kafr Dakhmis,كفر دخميس,31.134,31.061,El Mahalla El Kobra,مركز المحله الكبرى,el-mahalla-el-kobra-eg1607,31.017,31.13,Gharbia,الغربية
Kafr Dafriya,كفر دفرية,31.074,30.943,Kafr Al-Shaykh,مركز كفر الشيخ,kafr-al-shaykh-eg1502,31.2,31.016,Kafr El-Shikh,كفر الشيخ
Kafr Rushdy,كفر رشدى,30.597,31.307,Mit Ghamr,مركز ميت غمر,mit-ghamr-eg1213,30.708,31.338,Dakahlia,الدقهلية
Kafr Selim,كفر سليم,31.127,30.113,Kafr Al-Dawwar,قسم كفرالدوار,kafr-al-dawwar-eg1811,31.137,30.133,Behera,البحيرة
Kafr Soliman,كفر سليمان,30.893,30.854,Basyun,مركز بسيون,basyun-eg1608,30.959,30.827,Gharbia,الغربية
Kafr Seiger,كفر سيجر,30.778,31.013,Tanta 1,قسم أول طنطا,tanta-1-eg1601,30.795,31.014,Gharbia,الغربية
Kafr Sharaf,كفر شرف,30.788,31.316,Mit Ghamr,مركز ميت غمر,mit-ghamr-eg1213,30.708,31.338,Dakahlia,الدقهلية
Kafr Abd El-Aziz,كفر عبد العزيز,30.597,31.509,Zaqaziq 2,قسم ثان الزقازيق,zaqaziq-2-eg1302,30.601,31.519,Sharkia,الشرقية
Kafr Askar,كفر عسكر,31.137,30.966,Kafr Al-Shaykh,مركز كفر الشيخ,kafr-al-shaykh-eg1502,31.2,31.016,Kafr El-Shikh,كفر الشيخ
Kafr Matboul,كفر متبول,31.107,31.021,Kafr Al-Shaykh,مركز كفر الشيخ,kafr-al-shaykh-eg1502,31.2,31.016,Kafr El-Shikh,كفر الشيخ
Kafr Marwan w Tashmal Kafr Fanous Masoud,كفر مروان و تشمل كفر فانوس مسعود,30.591,31.329,Kafr Shukr,مركز كفر شكر,kafr-shukr-eg1411,30.554,31.275,Kalyoubia,القليوبية
Kafr Makawy,كفر مكاوى,30.622,31.37,Zaqaziq,مركز الزقازيق,zaqaziq-eg1303,30.587,31.581,Sharkia,الشرقية
Kafr Manaqer,كفر مناقر,30.478,31.196,Banha,قسم بنها,banha-eg1401,30.466,31.19,Kalyoubia,القليوبية
Kafr Mit Ghorab,كفر ميت غراب,30.91,31.405,Sinbillawin,مركز السنبلاوين,sinbillawin-eg1205,30.883,31.513,Dakahlia,الدقهلية
Kafr El-Zaafarany,كفر الزعفراني,29.269,30.791,Atsa,مركز أطسا,atsa-eg2304,29.208,30.767,Fayoum,الفيوم
Kafr Abaza,كفرأباظة,30.5,31.574,Zaqaziq,مركز الزقازيق,zaqaziq-eg1303,30.587,31.581,Sharkia,الشرقية
Kafr Abgig,كفرأبجيج,29.317,31.166,Al Wasta,مركز الواسطى,al-wasta-eg2205,29.324,31.17,Beni Suef,بنى سويف
Kafr Abrash,كفرأبراش,30.402,31.369,Mashtul Al-Suq,مركز مشتول السوق,mashtul-al-suq-eg1316,30.361,31.383,Sharkia,الشرقية
Kafr Ibrahim,كفر ابراهيم,31.122,30.66,Disuq,مركز دسوق,disuq-eg1506,31.15,30.72,Kafr El-Shikh,كفر الشيخ
Kafr Ibrahim El-Aidy,كفرابراهيم العايدي,30.45,31.576,Bilbis,مركز بلبيس,bilbis-eg1308,30.408,31.531,Sharkia,الشرقية
Kafr Ibrahim Bishara,كفرابراهيمبشارة,30.724,31.764,Faqus,مركز فاقوس,faqus-eg1312,30.749,31.896,Sharkia,الشرقية
Kafr Ibrahim Youssef,كفر ابراهيم يوسف,30.692,31.354,Mit Ghamr,مركز ميت غمر,mit-ghamr-eg1213,30.708,31.338,Dakahlia,الدقهلية
Kafr Abry,كفرأبري,30.702,31.176,Zifta,مركز زفتى,zifta-eg1609,30.728,31.215,Gharbia,الغربية
Kafr Abshish,كفرأبشيش,30.487,31.085,Quwisna,مركز قويسنا,quwisna-eg1708,30.56,31.163,Menoufia,المنوفية
Kafr Abnahas,كفرأبنهس,30.575,31.138,Quwisna,مركز قويسنا,quwisna-eg1708,30.56,31.163,Menoufia,المنوفية
Kafr Abu El-Hadid,كفرأب والحديد,30.327,30.907,Imbaba,مركز إمبابة,imbaba-eg2113,30.22,30.963,Giza,الجيزة
Kafr Abu El-Hassan,كفرأب والحسن,30.568,31.087,Quwisna,مركز قويسنا,quwisna-eg1708,30.56,31.163,Menoufia,المنوفية
Kafr Abu El-Deeb,كفرأب والديب,30.74,31.611,El-Ibrahimiya,مركز الأبراهيمية,el-ibrahimiya-eg1317,30.732,31.564,Sharkia,الشرقية
Kafr Abu El-Enein,كفرأب والعنين,30.616,31.293,Mit Ghamr,مركز ميت غمر,mit-ghamr-eg1213,30.708,31.338,Dakahlia,الدقهلية
Kafr Abu El-Oudein,كفرأب والعودين,28.517,30.651,Markz Bani Mazar,مركز بنى مزار,markz-bani-mazar-eg2406,28.518,30.731,Menia,المنيا
Kafr Abu Bary,كفرأبوبري,30.813,31.44,Dyarb Nigm,مركز ديرب نجم,dyarb-nigm-eg1310,30.752,31.444,Sharkia,الشرقية
Kafr Abu Gabal,كفر أبو جبل,30.592,31.609,Zaqaziq,مركز الزقازيق,zaqaziq-eg1303,30.587,31.581,Sharkia,الشرقية
Kafr Abu Gomaa,كفر أبو جمعة,30.204,31.223,Qalyub,مركز قليوب,qalyub-eg1410,30.207,31.214,Kalyoubia,القليوبية
Kafr Abu Gendy,كفرأبوجندي,30.914,30.941,Qutur,مركز قطور,qutur-eg1611,30.971,30.97,Gharbia,الغربية
Kafr Abu Hatab,كفر أبو حطب,30.699,31.593,Hihya,مركز ههيا,hihya-eg1315,30.652,31.617,Sharkia,الشرقية
Kafr Abu Dawoud,كفر أبو داود,30.747,31.028,Tanta,مركز طنطا,tanta-eg1603,30.809,30.932,Gharbia,الغربية
Kafr Abu Daqn,كفرأبودقن,30.422,31.342,Minya al-Qamh,مركز منيا القمح,minya-al-qamh-eg1314,30.507,31.369,Sharkia,الشرقية
Kafr Abu Zekry,كفرأبوذكري,31.138,31.694,Minya Al-Nasr,مركز منية النصر,minya-al-nasr-eg1214,31.154,31.707,Dakahlia,الدقهلية
Kafr Abu Zekry,كفرأبوذكري,30.465,31.159,Banha,مركز بنها,banha-eg1402,30.443,31.248,Kalyoubia,القليوبية
Kafr Abu Raqaba,كفرأبورقبة,30.271,31.041,Ashmun,مركز أشمون,ashmun-eg1703,30.299,31.008,Menoufia,المنوفية
Kafr Abu Zaher w Azabha,كفرأبوزاهروعزبها,31.289,31.528,Shirbin,مركز شربين,shirbin-eg1210,31.261,31.576,Dakahlia,الدقهلية
Kafr Abu Zahra,كفرأبوزهرة,30.462,31.257,Banha,مركز بنها,banha-eg1402,30.443,31.248,Kalyoubia,القليوبية
Kafr Abu Ziyada,كفرأبوزيادة,31.198,30.791,Disuq,مركز دسوق,disuq-eg1506,31.15,30.72,Kafr El-Shikh,كفر الشيخ
Kafr Abu Saad,كفر أبو سعد,31.337,31.633,Kafr Sad,مركز كفر سعد,kafr-sad-eg1104,31.359,31.603,Damietta,دمياط
Kafr Abu Sharabiya,كفرأبوشرابية,30.793,31.608,Kafr Saqr,مركز كفر صقر,kafr-saqr-eg1313,30.837,31.675,Sharkia,الشرقية
Kafr Abu Shahba,كفرأبوشهبة,29.039,30.964,Ahnasya,مركز أهناسيا,ahnasya-eg2206,29.102,30.943,Beni Suef,بنى سويف
Kafr Abu Matna,كفرأبومتنا,30.724,31.411,Dyarb Nigm,مركز ديرب نجم,dyarb-nigm-eg1310,30.752,31.444,Sharkia,الشرقية
Kafr Abu Mahmoud,كفرأبومحمود,30.285,31.05,Ashmun,مركز أشمون,ashmun-eg1703,30.299,31.008,Menoufia,المنوفية
Kafr Abu Moslem,كفرأبومسلم,30.486,31.604,Abu Hammad,مركز أبو حماد,abu-hammad-eg1304,30.543,31.649,Sharkia,الشرقية
Kafr Abu Mandour,كفرأبومندور,30.842,30.637,Itay Al-Barud,مركز إيتاى البارود,itay-al-barud-eg1807,30.886,30.656,Behera,البحيرة
Kafr Abu Nasser,كفر أبو ناصر,31.13,31.572,Dikirnis,مركز دكرنس,dikirnis-eg1209,31.093,31.78,Dakahlia,الدقهلية
Kafr Abu Nabhan,كفرأبونبهان,30.747,31.267,Mit Ghamr,مركز ميت غمر,mit-ghamr-eg1213,30.708,31.338,Dakahlia,الدقهلية
Kafr Abu Nagah,كفرأبونجاح,30.604,31.349,Zaqaziq,مركز الزقازيق,zaqaziq-eg1303,30.587,31.581,Sharkia,الشرقية
Kafr Abu Nagm,كفر أبو نجم,30.548,31.744,Abu Hammad,مركز أبو حماد,abu-hammad-eg1304,30.543,31.649,Sharkia,الشرقية
Kafr Ahmed Barham,كفرأحمدبرهام,30.606,31.61,Zaqaziq,مركز الزقازيق,zaqaziq-eg1303,30.587,31.581,Sharkia,الشرقية
Kafr Ahmed Gabran,كفرأحمدجبران,30.557,31.441,Zaqaziq,مركز الزقازيق,zaqaziq-eg1303,30.587,31.581,Sharkia,الشرقية
Kafr Ahmed Saleh,كفر أحمد صالح,30.643,31.505,Zaqaziq,مركز الزقازيق,zaqaziq-eg1303,30.587,31.581,Sharkia,الشرقية
Kafr Akhsha,كفرأخشا,30.746,30.853,Kafr Al-Zayyat,مركز كفر الزيات,kafr-al-zayyat-eg1612,30.807,30.835,Gharbia,الغربية
Kafr Ismail,كفراسماعيل,30.645,31.215,Zifta,مركز زفتى,zifta-eg1609,30.728,31.215,Gharbia,الغربية
Kafr Ashlim,كفراشليم,30.51,31.133,Quwisna,مركز قويسنا,quwisna-eg1708,30.56,31.163,Menoufia,المنوفية
Kafr Akyad,كفرأكياد,30.459,31.497,Bilbis,مركز بلبيس,bilbis-eg1308,30.408,31.531,Sharkia,الشرقية
Kafr El-Abhar,كفر الأبحر,31.132,31.252,Nebro,مركز نبروة,nebro-eg1221,31.129,31.297,Dakahlia,الدقهلية
Kafr El-Arbaeen,كفر الأربعين,30.496,31.227,Banha,مركز بنها,banha-eg1402,30.443,31.248,Kalyoubia,القليوبية
Kafr El-Ashraf,كفر الأشراف,30.623,31.436,Zaqaziq,مركز الزقازيق,zaqaziq-eg1303,30.587,31.581,Sharkia,الشرقية
Kafr El-Ashqar,كفر الأشقر,30.739,30.885,Kafr Al-Zayyat,مركز كفر الزيات,kafr-al-zayyat-eg1612,30.807,30.835,Gharbia,الغربية
Kafr El-Ashqam,كفر الأشقم,30.848,31.76,Faqus,مركز فاقوس,faqus-eg1312,30.749,31.896,Sharkia,الشرقية
Kafr El-Atrash,كفر الأطرش,31.306,31.52,Shirbin,مركز شربين,shirbin-eg1210,31.261,31.576,Dakahlia,الدقهلية
Kafr El-Akram,كفر الاكرم,30.588,31.158,Quwisna,مركز قويسنا,quwisna-eg1708,30.56,31.163,Menoufia,المنوفية
Kafr El-Amshouty,كفر الأمشوطي,30.96,31.448,El Mansora,مركز المنصورة,el-mansora-eg1203,31.053,31.467,Dakahlia,الدقهلية
Kafr El-Amir Abdallah,كفر الأمير عبدالله,30.947,31.518,Tamy Al-Amdid,مركز تمى الأمديد,tamy-al-amdid-eg1216,30.947,31.594,Dakahlia,الدقهلية
Kafr El-Baga,كفر الباجة,30.776,30.784,Kafr Al-Zayyat,مركز كفر الزيات,kafr-al-zayyat-eg1612,30.807,30.835,Gharbia,الغربية
Kafr El-Bagour,كفر الباجور,30.422,31.025,Al-Bagur,مركز الباجور,al-bagur-eg1704,30.413,31.032,Menoufia,المنوفية
Kafr El-Baz,كفر الباز,31.106,31.508,Dikirnis,مركز دكرنس,dikirnis-eg1209,31.093,31.78,Dakahlia,الدقهلية
Kafr El-Basha,كفر الباشا,30.69,31.457,Dyarb Nigm,مركز ديرب نجم,dyarb-nigm-eg1310,30.752,31.444,Sharkia,الشرقية
Kafr El-Batanoun,كفر البتانون,30.604,30.976,Shibin al-Kum,مركز شبين الكوم,shibin-al-kum-eg1702,30.561,30.954,Menoufia,المنوفية
Kafr El-Baramoun,كفر البرامون,31.141,31.463,El Mansora,مركز المنصورة,el-mansora-eg1203,31.053,31.467,Dakahlia,الدقهلية
Kafr El-Bastawisy,كفر البسطويسي,31.126,31.111,El Mahalla El Kobra,مركز المحله الكبرى,el-mahalla-el-kobra-eg1607,31.017,31.13,Gharbia,الغربية
Kafr El-Ter'a El-Gedida,كفر الترعة الجديدة,31.264,31.612,Shirbin,مركز شربين,shirbin-eg1210,31.261,31.576,Dakahlia,الدقهلية
Kafr El-Ter'a El-Qadim,كفر الترعة القديم,31.255,31.582,Shirbin,مركز شربين,shirbin-eg1210,31.261,31.576,Dakahlia,الدقهلية
Kafr El-Taabaniya,كفر التعبانية,30.986,31.281,Samannud,مركز سمنود,samannud-eg1610,30.95,31.221,Gharbia,الغربية
Kafr El-Garaya,كفر الجراية,30.57,31.423,Zaqaziq,مركز الزقازيق,zaqaziq-eg1303,30.587,31.581,Sharkia,الشرقية
Kafr El-Garaida,كفر الجرايدة,31.327,31.25,Biyalu,مركز بيلا,biyalu-eg1504,31.32,31.248,Kafr El-Shikh,كفر الشيخ
Kafr El-Gazzar,كفر الجزار,30.485,31.167,Banha,مركز بنها,banha-eg1402,30.443,31.248,Kalyoubia,القليوبية
Kafr El-Gazaer,كفر الجزائر,31.086,30.78,Qillin,مركز قلين,qillin-eg1509,31.085,30.817,Kafr El-Shikh,كفر الشيخ
Kafr El-Gezira,كفر الجزيرة,30.81,31.171,Zifta,مركز زفتى,zifta-eg1609,30.728,31.215,Gharbia,الغربية
Kafr El-Gezira,كفر الجزيرة,29.212,31.202,Nasir,مركز ناصر,nasir-eg2209,29.187,31.078,Beni Suef,بنى سويف
Kafr El-Galayta,كفر الجلايطة,30.564,30.895,Al-Shuhada,مركز الشهداء,al-shuhada-eg1705,30.601,30.87,Menoufia,المنوفية
Kafr El-Galayla,كفر الجلايلة,30.716,31.541,El-Ibrahimiya,مركز الأبراهيمية,el-ibrahimiya-eg1317,30.732,31.564,Sharkia,الشرقية
Kafr El-Gamal,كفر الجم ال,30.33,31.191,Tukh,مركز طوخ,tukh-eg1408,30.344,31.19,Kalyoubia,القليوبية
Kafr El-Gamala,كفر الجم الة,30.619,30.889,Al-Shuhada,مركز الشهداء,al-shuhada-eg1705,30.601,30.87,Menoufia,المنوفية
Kafr El-Gendy,كفر الجنيدي,30.699,31.206,Zifta,مركز زفتى,zifta-eg1609,30.728,31.215,Gharbia,الغربية
Kafr El-Ganeina El-Bahary,كفر الجنينة البحري,31.09,31.328,Nebro,مركز نبروة,nebro-eg1221,31.129,31.297,Dakahlia,الدقهلية
Kafr El-Ganeina El-Qebly,كفر الجنينة القبلي,31.006,31.187,El Mahalla El Kobra,مركز المحله الكبرى,el-mahalla-el-kobra-eg1607,31.017,31.13,Gharbia,الغربية
Kafr El-Gohary,كفر الجوهري,30.673,31.331,Mit Ghamr,مركز ميت غمر,mit-ghamr-eg1213,30.708,31.338,Dakahlia,الدقهلية
Kafr El-Haj Hassan,كفر الحاج حسن,30.786,31.497,Dyarb Nigm,مركز ديرب نجم,dyarb-nigm-eg1310,30.752,31.444,Sharkia,الشرقية
Kafr El-Haj Dawoud,كفر الحاج داود,30.682,31.114,Santa,مركز السنطة,santa-eg1604,30.773,31.119,Gharbia,الغربية
Kafr El-Haj Sherbiny,كفر الحاجشربيني,31.293,31.495,Shirbin,مركز شربين,shirbin-eg1210,31.261,31.576,Dakahlia,الدقهلية
Kafr El-Haj Omar,كفر الحاج عمر,30.725,31.84,Faqus,مركز فاقوس,faqus-eg1312,30.749,31.896,Sharkia,الشرقية
Kafr El-Haga,كفر الحاجة,30.945,30.61,Itay Al-Barud,مركز إيتاى البارود,itay-al-barud-eg1807,30.886,30.656,Behera,البحيرة
Kafr El-Hareth,كفر الحارث,30.189,31.18,Qanatir Al-Khayriyya,مركز القناطر الخيرية,qanatir-al-khayriyya-eg1404,30.214,31.135,Kalyoubia,القليوبية
Kafr El-Hegazy,كفر الحجازي,30.633,31.38,Mit Ghamr,مركز ميت غمر,mit-ghamr-eg1213,30.708,31.338,Dakahlia,الدقهلية
Kafr El-Hadadeen,كفر الحدادين,30.367,31.212,Tukh,مركز طوخ,tukh-eg1408,30.344,31.19,Kalyoubia,القليوبية
Kafr El-Hadidy,كفر الحديدي,30.869,31.671,Kafr Saqr,مركز كفر صقر,kafr-saqr-eg1313,30.837,31.675,Sharkia,الشرقية
Kafr El-Hassafa,كفر الحصافة,30.318,31.256,Tukh,مركز طوخ,tukh-eg1408,30.344,31.19,Kalyoubia,القليوبية
Kafr El-Hessa,كفر الحصة,31.076,31.295,Nebro,مركز نبروة,nebro-eg1221,31.129,31.297,Dakahlia,الدقهلية
Kafr El-Hessa,كفر الحصة,30.406,31.195,Banha,مركز بنها,banha-eg1402,30.443,31.248,Kalyoubia,القليوبية
Kafr El-Hassr,كفر الحصر,30.605,31.515,Zaqaziq,مركز الزقازيق,zaqaziq-eg1303,30.587,31.581,Sharkia,الشرقية
Kafr El-Hataba,كفر الحطبة,31.188,31.489,Shirbin,مركز شربين,shirbin-eg1210,31.261,31.576,Dakahlia,الدقهلية
Kafr El-Halaby,كفر الحلبي,30.641,31.412,Zaqaziq,مركز الزقازيق,zaqaziq-eg1303,30.587,31.581,Sharkia,الشرقية
Kafr El-Hama,كفر الحما,30.807,30.973,Tanta,مركز طنطا,tanta-eg1603,30.809,30.932,Gharbia,الغربية
Kafr El-Hama,كفر الحما,30.293,31.081,Ashmun,مركز أشمون,ashmun-eg1703,30.299,31.008,Menoufia,المنوفية
Kafr El-Hamadiya,كفر الحمادية,30.665,31.097,Birkat Al-Sab,مركز بركة السبع,birkat-al-sab-eg1706,30.651,31.108,Menoufia,المنوفية
Kafr El-Hammam,كفر الحمام,30.632,31.522,Zaqaziq,مركز الزقازيق,zaqaziq-eg1303,30.587,31.581,Sharkia,الشرقية
Kafr El-Hammam,كفر الحمام,30.442,31.245,Banha,مركز بنها,banha-eg1402,30.443,31.248,Kalyoubia,القليوبية
Kafr El-Hammam,كفر الحمام,30.974,30.797,Basyun,مركز بسيون,basyun-eg1608,30.959,30.827,Gharbia,الغربية
Kafr El-Hamayda,كفر الحمايدة,31.098,30.443,Damanhur,مركز دمنهور,damanhur-eg1802,31.032,30.527,Behera,البحيرة
Kafr El-Hamrawy,كفر الحمراوي,31.095,30.934,Kafr Al-Shaykh,مركز كفر الشيخ,kafr-al-shaykh-eg1502,31.2,31.016,Kafr El-Shikh,كفر الشيخ
Kafr El-Khadra,كفر الخضرة,30.382,31.026,Al-Bagur,مركز الباجور,al-bagur-eg1704,30.413,31.032,Menoufia,المنوفية
Kafr El-Khodeiry,كفر الخضيري,30.693,31.576,Hihya,مركز ههيا,hihya-eg1315,30.652,31.617,Sharkia,الشرقية
Kafr El-Kheir,كفر الخير,31.056,30.758,Disuq,مركز دسوق,disuq-eg1506,31.15,30.72,Kafr El-Shikh,كفر الشيخ
Kafr El-Dabbousy,كفر الدبوسي,31.184,31.501,Shirbin,مركز شربين,shirbin-eg1210,31.261,31.576,Dakahlia,الدقهلية
Kafr El-Daghayda,كفر الدغايدة,30.732,31.185,Zifta,مركز زفتى,zifta-eg1609,30.728,31.215,Gharbia,الغربية
Kafr El-Dafrawy,كفر الدفراوي,31.067,30.683,Shubra Khit,مركز شبراخيت,shubra-khit-eg1810,31.003,30.679,Behera,البحيرة
Kafr El-Dakroury,كفر الدكروري,31.077,31.269,Nebro,مركز نبروة,nebro-eg1221,31.129,31.297,Dakahlia,الدقهلية
Kafr El-Dawwar,كفر الدوار,31.009,30.762,Basyun,مركز بسيون,basyun-eg1608,30.959,30.827,Gharbia,الغربية
Kafr El-Dawwar,كفر الدوار,30.373,31.086,Al-Bagur,مركز الباجور,al-bagur-eg1704,30.413,31.032,Menoufia,المنوفية
Kafr El-Deeb,كفر الديب,30.753,31.191,Zifta,مركز زفتى,zifta-eg1609,30.728,31.215,Gharbia,الغربية
Kafr El-Deir,كفر الدير,30.583,31.384,Minya al-Qamh,مركز منيا القمح,minya-al-qamh-eg1314,30.507,31.369,Sharkia,الشرقية
Kafr El-Deir,كفر الدير,30.317,31.285,Shibin al-Qanatir,مركز شبين القناطر,shibin-al-qanatir-eg1405,30.296,31.307,Kalyoubia,القليوبية
Kafr El-Ragalat,كفر الرج الات,30.344,31.103,Tukh,مركز طوخ,tukh-eg1408,30.344,31.19,Kalyoubia,القليوبية
Kafr El-Rahmaniya,كفر الرحمانية,31.157,30.525,Al-Mahmudiyya,مركز المحمودية,al-mahmudiyya-eg1806,31.197,30.488,Behera,البحيرة
Kafr El-Rifaey,كفر الرفاعي,29.719,31.262,Ayat,مركز العياط,ayat-eg2112,29.564,31.25,Giza,الجيزة
Kafr El-Rouk,كفر الروك,30.831,31.411,Sinbillawin,مركز السنبلاوين,sinbillawin-eg1205,30.883,31.513,Dakahlia,الدقهلية
Kafr El-Zaqaziq El-Qebly,كفر الزقازيق القبلي,30.415,31.316,Minya al-Qamh,مركز منيا القمح,minya-al-qamh-eg1314,30.507,31.369,Sharkia,الشرقية
Kafr El-Zahaira,كفر الزهايرة,31.155,31.559,Dikirnis,مركز دكرنس,dikirnis-eg1209,31.093,31.78,Dakahlia,الدقهلية
Kafr El-Zeitoun,كفر الزيتون,30.643,31.226,Zifta,مركز زفتى,zifta-eg1609,30.728,31.215,Gharbia,الغربية
Kafr El-Saby,كفر السابي,30.986,30.592,Shubra Khit,مركز شبراخيت,shubra-khit-eg1810,31.003,30.679,Behera,البحيرة
Kafr El-Sahel,كفر الساحل,30.763,30.955,Tanta,مركز طنطا,tanta-eg1603,30.809,30.932,Gharbia,الغربية
Kafr El-Sadat,كفر السادات,30.677,30.906,Tala,مركز تلا,tala-eg1707,30.67,30.946,Menoufia,المنوفية
Kafr El-Soheimya,كفر السحيمية,30.807,31.162,Zifta,مركز زفتى,zifta-eg1609,30.728,31.215,Gharbia,الغربية
Kafr El-Satouhiya,كفر السطوحية,30.676,31.465,Zaqaziq,مركز الزقازيق,zaqaziq-eg1303,30.587,31.581,Sharkia,الشرقية
Kafr El-Saqa,كفر السقا,30.824,30.64,Itay Al-Barud,مركز إيتاى البارود,itay-al-barud-eg1807,30.886,30.656,Behera,البحيرة
Kafr El-Sukkariya,كفر السكرية,30.655,31.015,Tala,مركز تلا,tala-eg1707,30.67,30.946,Menoufia,المنوفية
Kafr El-Salamiya,كفر السلامية,30.504,31.125,Quwisna,مركز قويسنا,quwisna-eg1708,30.56,31.163,Menoufia,المنوفية
Kafr El-Sanabsa w Azabto,كفر السنابسةوعزبته,30.448,30.904,Minuf,مركز منوف,minuf-eg1709,30.46,30.881,Menoufia,المنوفية
Kafr El-Sanadiya,كفر السنادية,30.791,31.199,Zifta,مركز زفتى,zifta-eg1609,30.728,31.215,Gharbia,الغربية
Kafr El-Sawalmeya,كفر الس والمية,30.626,30.863,Al-Shuhada,مركز الشهداء,al-shuhada-eg1705,30.601,30.87,Menoufia,المنوفية
Kafr El-Soudan,كفر السودان,31.193,30.638,Disuq,مركز دسوق,disuq-eg1506,31.15,30.72,Kafr El-Shikh,كفر الشيخ
Kafr El-Sayed,كفر السيد,30.325,30.977,Ashmun,مركز أشمون,ashmun-eg1703,30.299,31.008,Menoufia,المنوفية
Kafr El-Shebaa,كفر الشبع,30.641,30.844,Al-Shuhada,مركز الشهداء,al-shuhada-eg1705,30.601,30.87,Menoufia,المنوفية
Kafr El-Sharabiya,كفر الشرابية,30.393,31.336,Mashtul Al-Suq,مركز مشتول السوق,mashtul-al-suq-eg1316,30.361,31.383,Sharkia,الشرقية
Kafr El-Sharaqwa,كفر الشراقوة,30.686,31.303,Mit Ghamr,مركز ميت غمر,mit-ghamr-eg1213,30.708,31.338,Dakahlia,الدقهلية
Kafr El-Sharaqwa,كفر الشراقوة,30.876,31.17,Samannud,مركز سمنود,samannud-eg1610,30.95,31.221,Gharbia,الغربية
Kafr El-Sharaqwa El-Saneita,كفر الشراقوة السنيطة,30.901,31.286,Aga,مركز أجا,aga-eg1204,30.895,31.313,Dakahlia,الدقهلية
Kafr El-Sharfa,كفر الشرفا,30.146,31.343,Marg,قسم المرج,marg-eg0136,30.156,31.346,Cairo,القاهرة
Kafr El-Sharfa,كفر الشرفا,30.857,31.52,Sinbillawin,مركز السنبلاوين,sinbillawin-eg1205,30.883,31.513,Dakahlia,الدقهلية
Kafr El-Sharfa El-Bahary,كفر الشرفا البحري,30.759,31.527,El-Ibrahimiya,مركز الأبراهيمية,el-ibrahimiya-eg1317,30.732,31.564,Sharkia,الشرقية
Kafr El-Sharfa El-Sharqy,كفر الشرفا الشرقي,30.762,30.913,Tanta,مركز طنطا,tanta-eg1603,30.809,30.932,Gharbia,الغربية
Kafr El-Sharfa El-Gharby,كفر الشرفا الغربي,30.22,31.127,Qanatir Al-Khayriyya,مركز القناطر الخيرية,qanatir-al-khayriyya-eg1404,30.214,31.135,Kalyoubia,القليوبية
Kafr El-Sharfa El-Gharby,كفر الشرفا الغربي,30.723,30.855,Tala,مركز تلا,tala-eg1707,30.67,30.946,Menoufia,المنوفية
Kafr El-Sharfa El-Qebly,كفر الشرفا القبلي,30.364,31.348,Shibin al-Qanatir,مركز شبين القناطر,shibin-al-qanatir-eg1405,30.296,31.307,Kalyoubia,القليوبية
Kafr El-Sha'awra,كفر الشعاورة,30.449,31.301,Minya al-Qamh,مركز منيا القمح,minya-al-qamh-eg1314,30.507,31.369,Sharkia,الشرقية
Kafr El-Shamout,كفر الشموت,30.437,31.229,Banha,مركز بنها,banha-eg1402,30.443,31.248,Kalyoubia,القليوبية
Kafr al-Shinawi,كفر الشناوي,31.281,31.711,Fariskur,مركز فارسكور,fariskur-eg1103,31.31,31.733,Damietta,دمياط
Kafr al-Shenhab,كفر الشنهاب,31.002,31.313,El Mansora,مركز المنصورة,el-mansora-eg1203,31.053,31.467,Dakahlia,الدقهلية
Kafr al-Shahawi Khatir,كفر الشهاويخاطر,30.526,31.266,Kafr Shukr,مركز كفر شكر,kafr-shukr-eg1411,30.554,31.275,Kalyoubia,القليوبية
Kafr al-Shahid,كفر الشهيد,30.629,31.326,Mit Ghamr,مركز ميت غمر,mit-ghamr-eg1213,30.708,31.338,Dakahlia,الدقهلية
Kafr al-Shawafin,كفر الشوافين,30.971,31.721,Awlad Saqr,مركز أولاد صقر,awlad-saqr-eg1319,30.969,31.777,Sharkia,الشرقية
Kafr al-Shawam,كفر الشوام,30.072,31.215,Imbaba,قسم امبابه,imbaba-eg2101,30.083,31.21,Giza,الجيزة
Kafr al-Shobak,كفر الشوبك,30.292,31.332,Shibin al-Qanatir,مركز شبين القناطر,shibin-al-qanatir-eg1405,30.296,31.307,Kalyoubia,القليوبية
Kafr al-Sheikh,كفر الشيخ,30.613,31.306,Mit Ghamr,مركز ميت غمر,mit-ghamr-eg1213,30.708,31.338,Dakahlia,الدقهلية
Kafr al-Sheikh Ibrahim,كفر الشيخ ابراهيم,30.438,31.258,Banha,مركز بنها,banha-eg1402,30.443,31.248,Kalyoubia,القليوبية
Kafr al-Sheikh Ibrahim,كفر الشيخ ابراهيم,30.534,31.152,Quwisna,مركز قويسنا,quwisna-eg1708,30.56,31.163,Menoufia,المنوفية
Kafr al-Sheikh Ibrahim,كفر الشيخ ابراهيم,28.473,30.83,Markz Bani Mazar,مركز بنى مزار,markz-bani-mazar-eg2406,28.518,30.731,Menia,المنيا
Kafr al-Sheikh al-Zawahiri,كفر الشيخ الظواهري,30.687,31.513,Hihya,مركز ههيا,hihya-eg1315,30.652,31.617,Sharkia,الشرقية
Kafr al-Sheikh Hassan,كفر الشيخ حسن,31.167,30.587,Al-Rahmaniyya,مركز الرحمانية,al-rahmaniyya-eg1815,31.106,30.584,Behera,البحيرة
Kafr al-Sheikh Khalifa,كفر الشيخخليفة,30.508,31.414,Minya al-Qamh,مركز منيا القمح,minya-al-qamh-eg1314,30.507,31.369,Sharkia,الشرقية
Kafr al-Sheikh Khalil,كفر الشيخخليل,30.595,30.971,Shibin al-Kum,مركز شبين الكوم,shibin-al-kum-eg1702,30.561,30.954,Menoufia,المنوفية
Kafr al-Sheikh Dawoud,كفر الشيخ داود,30.753,31.545,El-Ibrahimiya,مركز الأبراهيمية,el-ibrahimiya-eg1317,30.732,31.564,Sharkia,الشرقية
Kafr al-Sheikh Salim,كفر الشيخ سليم,30.736,30.971,Tanta,مركز طنطا,tanta-eg1603,30.809,30.932,Gharbia,الغربية
Kafr al-Sheikh Shahata,كفر الشيخشحاتة,30.727,30.915,Tala,مركز تلا,tala-eg1707,30.67,30.946,Menoufia,المنوفية
Kafr al-Sheikh To'eima,كفر الشيخطعيمة,30.639,31.165,Birkat Al-Sab,مركز بركة السبع,birkat-al-sab-eg1706,30.651,31.108,Menoufia,المنوفية
Kafr al-Sheikh Abed,كفر الشيخعابد,28.922,30.825,Sumusta,مركز سمسطا,sumusta-eg2208,28.951,30.866,Beni Suef,بنى سويف
Kafr al-Sheikh Atiya,كفر الشيخ عطية,31.202,31.602,Shirbin,مركز شربين,shirbin-eg1210,31.261,31.576,Dakahlia,الدقهلية
Kafr al-Sheikh Eissa,كفر الشيخعيسي,30.48,31.565,Bilbis,مركز بلبيس,bilbis-eg1308,30.408,31.531,Sharkia,الشرقية
Kafr al-Sheikh Makhlouf,كفر الشيخمخلوف,30.884,30.692,Itay Al-Barud,مركز إيتاى البارود,itay-al-barud-eg1807,30.886,30.656,Behera,البحيرة
Kafr al-Sheikh Meftah,كفر الشيخ مفتاح,30.726,31.063,Santa,مركز السنطة,santa-eg1604,30.773,31.119,Gharbia,الغربية
Kafr al-Sheikh Moussa Omran,كفر الشيخموسيعمران,30.595,31.626,Zaqaziq,مركز الزقازيق,zaqaziq-eg1303,30.587,31.581,Sharkia,الشرقية
Kafr al-Sheikha Salma,كفر الشيخةس المة,30.394,31.299,Shibin al-Qanatir,مركز شبين القناطر,shibin-al-qanatir-eg1405,30.296,31.307,Kalyoubia,القليوبية
Kafr al-Sarem al-Bahari,كفر الصارم البحري,31.0,31.239,Samannud,مركز سمنود,samannud-eg1610,30.95,31.221,Gharbia,الغربية
Kafr al-Sarem al-Qibli,كفر الصارم القبلي,30.633,31.24,Zifta,مركز زفتى,zifta-eg1609,30.728,31.215,Gharbia,الغربية
Kafr al-Sa'ayda,كفر الصعايدة,30.566,31.302,Minya al-Qamh,مركز منيا القمح,minya-al-qamh-eg1314,30.507,31.369,Sharkia,الشرقية
Kafr al-Salahat,كفر الصلاحات,30.995,31.626,Bany Abeed,مركز بنى عبيد,bany-abeed-eg1218,31.024,31.648,Dakahlia,الدقهلية
Kafr al-Sanadidi,كفر الصناديدي,31.051,30.666,Shubra Khit,مركز شبراخيت,shubra-khit-eg1810,31.003,30.679,Behera,البحيرة
Kafr al-Sohbi,كفر الصهبي,30.392,31.32,Shibin al-Qanatir,مركز شبين القناطر,shibin-al-qanatir-eg1405,30.296,31.307,Kalyoubia,القليوبية
Kafr al-Daba'i,كفر الضبعي,29.708,31.264,Ayat,مركز العياط,ayat-eg2112,29.564,31.25,Giza,الجيزة
Kafr al-Tarayna,كفر الطراينة,30.348,30.87,Ashmun,مركز أشمون,ashmun-eg1703,30.299,31.008,Menoufia,المنوفية
Kafr al-Tawila,كفر الطويلة,31.129,31.432,Talkha,مركز طلخا,talkha-eg1211,31.109,31.383,Dakahlia,الدقهلية
Kafr al-Amra,كفر العامرة,30.494,30.994,Minuf,مركز منوف,minuf-eg1709,30.46,30.881,Menoufia,المنوفية
Kafr al-A'ayed,كفر العايد,30.679,31.523,Hihya,مركز ههيا,hihya-eg1315,30.652,31.617,Sharkia,الشرقية
Kafr al-Abayda,كفر العبايدة,30.996,31.114,El Mahalla El Kobra,مركز المحله الكبرى,el-mahalla-el-kobra-eg1607,31.017,31.13,Gharbia,الغربية
Kafr al-Agayza,كفر العجايزة,30.5,31.068,Shibin al-Kum,مركز شبين الكوم,shibin-al-kum-eg1702,30.561,30.954,Menoufia,المنوفية
Kafr al-Agami,كفر العجمي,31.173,31.257,Biyalu,مركز بيلا,biyalu-eg1504,31.32,31.248,Kafr El-Shikh,كفر الشيخ
Kafr al-Iraqi,كفر العراقي,30.874,30.935,Tanta,مركز طنطا,tanta-eg1603,30.809,30.932,Gharbia,الغربية
Kafr al-Arab,كفر العرب,31.301,31.706,Fariskur,مركز فارسكور,fariskur-eg1103,31.31,31.733,Damietta,دمياط
Kafr al-Arab,كفر العرب,31.033,31.31,Talkha,مركز طلخا,talkha-eg1211,31.109,31.383,Dakahlia,الدقهلية
Kafr al-Arab,كفر العرب,30.503,31.495,Bilbis,مركز بلبيس,bilbis-eg1308,30.408,31.531,Sharkia,الشرقية
Kafr al-Arab,كفر العرب,30.412,31.229,Banha,مركز بنها,banha-eg1402,30.443,31.248,Kalyoubia,القليوبية
Kafr al-Arab,كفر العرب,31.149,30.687,Disuq,مركز دسوق,disuq-eg1506,31.15,30.72,Kafr El-Shikh,كفر الشيخ
Kafr al-Arab,كفر العرب,30.814,31.194,Zifta,مركز زفتى,zifta-eg1609,30.728,31.215,Gharbia,الغربية
Kafr al-Arab,كفر العرب,30.873,30.866,Kafr Al-Zayyat,مركز كفر الزيات,kafr-al-zayyat-eg1612,30.807,30.835,Gharbia,الغربية
Kafr al-Arab al-Bahari,كفر العرب البحري,30.703,30.968,Tala,مركز تلا,tala-eg1707,30.67,30.946,Menoufia,المنوفية
Kafr al-Arab al-Qibli,كفر العرب القبلي,30.506,31.114,Quwisna,مركز قويسنا,quwisna-eg1708,30.56,31.163,Menoufia,المنوفية
Kafr al-Azazi,كفر العزازي,30.573,31.692,Abu Hammad,مركز أبو حماد,abu-hammad-eg1304,30.543,31.649,Sharkia,الشرقية
Kafr al-Aziziya,كفر العزيزية,30.876,31.189,Samannud,مركز سمنود,samannud-eg1610,30.95,31.221,Gharbia,الغربية
Kafr al-Akl,كفر العكل,30.742,31.429,Dyarb Nigm,مركز ديرب نجم,dyarb-nigm-eg1310,30.752,31.444,Sharkia,الشرقية
Kafr al-Ulama,كفر العلماء,30.677,31.753,Faqus,مركز فاقوس,faqus-eg1312,30.749,31.896,Sharkia,الشرقية
Kafr al-Olou,كفر العلو,29.806,31.322,Hilwan,قسم حلوان,hilwan-eg0102,29.854,31.329,Cairo,القاهرة
Kafr al-Olou,كفر العلو,31.101,31.499,Mahalet Demna,مركز محلة دمنة,mahalet-demna-eg1219,31.09,31.513,Dakahlia,الدقهلية
Kafr al-Alawi,كفر العلوي,30.691,30.884,Tala,مركز تلا,tala-eg1707,30.67,30.946,Menoufia,المنوفية
Kafr al-Ammar,كفر العمار,30.334,31.147,Tukh,مركز طوخ,tukh-eg1408,30.344,31.19,Kalyoubia,القليوبية
Kafr al-Ananiya,كفر العنانية,30.813,31.368,Sinbillawin,مركز السنبلاوين,sinbillawin-eg1205,30.883,31.513,Dakahlia,الدقهلية
Kafr al-Eis,كفر العيص,30.813,30.757,Kum Hamada,مركز كوم حمادة,kum-hamada-eg1813,30.654,30.774,Behera,البحيرة
Kafr al-Ghaba,كفر الغابة,30.849,30.728,Itay Al-Barud,مركز إيتاى البارود,itay-al-barud-eg1807,30.886,30.656,Behera,البحيرة
Kafr al-Gharib,كفر الغريب,30.355,30.932,Ashmun,مركز أشمون,ashmun-eg1703,30.299,31.008,Menoufia,المنوفية
Kafr al-Ghanama,كفر الغنامة,31.257,31.461,Bilqas,مركز بلقاس,bilqas-eg1208,31.344,31.379,Dakahlia,الدقهلية
Kafr al-Ghanamiya,كفر الغنامية,30.384,31.046,Al-Bagur,مركز الباجور,al-bagur-eg1704,30.413,31.032,Menoufia,المنوفية
Kafr al-Ghoneimi,كفر الغنيمي,30.495,31.326,Minya al-Qamh,مركز منيا القمح,minya-al-qamh-eg1314,30.507,31.369,Sharkia,الشرقية
Kafr al-Farayha,كفر الفرايحة,31.059,31.806,Awlad Saqr,مركز أولاد صقر,awlad-saqr-eg1319,30.969,31.777,Sharkia,الشرقية
Kafr al-Fara'oniya,كفر الفرعونية,30.352,31.058,Ashmun,مركز أشمون,ashmun-eg1703,30.299,31.008,Menoufia,المنوفية
Kafr al-Foqaha,كفر الفقهاء,30.323,31.134,Tukh,مركز طوخ,tukh-eg1408,30.344,31.19,Kalyoubia,القليوبية
Kafr al-Fila,كفر الفيلة,27.945,30.724,Markz Abu Qurqas,مركز ابو قرقاص,markz-abu-qurqas-eg2404,27.939,30.77,Menia,المنيا
Kafr al-Qabab,كفر القباب,31.094,31.528,Dikirnis,مركز دكرنس,dikirnis-eg1209,31.093,31.78,Dakahlia,الدقهلية
Kafr al-Qatta,كفر القتة,31.178,31.278,Biyalu,مركز بيلا,biyalu-eg1504,31.32,31.248,Kafr El-Shikh,كفر الشيخ
Kafr al-Qarinin,كفر القرينين,30.416,31.076,Al-Bagur,مركز الباجور,al-bagur-eg1704,30.413,31.032,Menoufia,المنوفية
Kafr al-Qassar,كفر القصار,30.852,30.803,Kafr Al-Zayyat,مركز كفر الزيات,kafr-al-zayyat-eg1612,30.807,30.835,Gharbia,الغربية
Kafr al-Qasali,كفر القص الي,31.107,31.343,Talkha,مركز طلخا,talkha-eg1211,31.109,31.383,Dakahlia,الدقهلية
Kafr al-Qolshi,كفر القلشي,30.663,30.985,Tala,مركز تلا,tala-eg1707,30.67,30.946,Menoufia,المنوفية
Kafr al-Kawadi,كفر الكوادي,28.388,30.761,Markz Matay,مركز مطاى,markz-matay-eg2409,28.431,30.71,Menia,المنيا
Kafr al-Lawandi,كفر اللاوندي,30.945,31.31,Aga,مركز أجا,aga-eg1204,30.895,31.313,Dakahlia,الدقهلية
Kafr al-Laba,كفر اللبا,30.743,31.403,Dyarb Nigm,مركز ديرب نجم,dyarb-nigm-eg1310,30.752,31.444,Sharkia,الشرقية
Kafr al-Mohamadiya,كفر المحمدية,30.634,31.339,Mit Ghamr,مركز ميت غمر,mit-ghamr-eg1213,30.708,31.338,Dakahlia,الدقهلية
Kafr al-Mahmoudiya,كفر المحمودية,30.659,31.514,Hihya,مركز ههيا,hihya-eg1315,30.652,31.617,Sharkia,الشرقية
Kafr al-Madawer,كفر المداور,28.653,30.814,Markz Maghagha,مركز مغاغة,markz-maghagha-eg2410,28.641,30.794,Menia,المنيا
Kafr al-Marab'een al-Sharqiya,كفر المرابعين الشرقية,31.379,31.508,Kafr Sad,مركز كفر سعد,kafr-sad-eg1104,31.359,31.603,Damietta,دمياط
Kafr al-Marazqa,كفر المرازقة,31.028,30.89,Qillin,مركز قلين,qillin-eg1509,31.085,30.817,Kafr El-Shikh,كفر الشيخ
Kafr al-Masharqa,كفر المشارقة,31.259,30.817,Sidi Salim,مركز سيدى سالم,sidi-salim-eg1507,31.31,30.738,Kafr El-Shikh,كفر الشيخ
Kafr al-Mashayekh,كفر المشايخ,31.05,30.903,Qillin,مركز قلين,qillin-eg1509,31.085,30.817,Kafr El-Shikh,كفر الشيخ
Kafr al-Maghrabi,كفر المغربي,28.676,30.68,Markz Al Idwa,مركز العدوة,markz-al-idwa-eg2405,28.696,30.74,Menia,المنيا
Kafr al-Meqdam,كفر المقدام,30.691,31.373,Mit Ghamr,مركز ميت غمر,mit-ghamr-eg1213,30.708,31.338,Dakahlia,الدقهلية
Kafr al-Manazla,كفر المنازلة,31.323,31.692,Kafr Sad,مركز كفر سعد,kafr-sad-eg1104,31.359,31.603,Damietta,دمياط
Kafr al-Mandara,كفر المندرة,30.856,31.267,Aga,مركز أجا,aga-eg1204,30.895,31.313,Dakahlia,الدقهلية
Kafr al-Manshi Abu Hamar,كفر المنشيأبوحمر,30.959,30.837,Basyun,مركز بسيون,basyun-eg1608,30.959,30.827,Gharbia,الغربية
Kafr al-Manshi al-Qibli,كفر المنشي القبلي,30.821,30.893,Tanta,مركز طنطا,tanta-eg1603,30.809,30.932,Gharbia,الغربية
Kafr al-Manshi al-Qibli,كفر المنشي القبلي,30.579,31.092,Quwisna,مركز قويسنا,quwisna-eg1708,30.56,31.163,Menoufia,المنوفية
Kafr al-Mansoura,كفر المنصورة,30.821,30.914,Tanta,مركز طنطا,tanta-eg1603,30.809,30.932,Gharbia,الغربية
Kafr al-Mayasra,كفر المياسرة,31.237,31.644,Zarqa,مركز الزرقا,zarqa-eg1107,31.209,31.649,Damietta,دمياط
Kafr al-Nogaba,كفر النجبا,30.878,31.296,Aga,مركز أجا,aga-eg1204,30.895,31.313,Dakahlia,الدقهلية
Kafr al-Nakhla,كفر النخلة,30.325,31.153,Tukh,مركز طوخ,tukh-eg1408,30.344,31.19,Kalyoubia,القليوبية
Kafr al-Noseiri,كفر النصيري,30.757,31.621,Abu Kabir,مركز أبوكبير,abu-kabir-eg1305,30.733,31.69,Sharkia,الشرقية
Kafr al-Na'na'i,كفر النعناعي,31.012,31.005,Qutur,مركز قطور,qutur-eg1611,30.971,30.97,Gharbia,الغربية
Kafr al-Na'im,كفر النعيم,30.683,31.286,Mit Ghamr,مركز ميت غمر,mit-ghamr-eg1213,30.708,31.338,Dakahlia,الدقهلية
Kafr al-Hawashim,كفر الهواشم,30.79,30.78,Kafr Al-Zayyat,مركز كفر الزيات,kafr-al-zayyat-eg1612,30.807,30.835,Gharbia,الغربية
Kafr al-Waslin,كفر الواصلين,29.444,31.286,Atfeh,مركز أطفيح,atfeh-eg2115,29.343,31.25,Giza,الجيزة
Kafr al-Waq,كفر الواق,30.925,30.246,Hush Isa,مركز حوش عيسى,hush-isa-eg1808,30.891,30.346,Behera,البحيرة
Kafr al-Wazir,كفر الوزير,30.682,31.344,Mit Ghamr,مركز ميت غمر,mit-ghamr-eg1213,30.708,31.338,Dakahlia,الدقهلية
Kafr al-Wakalah,كفر الوك الة,31.342,31.532,Shirbin,مركز شربين,shirbin-eg1210,31.261,31.576,Dakahlia,الدقهلية
Kafr al-Walga,كفر الولجا,30.549,31.294,Kafr Shukr,مركز كفر شكر,kafr-shukr-eg1411,30.554,31.275,Kalyoubia,القليوبية
Kafr Umm Youssef,كفر أم يوسف,31.125,30.756,Disuq,مركز دسوق,disuq-eg1506,31.15,30.72,Kafr El-Shikh,كفر الشيخ
Kafr Amlit,كفرأمليط,31.18,30.522,Al-Mahmudiyya,مركز المحمودية,al-mahmudiyya-eg1806,31.197,30.488,Behera,البحيرة
Kafr Awlad Atiya,كفر أولاد عطية,30.639,31.564,Hihya,مركز ههيا,hihya-eg1315,30.652,31.617,Sharkia,الشرقية
Kafr Ayoub Suleiman,كفرأيوبسليمان,30.431,31.575,Bilbis,مركز بلبيس,bilbis-eg1308,30.408,31.531,Sharkia,الشرقية
Kafr Ayoub Awad,كفرأيوبعوض,30.451,31.329,Minya al-Qamh,مركز منيا القمح,minya-al-qamh-eg1314,30.507,31.369,Sharkia,الشرقية
Kafr Belmesht,كفرب المشط,30.45,30.884,Minuf,مركز منوف,minuf-eg1709,30.46,30.881,Menoufia,المنوفية
Kafr Batabs,كفربتبس,30.651,30.989,Tala,مركز تلا,tala-eg1707,30.67,30.946,Menoufia,المنوفية
Kafr Badawi al-Gadid,كفربداوي الجديد,31.138,31.494,El Mansora,مركز المنصورة,el-mansora-eg1203,31.053,31.467,Dakahlia,الدقهلية
Kafr Badawi al-Qadim,كفربداوي القديم,31.142,31.481,El Mansora,مركز المنصورة,el-mansora-eg1203,31.053,31.467,Dakahlia,الدقهلية
Kafr Badran,كفربدران,30.545,31.354,Minya al-Qamh,مركز منيا القمح,minya-al-qamh-eg1314,30.507,31.369,Sharkia,الشرقية
Kafr Badawi Girgis,كفربدويجرجس,30.896,31.496,Sinbillawin,مركز السنبلاوين,sinbillawin-eg1205,30.883,31.513,Dakahlia,الدقهلية
Kafr Barabari Suleiman,كفربربريسليمان,30.667,31.364,Mit Ghamr,مركز ميت غمر,mit-ghamr-eg1213,30.708,31.338,Dakahlia,الدقهلية
Kafr Barakat,كفربركات,29.504,31.226,Ayat,مركز العياط,ayat-eg2112,29.564,31.25,Giza,الجيزة
Kafr Besat,كفربساط,31.183,31.434,Talkha,مركز طلخا,talkha-eg1211,31.109,31.383,Dakahlia,الدقهلية
Kafr Bata,كفربطا,30.468,31.151,Banha,مركز بنها,banha-eg1402,30.443,31.248,Kalyoubia,القليوبية
Kafr Baqtar Sa'd,كفربقطرسعد,30.593,31.387,Minya al-Qamh,مركز منيا القمح,minya-al-qamh-eg1314,30.507,31.369,Sharkia,الشرقية
Kafr Baladam,كفربلضم,30.954,30.995,Qutur,مركز قطور,qutur-eg1611,30.971,30.97,Gharbia,الغربية
Kafr Bengharian,كفربنغريان,30.621,31.203,Quwisna,مركز قويسنا,quwisna-eg1708,30.56,31.163,Menoufia,المنوفية
Kafr Bani Salem,كفربنيس الم,30.879,31.425,Sinbillawin,مركز السنبلاوين,sinbillawin-eg1205,30.883,31.513,Dakahlia,الدقهلية
Kafr Bani Otman,كفربنيعتمان,29.314,31.179,Al Wasta,مركز الواسطى,al-wasta-eg2205,29.324,31.17,Beni Suef,بنى سويف
Kafr Bani Ali,كفربنيعلي,28.969,30.902,Sumusta,مركز سمسطا,sumusta-eg2208,28.951,30.866,Beni Suef,بنى سويف
Kafr Bani Alim,كفربنيعليم,30.458,31.598,Bilbis,مركز بلبيس,bilbis-eg1308,30.408,31.531,Sharkia,الشرقية
Kafr Bani Hilal,كفربنيهل ال,31.053,30.511,Damanhur,مركز دمنهور,damanhur-eg1802,31.032,30.527,Behera,البحيرة
Kafr Bahout,كفربهوت,31.153,31.359,Nebro,مركز نبروة,nebro-eg1221,31.129,31.297,Dakahlia,الدقهلية
Kafr Boulin,كفر بولين,30.727,30.729,Kum Hamada,مركز كوم حمادة,kum-hamada-eg1813,30.654,30.774,Behera,البحيرة
Kafr Taqi,كفرتقي,31.173,31.611,Zarqa,مركز الزرقا,zarqa-eg1107,31.209,31.649,Damietta,دمياط
Kafr Talbana,كفرتلبانة,30.965,31.461,El Mansora,مركز المنصورة,el-mansora-eg1203,31.053,31.467,Dakahlia,الدقهلية
Kafr Tida,كفرتيدة,31.249,30.855,Sidi Salim,مركز سيدى سالم,sidi-salim-eg1507,31.31,30.738,Kafr El-Shikh,كفر الشيخ
Kafr Garza,كفرجرزة,29.447,31.202,Ayat,مركز العياط,ayat-eg2112,29.564,31.25,Giza,الجيزة
Kafr Gom'a,كفرجمعه,28.898,30.945,Biba,مركز ببا,biba-eg2207,28.951,30.967,Beni Suef,بنى سويف
Kafr Ganzour,كفرجنزور,30.667,31.018,Tala,مركز تلا,tala-eg1707,30.67,30.946,Menoufia,المنوفية
Kafr Guneidi,كفرجنيدي,30.72,31.495,Dyarb Nigm,مركز ديرب نجم,dyarb-nigm-eg1310,30.752,31.444,Sharkia,الشرقية
Kafr Hafez,كفرحافظ,30.602,31.662,Abu Hammad,مركز أبو حماد,abu-hammad-eg1304,30.543,31.649,Sharkia,الشرقية
Kafr Hanout al-Bahari,كفرحانوت البحري,30.782,31.225,Zifta,مركز زفتى,zifta-eg1609,30.728,31.215,Gharbia,الغربية
Kafr Hanout al-Qibli,كفرحانوت القبلي,30.763,31.218,Zifta,مركز زفتى,zifta-eg1609,30.728,31.215,Gharbia,الغربية
Kafr Haggag,كفر حجاج,31.148,31.885,Manzala,مركز المنزلة,manzala-eg1207,31.153,31.958,Dakahlia,الدقهلية
Kafr Hegazi,كفرحجازي,30.943,31.179,El Mahalla El Kobra,مركز المحله الكبرى,el-mahalla-el-kobra-eg1607,31.017,31.13,Gharbia,الغربية
Kafr Hegazi,كفرحجازي,30.576,30.847,Al-Shuhada,مركز الشهداء,al-shuhada-eg1705,30.601,30.87,Menoufia,المنوفية
Kafr Hegazi,كفرحجازي,30.201,31.061,Imbaba,مركز إمبابة,imbaba-eg2113,30.22,30.963,Giza,الجيزة
Kafr Hassan,كفرحسان,31.018,31.304,Samannud,مركز سمنود,samannud-eg1610,30.95,31.221,Gharbia,الغربية
Kafr Hassan Sa'd,كفر حسن سعد,30.331,31.219,Tukh,مركز طوخ,tukh-eg1408,30.344,31.19,Kalyoubia,القليوبية
Kafr Hassan Atallah,كفرحسنعطا الله,30.514,31.431,Minya al-Qamh,مركز منيا القمح,minya-al-qamh-eg1314,30.507,31.369,Sharkia,الشرقية
Kafr Hassan Okasha,كفرحسنعكاشة,30.531,31.443,Minya al-Qamh,مركز منيا القمح,minya-al-qamh-eg1314,30.507,31.369,Sharkia,الشرقية
Kafr Hassan Nanda,كفر حسن ندا,30.508,31.36,Minya al-Qamh,مركز منيا القمح,minya-al-qamh-eg1314,30.507,31.369,Sharkia,الشرقية
Kafr Hussein,كفر حسين,30.803,31.184,Zifta,مركز زفتى,zifta-eg1609,30.728,31.215,Gharbia,الغربية
Kafr Hussein al-Tobgi,كفرحسين الطوبجي,30.499,31.449,Minya al-Qamh,مركز منيا القمح,minya-al-qamh-eg1314,30.507,31.369,Sharkia,الشرقية
Kafr Hashad,كفرحشاد,30.8,30.799,Kafr Al-Zayyat,مركز كفر الزيات,kafr-al-zayyat-eg1612,30.807,30.835,Gharbia,الغربية
Kafr Hossam,كفرحصام,31.069,30.267,Abu Hummus,مركز ابوحمص,abu-hummus-eg1804,31.106,30.31,Behera,البحيرة
Kafr Hafna,كفرحفنا,30.403,31.439,Bilbis,مركز بلبيس,bilbis-eg1308,30.408,31.531,Sharkia,الشرقية
Kafr Hakim,كفرحكيم,30.084,31.114,Kardasa,مركز كرداسة,kardasa-eg2120,30.051,31.134,Giza,الجيزة
Kafr Halawa,كفرحلاوة,29.399,31.282,Atfeh,مركز أطفيح,atfeh-eg2115,29.343,31.25,Giza,الجيزة
Kafr Hammad,كفر حماد,30.883,31.678,Kafr Saqr,مركز كفر صقر,kafr-saqr-eg1313,30.837,31.675,Sharkia,الشرقية
Kafr Hamza,كفر حمزة,30.233,31.336,Al Khanka,مركز الخانكة,al-khanka-eg1403,30.231,31.358,Kalyoubia,القليوبية
Kafr Hammouda Arna'out,كفرحمودةأرناؤوط,30.605,31.592,Hihya,مركز ههيا,hihya-eg1315,30.652,31.617,Sharkia,الشرقية
Kafr Hamid,كفرحميد,29.711,31.242,Ayat,مركز العياط,ayat-eg2112,29.564,31.25,Giza,الجيزة
Kafr Khaza'el,كفرخزاعل,30.779,31.136,Santa,مركز السنطة,santa-eg1604,30.773,31.119,Gharbia,الغربية
Kafr Khazam,كفر خزام,27.677,30.862,Markz Dir Mawas,مركز دير مواس,markz-dir-mawas-eg2407,27.655,30.79,Menia,المنيا
Kafr Khadr,كفرخضر,30.788,30.925,Tanta,مركز طنطا,tanta-eg1603,30.809,30.932,Gharbia,الغربية
Kafr Khodeir,كفرخضير,30.95,30.753,Shubra Khit,مركز شبراخيت,shubra-khit-eg1810,31.003,30.679,Behera,البحيرة
Kafr Khalifa,كفرخليفة,30.825,30.631,Itay Al-Barud,مركز إيتاى البارود,itay-al-barud-eg1807,30.886,30.656,Behera,البحيرة
Kafr Dawoud,كفر داود,30.475,30.83,Sadat City,مركز السادات,sadat-city-eg1711,30.358,30.661,Menoufia,المنوفية
Kafr Dawoud,كفر داود,30.401,30.37,Wadi Al-NatrUn,مركز وادى النطرون,wadi-al-natrun-eg1814,30.43,30.313,Behera,البحيرة
Kafr Dawoud Matar,كفرداودمطر,30.703,31.364,Mit Ghamr,مركز ميت غمر,mit-ghamr-eg1213,30.708,31.338,Dakahlia,الدقهلية
Kafr Dabous,كفردبوس,30.667,31.535,Hihya,مركز ههيا,hihya-eg1315,30.652,31.617,Sharkia,الشرقية
Kafr Darwish,كفر درويش,28.743,30.884,Al Fashn,مركز الفشن,al-fashn-eg2204,28.809,30.827,Beni Suef,بنى سويف
Kafr Daqmaq,كفردقماق,30.533,31.054,Shibin al-Kum,مركز شبين الكوم,shibin-al-kum-eg1702,30.561,30.954,Menoufia,المنوفية
Kafr Damtiwah,كفردمتيوه,30.787,30.715,Kum Hamada,مركز كوم حمادة,kum-hamada-eg1813,30.654,30.774,Behera,البحيرة
Kafr Damrou,كفردمرو,31.095,31.158,El Mahalla El Kobra,مركز المحله الكبرى,el-mahalla-el-kobra-eg1607,31.017,31.13,Gharbia,الغربية
Kafr Damallash,كفردملاش,31.202,31.401,Bilqas,مركز بلقاس,bilqas-eg1208,31.344,31.379,Dakahlia,الدقهلية
Kafr Damantou,كفردمنتو,31.056,31.098,El Mahalla El Kobra,مركز المحله الكبرى,el-mahalla-el-kobra-eg1607,31.017,31.13,Gharbia,الغربية
Kafr Damanhour al-Qadim,كفردمنهور القديم,30.69,31.193,Zifta,مركز زفتى,zifta-eg1609,30.728,31.215,Gharbia,الغربية
Kafr Damira al-Gadid,كفردميرة الجديد,31.158,31.383,Talkha,مركز طلخا,talkha-eg1211,31.109,31.383,Dakahlia,الدقهلية
Kafr Damira al-Qadim,كفردميرة القديم,31.104,31.372,Talkha,مركز طلخا,talkha-eg1211,31.109,31.383,Dakahlia,الدقهلية
Kafr Denshawy,كفردنشواي,30.583,30.849,Al-Shuhada,مركز الشهداء,al-shuhada-eg1705,30.601,30.87,Menoufia,المنوفية
Kafr Danouhiya,كفردنوهيا,30.533,31.554,Zaqaziq,مركز الزقازيق,zaqaziq-eg1303,30.587,31.581,Sharkia,الشرقية
Kafr Dahamsha,كفردهمشا,30.414,31.385,Mashtul Al-Suq,مركز مشتول السوق,mashtul-al-suq-eg1316,30.361,31.383,Sharkia,الشرقية
Kafr Deir Baqtaris,كفرديرببقطارس,30.938,31.318,Aga,مركز أجا,aga-eg1204,30.895,31.313,Dakahlia,الدقهلية
Kafr Dima,كفرديما,30.803,30.867,Kafr Al-Zayyat,مركز كفر الزيات,kafr-al-zayyat-eg1612,30.807,30.835,Gharbia,الغربية
Kafr Rabi',كفرربيع,30.698,30.828,Tala,مركز تلا,tala-eg1707,30.67,30.946,Menoufia,المنوفية
Kafr Ragab,كفررجب,30.605,31.333,Kafr Shukr,مركز كفر شكر,kafr-shukr-eg1411,30.554,31.275,Kalyoubia,القليوبية
Kafr Rimah,كفررماح,30.477,30.999,Minuf,مركز منوف,minuf-eg1709,30.46,30.881,Menoufia,المنوفية
Kafr Ramada wal-Torgoman,كفررمادة والترجمان,30.216,31.242,Qalyub,مركز قليوب,qalyub-eg1410,30.207,31.214,Kalyoubia,القليوبية
Kafr Zarqan,كفرزرقان,30.627,30.912,Tala,مركز تلا,tala-eg1707,30.67,30.946,Menoufia,المنوفية
Kafr Ziyada,كفرزيادة,30.739,30.606,Kum Hamada,مركز كوم حمادة,kum-hamada-eg1813,30.654,30.774,Behera,البحيرة
Kafr Zeidan Mandil,كفرزيدانمنديل,30.593,31.645,Abu Hammad,مركز أبو حماد,abu-hammad-eg1304,30.543,31.649,Sharkia,الشرقية
Kafr Zein al-Din,كفرزين الدين,30.485,31.106,Quwisna,مركز قويسنا,quwisna-eg1708,30.56,31.163,Menoufia,المنوفية
Kafr Salma al-Nahhal,كفرس الم النح ال,30.739,31.064,Santa,مركز السنطة,santa-eg1604,30.773,31.119,Gharbia,الغربية
Kafr Salma al-Habbab,كفرس الم الهباب,31.029,30.77,Basyun,مركز بسيون,basyun-eg1608,30.959,30.827,Gharbia,الغربية
Kafr Sabtas,كفرسبطاس,30.779,31.045,Tanta,مركز طنطا,tanta-eg1603,30.809,30.932,Gharbia,الغربية
Kafr Sabk,كفرسبك,30.436,31.082,Al-Bagur,مركز الباجور,al-bagur-eg1704,30.413,31.032,Menoufia,المنوفية
Kafr Sarsamous,كفرسرسموس,30.588,30.947,Al-Shuhada,مركز الشهداء,al-shuhada-eg1705,30.601,30.87,Menoufia,المنوفية
Kafr Saranga,كفرسرنجا,30.751,31.249,Mit Ghamr,مركز ميت غمر,mit-ghamr-eg1213,30.708,31.338,Dakahlia,الدقهلية
Kafr Sa'd,كفر سعد,30.866,31.61,Sinbillawin,مركز السنبلاوين,sinbillawin-eg1205,30.883,31.513,Dakahlia,الدقهلية
Kafr Sa'd,كفر سعد,30.489,31.193,Banha,مركز بنها,banha-eg1402,30.443,31.248,Kalyoubia,القليوبية
Kafr Sa'd Bahiri,كفرسعدبحيري,30.381,31.34,Shibin al-Qanatir,مركز شبين القناطر,shibin-al-qanatir-eg1405,30.296,31.307,Kalyoubia,القليوبية
Kafr Saadoun,كفرسعدون,30.952,30.911,Qutur,مركز قطور,qutur-eg1611,30.971,30.97,Gharbia,الغربية
Kafr Saafan,كفرسعفان,31.124,31.508,Mahalet Demna,مركز محلة دمنة,mahalet-demna-eg1219,31.09,31.513,Dakahlia,الدقهلية
Kafr Salama,كفرسلامة,30.821,31.568,Sinbillawin,مركز السنبلاوين,sinbillawin-eg1205,30.883,31.513,Dakahlia,الدقهلية
Kafr Salama Ibrahim,كفرسلامةابراهيم,30.428,31.329,Minya al-Qamh,مركز منيا القمح,minya-al-qamh-eg1314,30.507,31.369,Sharkia,الشرقية
Kafr Salama Bishara,كفرسلامةبشارة,30.514,31.406,Minya al-Qamh,مركز منيا القمح,minya-al-qamh-eg1314,30.507,31.369,Sharkia,الشرقية
Kafr Salamoun,كفرسلامون,30.793,30.755,Kum Hamada,مركز كوم حمادة,kum-hamada-eg1813,30.654,30.774,Behera,البحيرة
Kafr Salim,كفر سليم,30.181,31.169,Qanatir Al-Khayriyya,مركز القناطر الخيرية,qanatir-al-khayriyya-eg1404,30.214,31.135,Kalyoubia,القليوبية
Kafr Sulaiman El-Bahari,كفرسليمان البحري,31.352,31.705,Kafr Sad,مركز كفر سعد,kafr-sad-eg1104,31.359,31.603,Damietta,دمياط
Kafr Sulaiman El-Warr,كفرسليمان الور,30.338,31.348,Shibin al-Qanatir,مركز شبين القناطر,shibin-al-qanatir-eg1405,30.296,31.307,Kalyoubia,القليوبية
Kafr Sulaiman Tadros,كفرسليمانتادرس,30.698,31.356,Mit Ghamr,مركز ميت غمر,mit-ghamr-eg1213,30.708,31.338,Dakahlia,الدقهلية
Kafr Sulaiman Awad,كفر سليمان عوض,30.732,31.095,Santa,مركز السنطة,santa-eg1604,30.773,31.119,Gharbia,الغربية
Kafr Sulaiman Moussa,كفرسليمانموسي,30.66,31.495,Zaqaziq,مركز الزقازيق,zaqaziq-eg1303,30.587,31.581,Sharkia,الشرقية
Kafr Samalij,كفرسم اليج,30.672,30.994,Tala,مركز تلا,tala-eg1707,30.67,30.946,Menoufia,المنوفية
Kafr Sanbat,كفرسنباط,30.788,31.221,Zifta,مركز زفتى,zifta-eg1609,30.728,31.215,Gharbia,الغربية
Kafr Sanbou,كفرسنبو,30.639,31.188,Zifta,مركز زفتى,zifta-eg1609,30.728,31.215,Gharbia,الغربية
Kafr Sanjab,كفرسنجاب,30.955,31.668,Tamy Al-Amdid,مركز تمى الأمديد,tamy-al-amdid-eg1216,30.947,31.594,Dakahlia,الدقهلية
Kafr Sanjalf El-Gadid,كفرسنجلف الجديد,30.411,31.011,Al-Bagur,مركز الباجور,al-bagur-eg1704,30.413,31.032,Menoufia,المنوفية
Kafr Sanjalf El-Qadim,كفرسنجلف القديم,30.414,31.036,Al-Bagur,مركز الباجور,al-bagur-eg1704,30.413,31.032,Menoufia,المنوفية
Kafr Sandan Hour,كفرسندانهور,30.416,31.178,Banha,مركز بنها,banha-eg1402,30.443,31.248,Kalyoubia,القليوبية
Kafr Sandawa,كفرسندوة,30.271,31.325,Shibin al-Qanatir,مركز شبين القناطر,shibin-al-qanatir-eg1405,30.296,31.307,Kalyoubia,القليوبية
Kafr Santis,كفرسنطيس,30.984,30.478,Damanhur,مركز دمنهور,damanhur-eg1802,31.032,30.527,Behera,البحيرة
Kafr Shahin,كفر شاهين,30.774,31.179,Zifta,مركز زفتى,zifta-eg1609,30.728,31.215,Gharbia,الغربية
Kafr Shawish,كفرشاويش,30.713,31.755,Faqus,مركز فاقوس,faqus-eg1312,30.749,31.896,Sharkia,الشرقية
Kafr Shubra El-Yaman,كفرشبرا اليمن,30.824,31.211,Zifta,مركز زفتى,zifta-eg1609,30.728,31.215,Gharbia,الغربية
Kafr Shubra Baloula,كفرشبرابلولة,30.489,30.97,Minuf,مركز منوف,minuf-eg1709,30.46,30.881,Menoufia,المنوفية
Kafr Shubra Zengi,كفرشبرازنجي,30.448,31.004,Al-Bagur,مركز الباجور,al-bagur-eg1704,30.413,31.032,Menoufia,المنوفية
Kafr Shubra Qalouj,كفرشبراقلوج,30.768,31.2,Zifta,مركز زفتى,zifta-eg1609,30.728,31.215,Gharbia,الغربية
Kafr Shubra Hour,كفرشبراهور,30.92,31.394,Sinbillawin,مركز السنبلاوين,sinbillawin-eg1205,30.883,31.513,Dakahlia,الدقهلية
Kafr Shibin,كفر شبين,30.302,31.301,Shibin al-Qanatir,مركز شبين القناطر,shibin-al-qanatir-eg1405,30.296,31.307,Kalyoubia,القليوبية
Kafr Shahata,كفرشحاتة,29.589,31.259,Ayat,مركز العياط,ayat-eg2112,29.564,31.25,Giza,الجيزة
Kafr Sharaf El-Din,كفر شرف الدين,30.541,31.23,Kafr Shukr,مركز كفر شكر,kafr-shukr-eg1411,30.554,31.275,Kalyoubia,القليوبية
Kafr Shishta,كفرششتا,30.861,31.155,Zifta,مركز زفتى,zifta-eg1609,30.728,31.215,Gharbia,الغربية
Kafr Shaban,كفرشعبان,30.484,31.403,Minya al-Qamh,مركز منيا القمح,minya-al-qamh-eg1314,30.507,31.369,Sharkia,الشرقية
Kafr Shalshalmoun,كفرشلشلمون,30.498,31.375,Minya al-Qamh,مركز منيا القمح,minya-al-qamh-eg1314,30.507,31.369,Sharkia,الشرقية
Kafr Shamakh,كفرشماخ,30.794,30.789,Kafr Al-Zayyat,مركز كفر الزيات,kafr-al-zayyat-eg1612,30.807,30.835,Gharbia,الغربية
Kafr Shamara,كفرشمارة,30.685,31.205,Zifta,مركز زفتى,zifta-eg1609,30.728,31.215,Gharbia,الغربية
Kafr Shanwan,كفرشنوان,30.5,31.018,Shibin al-Kum,مركز شبين الكوم,shibin-al-kum-eg1702,30.561,30.954,Menoufia,المنوفية
Kafr Sarawa,كفرصراوة,30.243,31.085,Ashmun,مركز أشمون,ashmun-eg1703,30.299,31.008,Menoufia,المنوفية
Kafr Salib Rizq,كفرصليبرزق,30.554,31.392,Minya al-Qamh,مركز منيا القمح,minya-al-qamh-eg1314,30.507,31.369,Sharkia,الشرقية
Kafr Salib Salama,كفرصليبسلامة,30.576,31.324,Kafr Shukr,مركز كفر شكر,kafr-shukr-eg1411,30.554,31.275,Kalyoubia,القليوبية
Kafr Sanadid,كفرصناديد,30.709,30.977,Tala,مركز تلا,tala-eg1707,30.67,30.946,Menoufia,المنوفية
Kafr Tablouha,كفرطبلوها,30.642,30.954,Tala,مركز تلا,tala-eg1707,30.67,30.946,Menoufia,المنوفية
Kafr Taha,كفرطحا,30.266,31.307,Shibin al-Qanatir,مركز شبين القناطر,shibin-al-qanatir-eg1405,30.296,31.307,Kalyoubia,القليوبية
Kafr Tahla,كفرطحلة,30.399,31.144,Banha,مركز بنها,banha-eg1402,30.443,31.248,Kalyoubia,القليوبية
Kafr Tahouriya,كفرطحورية,30.361,31.321,Shibin al-Qanatir,مركز شبين القناطر,shibin-al-qanatir-eg1405,30.296,31.307,Kalyoubia,القليوبية
Kafr Tarkhan,كفر طرخان,29.728,31.288,Saf,مركز الصف,saf-eg2111,29.62,31.305,Giza,الجيزة
Kafr Tarna,كفرطرنة,30.77,31.071,Tanta,مركز طنطا,tanta-eg1603,30.809,30.932,Gharbia,الغربية
Kafr Tasfa,كفرطصفا,30.571,31.294,Kafr Shukr,مركز كفر شكر,kafr-shukr-eg1411,30.554,31.275,Kalyoubia,القليوبية
Kafr Tanah,كفرطناح,31.032,31.556,El Mansora,مركز المنصورة,el-mansora-eg1203,31.053,31.467,Dakahlia,الدقهلية
Kafr Tanbadi,كفرطنبدي,30.591,31.007,Shibin al-Kum,مركز شبين الكوم,shibin-al-kum-eg1702,30.561,30.954,Menoufia,المنوفية
Kafr Tanboul El-Qadim,كفرطنبول القديم,30.873,31.395,Sinbillawin,مركز السنبلاوين,sinbillawin-eg1205,30.883,31.513,Dakahlia,الدقهلية
Kafr Taha Shubra,كفرطهشبرا,30.558,31.09,Quwisna,مركز قويسنا,quwisna-eg1708,30.56,31.163,Menoufia,المنوفية
Kafr Taharmas,كفرطهرمس,30.017,31.182,Bulaq Al-DakrUr,قسم بولاق الدكرور,bulaq-al-dakrur-eg2105,30.03,31.19,Giza,الجيزة
Kafr Abd El-Amin Hasaballah,كفرعبد الأمينحسب الله,30.842,31.371,Sinbillawin,مركز السنبلاوين,sinbillawin-eg1205,30.883,31.513,Dakahlia,الدقهلية
Kafr Abd El-Khaliq,كفرعبد الخ الق,28.673,30.719,Markz Al Idwa,مركز العدوة,markz-al-idwa-eg2405,28.696,30.74,Menia,المنيا
Kafr Abd El-Rahman,كفر عبد الرحمن,31.145,30.755,Disuq,مركز دسوق,disuq-eg1506,31.15,30.72,Kafr El-Shikh,كفر الشيخ
Kafr Abd El-Rahman,كفر عبد الرحمن,30.667,31.247,Zifta,مركز زفتى,zifta-eg1609,30.728,31.215,Gharbia,الغربية
Kafr Abd El-Sayed Nawwar,كفرعبد السيدنوار,30.588,31.302,Kafr Shukr,مركز كفر شكر,kafr-shukr-eg1411,30.554,31.275,Kalyoubia,القليوبية
Kafr Abd El-Shahid Shanouda,كفرعبد الشهيدشنودة,30.792,31.707,Kafr Saqr,مركز كفر صقر,kafr-saqr-eg1313,30.837,31.675,Sharkia,الشرقية
Kafr Abdallah Shanqas,كفرعبد اللهشنقاص,30.555,31.333,Minya al-Qamh,مركز منيا القمح,minya-al-qamh-eg1314,30.507,31.369,Sharkia,الشرقية
Kafr Abdallah Aziza,كفرعبد اللهعزيزة,30.476,31.454,Minya al-Qamh,مركز منيا القمح,minya-al-qamh-eg1314,30.507,31.369,Sharkia,الشرقية
Kafr Abd El-Malek Mansour,كفرعبد الملكمنصور,30.617,31.348,Zaqaziq,مركز الزقازيق,zaqaziq-eg1303,30.587,31.581,Sharkia,الشرقية
Kafr Abd El-Mo'men w El-Sheikh Radwan,كفرعبد المؤمن والشيخرضوان,31.073,31.536,Dikirnis,مركز دكرنس,dikirnis-eg1209,31.093,31.78,Dakahlia,الدقهلية
Kafr Abd El-Nabi,كفرعبد النبي,30.415,31.334,Minya al-Qamh,مركز منيا القمح,minya-al-qamh-eg1314,30.507,31.369,Sharkia,الشرقية
Kafr Abdo w Manshaat El-Kheir,كفرعبدهومنشأة الخير,30.524,31.149,Quwisna,مركز قويسنا,quwisna-eg1708,30.56,31.163,Menoufia,المنوفية
Kafr Abboud,كفرعبود,29.434,30.723,Abshaway,مركز أبشواى,abshaway-eg2303,29.374,30.69,Fayoum,الفيوم
Kafr Abyan,كفرعبيان,30.242,31.35,Al Khanka,مركز الخانكة,al-khanka-eg1403,30.231,31.358,Kalyoubia,القليوبية
Kafr Othman,كفر عثمان,31.073,30.709,Shubra Khit,مركز شبراخيت,shubra-khit-eg1810,31.003,30.679,Behera,البحيرة
Kafr Othman Effat,كفرعثمانعفت,30.444,31.397,Minya al-Qamh,مركز منيا القمح,minya-al-qamh-eg1314,30.507,31.369,Sharkia,الشرقية
Kafr Agiba,كفرعجيبة,30.614,31.627,Hihya,مركز ههيا,hihya-eg1315,30.652,31.617,Sharkia,الشرقية
Kafr Azzaz,كفرعزاز,31.012,30.339,Abu Hummus,مركز ابوحمص,abu-hummus-eg1804,31.106,30.31,Behera,البحيرة
Kafr Azzam,كفر عزام,30.842,31.531,Sinbillawin,مركز السنبلاوين,sinbillawin-eg1205,30.883,31.513,Dakahlia,الدقهلية
Kafr Azab Ghoneim,كفر عزب غنيم,30.525,31.251,Kafr Shukr,مركز كفر شكر,kafr-shukr-eg1411,30.554,31.275,Kalyoubia,القليوبية
Kafr Askar,كفر عسكر,30.669,30.919,Tala,مركز تلا,tala-eg1707,30.67,30.946,Menoufia,المنوفية
Kafr Askar Shandeed,كفرعسكرشنديد,30.911,30.694,Itay Al-Barud,مركز إيتاى البارود,itay-al-barud-eg1807,30.886,30.656,Behera,البحيرة
Kafr Askar Saft,كفر عسكر صفط,30.95,30.662,Itay Al-Barud,مركز إيتاى البارود,itay-al-barud-eg1807,30.886,30.656,Behera,البحيرة
Kafr Ashma,كفرعشما,30.581,30.897,Al-Shuhada,مركز الشهداء,al-shuhada-eg1705,30.601,30.87,Menoufia,المنوفية
Kafr Essam,كفرعصام,30.805,30.984,Tanta,مركز طنطا,tanta-eg1603,30.809,30.932,Gharbia,الغربية
Kafr Atallah,كفرعطا الله,30.45,31.267,Banha,مركز بنها,banha-eg1402,30.443,31.248,Kalyoubia,القليوبية
Kafr Atallah Salama,كفرعطا اللهسلامة,30.64,31.523,Zaqaziq,مركز الزقازيق,zaqaziq-eg1303,30.587,31.581,Sharkia,الشرقية
Kafr Atallah Sulaiman,كفرعطا اللهسليمان,30.625,31.383,Mit Ghamr,مركز ميت غمر,mit-ghamr-eg1213,30.708,31.338,Dakahlia,الدقهلية
Kafr Allam,كفرعلام,31.135,31.729,Minya Al-Nasr,مركز منية النصر,minya-al-nasr-eg1214,31.154,31.707,Dakahlia,الدقهلية
Kafr Alwan,كفر علوان,30.373,31.202,Tukh,مركز طوخ,tukh-eg1408,30.344,31.19,Kalyoubia,القليوبية
Kafr Alwan,كفر علوان,30.764,31.051,Tanta,مركز طنطا,tanta-eg1603,30.809,30.932,Gharbia,الغربية
Kafr Ali Abdallah,كفر علي عبدالله,30.71,31.352,Mit Ghamr,مركز ميت غمر,mit-ghamr-eg1213,30.708,31.338,Dakahlia,الدقهلية
Kafr Ali Ghali,كفرعليغ الي,30.406,31.324,Minya al-Qamh,مركز منيا القمح,minya-al-qamh-eg1314,30.507,31.369,Sharkia,الشرقية
Kafr Alim,كفرعليم,30.259,31.128,Qanatir Al-Khayriyya,مركز القناطر الخيرية,qanatir-al-khayriyya-eg1404,30.214,31.135,Kalyoubia,القليوبية
Kafr Alim,كفرعليم,30.639,31.11,Birkat Al-Sab,مركز بركة السبع,birkat-al-sab-eg1706,30.651,31.108,Menoufia,المنوفية
Kafr Ammar,كفرعمار,29.509,31.243,Ayat,مركز العياط,ayat-eg2112,29.564,31.25,Giza,الجيزة
Kafr Omar Mostafa,كفر عمر مصطفي,30.515,31.377,Minya al-Qamh,مركز منيا القمح,minya-al-qamh-eg1314,30.507,31.369,Sharkia,الشرقية
Kafr Omeira,كفر عميرة,29.401,30.931,Tamya,مركز طامية,tamya-eg2306,29.467,30.982,Fayoum,الفيوم
Kafr Awana,كفرعوانة,30.92,30.732,Itay Al-Barud,مركز إيتاى البارود,itay-al-barud-eg1807,30.886,30.656,Behera,البحيرة
Kafr Awad El-Suneita,كفرعوض السنيطة,30.892,31.29,Aga,مركز أجا,aga-eg1204,30.895,31.313,Dakahlia,الدقهلية
Kafr Awadallah Hegazi,كفرعوض اللهحجازي,30.55,31.537,Zaqaziq,مركز الزقازيق,zaqaziq-eg1303,30.587,31.581,Sharkia,الشرقية
Kafr Awad Sulaiman,كفر عوض سليمان,30.769,31.604,El-Ibrahimiya,مركز الأبراهيمية,el-ibrahimiya-eg1317,30.732,31.564,Sharkia,الشرقية
Kafr Aoun,كفرعون,30.243,31.027,Ashmun,مركز أشمون,ashmun-eg1703,30.299,31.008,Menoufia,المنوفية
Kafr Ayad Karim,كفرعيادكريم,30.467,31.635,Abu Hammad,مركز أبو حماد,abu-hammad-eg1304,30.543,31.649,Sharkia,الشرقية
Kafr Ghazi,كفرغازي,30.63,31.211,Zifta,مركز زفتى,zifta-eg1609,30.728,31.215,Gharbia,الغربية
Kafr Ghanem,كفرغانم,30.753,30.643,Kum Hamada,مركز كوم حمادة,kum-hamada-eg1813,30.654,30.774,Behera,البحيرة
Kafr Gharein,كفرغرين,30.766,30.748,Kum Hamada,مركز كوم حمادة,kum-hamada-eg1813,30.654,30.774,Behera,البحيرة
Kafr Ghannam,كفرغنام,30.829,31.582,Sinbillawin,مركز السنبلاوين,sinbillawin-eg1205,30.883,31.513,Dakahlia,الدقهلية
Kafr Ghoneim,كفر غنيم,31.143,30.607,Al-Rahmaniyya,مركز الرحمانية,al-rahmaniyya-eg1815,31.106,30.584,Behera,البحيرة
Kafr Farag Gerges,كفرفرججرجس,30.519,31.315,Minya al-Qamh,مركز منيا القمح,minya-al-qamh-eg1314,30.507,31.369,Sharkia,الشرقية
Kafr Farsis,كفرفرسيس,30.416,31.218,Banha,مركز بنها,banha-eg1402,30.443,31.248,Kalyoubia,القليوبية
Kafr Farsis,كفرفرسيس,30.683,31.23,Zifta,مركز زفتى,zifta-eg1609,30.728,31.215,Gharbia,الغربية
Kafr Fazara,كفرفزارة,29.428,30.808,Sinuras,مركز سنورس,sinuras-eg2305,29.441,30.815,Fayoum,الفيوم
Kafr Fiyala,كفرفي الة,30.922,31.161,El Mahalla El Kobra,مركز المحله الكبرى,el-mahalla-el-kobra-eg1607,31.017,31.13,Gharbia,الغربية
Kafr Fisha El-Koubra,كفرفيشا الكبري,30.427,30.954,Minuf,مركز منوف,minuf-eg1709,30.46,30.881,Menoufia,المنوفية
Kafr Qassem,كفرقاسم,29.538,31.26,Ayat,مركز العياط,ayat-eg2112,29.564,31.25,Giza,الجيزة
Kafr Qarshoum,كفرقرشوم,30.682,30.974,Tala,مركز تلا,tala-eg1707,30.67,30.946,Menoufia,المنوفية
Kafr Qartam,كفرقرطام,30.719,31.167,Santa,مركز السنطة,santa-eg1604,30.773,31.119,Gharbia,الغربية
Kafr Qareitna,كفرقريطنة,31.042,31.04,El Mahalla El Kobra,مركز المحله الكبرى,el-mahalla-el-kobra-eg1607,31.017,31.13,Gharbia,الغربية
Kafr Qashash,كفرقشاش,30.965,30.689,Shubra Khit,مركز شبراخيت,shubra-khit-eg1810,31.003,30.679,Behera,البحيرة
Kafr Qandil,كفرقنديل,29.431,31.233,Atfeh,مركز أطفيح,atfeh-eg2115,29.343,31.25,Giza,الجيزة
Kafr Qansawa,كفرقنصوة,30.843,31.506,Sinbillawin,مركز السنبلاوين,sinbillawin-eg1205,30.883,31.513,Dakahlia,الدقهلية
Kafr Qaneish,كفرقنيش,31.137,31.711,Minya Al-Nasr,مركز منية النصر,minya-al-nasr-eg1214,31.154,31.707,Dakahlia,الدقهلية
Kafr Qours,كفرقورص,30.269,31.053,Ashmun,مركز أشمون,ashmun-eg1703,30.299,31.008,Menoufia,المنوفية
Kafr Koshk,كفركشك,30.721,31.76,Faqus,مركز فاقوس,faqus-eg1312,30.749,31.896,Sharkia,الشرقية
Kafr Kala El-Bab,كفركلا الباب,30.691,31.15,Santa,مركز السنطة,santa-eg1604,30.773,31.119,Gharbia,الغربية
Kafr Kourdi,كفركوردي,30.514,31.257,Kafr Shukr,مركز كفر شكر,kafr-shukr-eg1411,30.554,31.275,Kalyoubia,القليوبية
Kafr Labs,كفرلبس,27.892,30.722,Markz Abu Qurqas,مركز ابو قرقاص,markz-abu-qurqas-eg2404,27.939,30.77,Menia,المنيا
Kafr Lahaimer,كفرلحيمر,30.812,30.595,Al-Dilingat,مركز الدلنجات,al-dilingat-eg1805,30.81,30.49,Behera,البحيرة
Kafr Mougahed,كفرمجاهد,30.819,30.784,Kum Hamada,مركز كوم حمادة,kum-hamada-eg1813,30.654,30.774,Behera,البحيرة
Kafr Magar,كفرمجر,31.102,30.733,Disuq,مركز دسوق,disuq-eg1506,31.15,30.72,Kafr El-Shikh,كفر الشيخ
Kafr Mohsen,كفرمحسن,30.724,31.542,El-Ibrahimiya,مركز الأبراهيمية,el-ibrahimiya-eg1317,30.732,31.564,Sharkia,الشرقية
Kafr Mahfouz,كفرمحفوظ,29.462,30.897,Tamya,مركز طامية,tamya-eg2306,29.467,30.982,Fayoum,الفيوم
Kafr Mahalla Dawoud,كفر محلة داود,31.096,30.598,Al-Rahmaniyya,مركز الرحمانية,al-rahmaniyya-eg1815,31.106,30.584,Behera,البحيرة
Kafr Mahalla Maseer,كفر محلة مسير,31.03,31.005,Qutur,مركز قطور,qutur-eg1611,30.971,30.97,Gharbia,الغربية
Kafr Mohamed Ahmed,كفر محمد أحمد,30.569,31.318,Minya al-Qamh,مركز منيا القمح,minya-al-qamh-eg1314,30.507,31.369,Sharkia,الشرقية
Kafr Mohamed El-Shennawy,كفرمحمد الشناوي,30.892,31.505,Sinbillawin,مركز السنبلاوين,sinbillawin-eg1205,30.883,31.513,Dakahlia,الدقهلية
Kafr Mohamed El-Ghatouri,كفرمحمد الغتوري,30.506,31.429,Minya al-Qamh,مركز منيا القمح,minya-al-qamh-eg1314,30.507,31.369,Sharkia,الشرقية
Kafr Mohamed Hussein,كفر محمد حسين,30.582,31.495,Zaqaziq,مركز الزقازيق,zaqaziq-eg1303,30.587,31.581,Sharkia,الشرقية
Kafr Mohamed Shawish,كفرمحمدشاويش,30.551,31.453,Zaqaziq,مركز الزقازيق,zaqaziq-eg1303,30.587,31.581,Sharkia,الشرقية
Kafr Mahmoud,كفرمحمود,30.38,31.065,Al-Bagur,مركز الباجور,al-bagur-eg1704,30.413,31.032,Menoufia,المنوفية
Kafr Mahmoud Shawish,كفرمحمودشاويش,30.647,31.483,Zaqaziq,مركز الزقازيق,zaqaziq-eg1303,30.587,31.581,Sharkia,الشرقية
Kafr Mosaad,كفرمساعد,30.925,30.635,Itay Al-Barud,مركز إيتاى البارود,itay-al-barud-eg1807,30.886,30.656,Behera,البحيرة
Kafr Mostanan,كفرمستنان,31.008,30.688,Shubra Khit,مركز شبراخيت,shubra-khit-eg1810,31.003,30.679,Behera,البحيرة
Kafr Masoud,كفر مسعود,30.786,30.941,Tanta,مركز طنطا,tanta-eg1603,30.809,30.932,Gharbia,الغربية
Kafr Masoud Hegazi,كفرمسعودحجازي,30.445,31.415,Bilbis,مركز بلبيس,bilbis-eg1308,30.408,31.531,Sharkia,الشرقية
Kafr Mashala,كفرمشلة,30.735,30.805,Kafr Al-Zayyat,مركز كفر الزيات,kafr-al-zayyat-eg1612,30.807,30.835,Gharbia,الغربية
Kafr Mostafa,كفر مصطفي,30.437,31.386,Minya al-Qamh,مركز منيا القمح,minya-al-qamh-eg1314,30.507,31.369,Sharkia,الشرقية
Kafr Malij,كفرمليج,30.624,31.039,Birkat Al-Sab,مركز بركة السبع,birkat-al-sab-eg1706,30.651,31.108,Menoufia,المنوفية
Kafr Manawahla,كفرمناوهلة,30.475,31.042,Al-Bagur,مركز الباجور,al-bagur-eg1704,30.413,31.032,Menoufia,المنوفية
Kafr Mansaba,كفرمنسابة,28.8,30.793,Al Fashn,مركز الفشن,al-fashn-eg2204,28.809,30.827,Beni Suef,بنى سويف
Kafr Manshaat El-Nasr,كفر منشأة النصر,31.339,31.502,Shirbin,مركز شربين,shirbin-eg1210,31.261,31.576,Dakahlia,الدقهلية
Kafr Mansour,كفرمنصور,30.341,31.169,Tukh,مركز طوخ,tukh-eg1408,30.344,31.19,Kalyoubia,القليوبية
Kafr Mansour,كفرمنصور,30.516,31.233,Kafr Shukr,مركز كفر شكر,kafr-shukr-eg1411,30.554,31.275,Kalyoubia,القليوبية
Kafr Mansour,كفرمنصور,30.226,31.044,Ashmun,مركز أشمون,ashmun-eg1703,30.299,31.008,Menoufia,المنوفية
Kafr Mansour,كفرمنصور,28.979,31.027,Biba,مركز ببا,biba-eg2207,28.951,30.967,Beni Suef,بنى سويف
Kafr Mahdi,كفرمهدي,28.678,30.774,Markz Al Idwa,مركز العدوة,markz-al-idwa-eg2405,28.696,30.74,Menia,المنيا
Kafr Moussa Shawish,كفرموسيشاويش,30.568,31.331,Minya al-Qamh,مركز منيا القمح,minya-al-qamh-eg1314,30.507,31.369,Sharkia,الشرقية
Kafr Mouis,كفرمويس,30.487,31.24,Banha,مركز بنها,banha-eg1402,30.443,31.248,Kalyoubia,القليوبية
Kafr Mit Haway,كفرميتحواي,30.781,31.105,Santa,مركز السنطة,santa-eg1604,30.773,31.119,Gharbia,الغربية
Kafr Mit Abou El-Koum,كفر ميت أبو الكوم,30.637,30.925,Tala,مركز تلا,tala-eg1707,30.67,30.946,Menoufia,المنوفية
Kafr Mit El-Haroun,كفرميت الحارون,30.617,31.248,Zifta,مركز زفتى,zifta-eg1609,30.728,31.215,Gharbia,الغربية
Kafr Mit El-Absi,كفرميت العبسي,30.556,31.239,Quwisna,مركز قويسنا,quwisna-eg1708,30.56,31.163,Menoufia,المنوفية
Kafr Mit El-Ezz,كفرميت العز,30.626,31.281,Mit Ghamr,مركز ميت غمر,mit-ghamr-eg1213,30.708,31.338,Dakahlia,الدقهلية
Kafr Mit Bashar,كفرميتبشار,30.534,31.382,Minya al-Qamh,مركز منيا القمح,minya-al-qamh-eg1314,30.507,31.369,Sharkia,الشرقية
Kafr Mit Siraj,كفرميتسراج,30.535,31.069,Quwisna,مركز قويسنا,quwisna-eg1708,30.56,31.163,Menoufia,المنوفية
Kafr Mit Souhail,كفرميتسهيل,30.452,31.396,Minya al-Qamh,مركز منيا القمح,minya-al-qamh-eg1314,30.507,31.369,Sharkia,الشرقية
Kafr Mit Fatek,كفرميتفاتك,31.071,31.44,El Mansora,مركز المنصورة,el-mansora-eg1203,31.053,31.467,Dakahlia,الدقهلية
Kafr Mit Faris,كفر ميت فارس,31.036,31.626,Bany Abeed,مركز بنى عبيد,bany-abeed-eg1218,31.024,31.648,Dakahlia,الدقهلية
Kafr Nasser,كفر ناصر,28.94,30.994,Biba,مركز ببا,biba-eg2207,28.951,30.967,Beni Suef,بنى سويف
Kafr Nashwa,كفرنشوة,30.482,31.482,Minya al-Qamh,مركز منيا القمح,minya-al-qamh-eg1314,30.507,31.369,Sharkia,الشرقية
Kafr Naseer,كفرنصير,30.919,30.866,Basyun,مركز بسيون,basyun-eg1608,30.959,30.827,Gharbia,الغربية
Kafr Nou'man,كفرنعمان,30.789,31.249,Mit Ghamr,مركز ميت غمر,mit-ghamr-eg1213,30.708,31.338,Dakahlia,الدقهلية
Kafr Nafra El-Bahari,كفرنفرة البحري,30.651,31.165,Birkat Al-Sab,مركز بركة السبع,birkat-al-sab-eg1706,30.651,31.108,Menoufia,المنوفية
Kafr Nakla,كفرنكلا,31.167,30.508,Al-Mahmudiyya,مركز المحمودية,al-mahmudiyya-eg1806,31.197,30.488,Behera,البحيرة
Kafr Nawwar Hanna,كفرنوارحنا,30.594,31.411,Zaqaziq,مركز الزقازيق,zaqaziq-eg1303,30.587,31.581,Sharkia,الشرقية
Kafr Naway,كفرنواي,30.757,31.172,Zifta,مركز زفتى,zifta-eg1609,30.728,31.215,Gharbia,الغربية
Kafr Harbeit,كفرهربيط,30.719,31.615,Abu Kabir,مركز أبوكبير,abu-kabir-eg1305,30.733,31.69,Sharkia,الشرقية
Kafr Helal,كفرهل ال,30.639,31.176,Birkat Al-Sab,مركز بركة السبع,birkat-al-sab-eg1706,30.651,31.108,Menoufia,المنوفية
Kafr Hourin,كفرهورين,30.653,31.112,Birkat Al-Sab,مركز بركة السبع,birkat-al-sab-eg1706,30.651,31.108,Menoufia,المنوفية
Kafr Wahab,كفروهب,30.518,31.139,Quwisna,مركز قويسنا,quwisna-eg1708,30.56,31.163,Menoufia,المنوفية
Kafr Yaqoub,كفريعقوب,30.776,30.768,Kafr Al-Zayyat,مركز كفر الزيات,kafr-al-zayyat-eg1612,30.807,30.835,Gharbia,الغربية
Kafr Youssef,كفر يوسف,31.322,31.532,Shirbin,مركز شربين,shirbin-eg1210,31.261,31.576,Dakahlia,الدقهلية
Kafr Youssef Hanas,كفر يوسف حنس,31.119,30.811,Qillin,مركز قلين,qillin-eg1509,31.085,30.817,Kafr El-Shikh,كفر الشيخ
Kafr Youssef Dawoud,كفر يوسف داود,31.125,30.83,Qillin,مركز قلين,qillin-eg1509,31.085,30.817,Kafr El-Shikh,كفر الشيخ
Kafr Youssef Salama,كفريوسفسلامة,30.557,31.485,Zaqaziq,مركز الزقازيق,zaqaziq-eg1303,30.587,31.581,Sharkia,الشرقية
Kafr Youssef Samri,كفريوسفسمري,30.464,31.328,Minya al-Qamh,مركز منيا القمح,minya-al-qamh-eg1314,30.507,31.369,Sharkia,الشرقية
Kafr Youssef Shahata,كفريوسفشحاتة,30.346,31.37,Mashtul Al-Suq,مركز مشتول السوق,mashtul-al-suq-eg1316,30.361,31.383,Sharkia,الشرقية
Kafr Youssef Awad,كفر يوسف عوض,30.833,31.427,Sinbillawin,مركز السنبلاوين,sinbillawin-eg1205,30.883,31.513,Dakahlia,الدقهلية
Kafr Ahmed Shalaby,كفراحمد شلبى,30.934,30.942,Qutur,مركز قطور,qutur-eg1611,30.971,30.97,Gharbia,الغربية
Kafret El-Gabal,كفرة الجبل,29.965,31.152,Al-Ahram,قسم الأهرام,al-ahram-eg2106,29.99,31.136,Giza,الجيزة
Kafret Nassar w Funduq Mena House,كفرةنصاروفندقميناهاوس,29.995,31.135,Al-Ahram,قسم الأهرام,al-ahram-eg2106,29.99,31.136,Giza,الجيزة
Kofour El-Ghab,كفور الغاب,31.377,31.55,Kafr Sad,مركز كفر سعد,kafr-sad-eg1104,31.359,31.603,Damietta,دمياط
Kofour El-Bahayta,كفور البهايتة,30.701,31.35,Mit Ghamr,مركز ميت غمر,mit-ghamr-eg1213,30.708,31.338,Dakahlia,الدقهلية
Kofour El-Raml,كفور الرمل,30.546,31.179,Quwisna,مركز قويسنا,quwisna-eg1708,30.56,31.163,Menoufia,المنوفية
Kofour El-Sawalm Bahari,كفور الس والمبحري,30.895,30.721,Itay Al-Barud,مركز إيتاى البارود,itay-al-barud-eg1807,30.886,30.656,Behera,البحيرة
Kofour El-Sawalm Qebli,كفور الس والمقبلي,30.874,30.738,Itay Al-Barud,مركز إيتاى البارود,itay-al-barud-eg1807,30.886,30.656,Behera,البحيرة
Kofour El-Sheikh Fadl,كفور الشيخفضل,29.347,30.758,Fayyum,مركز الفيوم,fayyum-eg2302,29.3,30.955,Fayoum,الفيوم
Kofour El-Souliya,كفور الصولية,28.433,30.821,Markz Matay,مركز مطاى,markz-matay-eg2409,28.431,30.71,Menia,المنيا
Kofour El-Arab,كفور العرب,31.099,31.355,Talkha,مركز طلخا,talkha-eg1211,31.109,31.383,Dakahlia,الدقهلية
Kofour El-Nil,كفور النيل,29.309,30.885,Fayyum,مركز الفيوم,fayyum-eg2302,29.3,30.955,Fayoum,الفيوم
Kofour Balshay,كفوربلشاي,30.873,30.799,Kafr Al-Zayyat,مركز كفر الزيات,kafr-al-zayyat-eg1612,30.807,30.835,Gharbia,الغربية
Kofour Hashmat,كفورحشمت,29.177,30.779,Atsa,مركز أطسا,atsa-eg2304,29.208,30.767,Fayoum,الفيوم
Kofour Shahata,كفورشحاتة,31.296,31.63,Kafr Sad,مركز كفر سعد,kafr-sad-eg1104,31.359,31.603,Damietta,دمياط
Kofour Abed,كفورعابد,30.341,31.183,Tukh,مركز طوخ,tukh-eg1408,30.344,31.19,Kalyoubia,القليوبية
Kofour Amer w Radwan,كفورعامرورضوان,30.524,31.238,Kafr Shukr,مركز كفر شكر,kafr-shukr-eg1411,30.554,31.275,Kalyoubia,القليوبية
Kofour Kom Ombo,كفوركومأمبو,24.535,32.95,Kum Umbu,مركز كوم امبو,kum-umbu-eg2804,24.48,32.947,Aswan,أسوان
Kufour Najm,كفور نجم,30.735,31.598,El-Ibrahimiya,مركز الأبراهيمية,el-ibrahimiya-eg1317,30.732,31.564,Sharkia,الشرقية
Kalout Bek,كلوتبك,30.058,31.25,Al Azbakiyya,قسم الأزبكية,al-azbakiyya-eg0113,30.06,31.246,Cairo,القاهرة
Kamal El Din Salah,كمال الدين صلاح,30.609,30.702,Badr,مركز بدر,badr-eg1818,30.547,30.679,Behera,البحيرة
Kamshoush,كمشوش,30.415,30.926,Minuf,مركز منوف,minuf-eg1709,30.46,30.881,Menoufia,المنوفية
Kamshish,كمشيش,30.608,30.94,Tala,مركز تلا,tala-eg1707,30.67,30.946,Menoufia,المنوفية
Kanj Othman,كنجعثمان,31.152,30.11,Kafr Al-Dawwar,مركز كفر الدوار,kafr-al-dawwar-eg1812,31.129,30.038,Behera,البحيرة
Kaniset El Saradousi,كنيسة السرادوسي,31.193,30.695,Disuq,مركز دسوق,disuq-eg1506,31.15,30.72,Kafr El-Shikh,كفر الشيخ
Kaniset El Dahriya,كنيسة الضهرية,30.826,30.749,Itay Al-Barud,مركز إيتاى البارود,itay-al-barud-eg1807,30.886,30.656,Behera,البحيرة
Kaniset Ourin,كنيسةأورين,30.953,30.676,Shubra Khit,مركز شبراخيت,shubra-khit-eg1810,31.003,30.679,Behera,البحيرة
Kaniset Damshit,كنيسةدمشيت,30.9,31.017,Tanta,مركز طنطا,tanta-eg1603,30.809,30.932,Gharbia,الغربية
Kaniset Shubrato,كنيسةشبراطو,30.997,30.822,Basyun,مركز بسيون,basyun-eg1608,30.959,30.827,Gharbia,الغربية
Kobri El Mahatta,كوبري المحطة,30.814,30.997,Tanta 1,قسم أول طنطا,tanta-1-eg1601,30.795,31.014,Gharbia,الغربية
Kobri El Qobba,كوبري القبة,30.084,31.293,Al Wayli,قسم الوايلي,al-wayli-eg0122,30.072,31.283,Cairo,القاهرة
Koudyet Mubarak,كوديةمبارك,27.516,30.757,Dayrut,مركز ديروط,dayrut-eg2510,27.537,30.782,Assiut,أسيوط
Koum El Nasr,كوم النصر,31.138,30.473,Al-Mahmudiyya,مركز المحمودية,al-mahmudiyya-eg1806,31.197,30.488,Behera,البحيرة
Koum Badr,كوم بدر,26.78,31.425,Tahta,مركز طهطا,tahta-eg2614,26.785,31.42,Suhag,سوهاج
Koum Abu Hagar,كومأبوحجر,26.935,31.361,Sidfa,مركز صدفا,sidfa-eg2511,26.943,31.38,Assiut,أسيوط
Koum Abu Khallad,كومأبوخلاد,29.207,31.061,Nasir,مركز ناصر,nasir-eg2209,29.187,31.078,Beni Suef,بنى سويف
Koum Abu Radi,كوم أبو راضي,29.316,31.153,Al Wasta,مركز الواسطى,al-wasta-eg2205,29.324,31.17,Beni Suef,بنى سويف
Koum Abu Sheil,كومأبوشيل,27.242,31.168,Abnub,مركز أبنوب,abnub-eg2504,27.295,31.106,Assiut,أسيوط
Koum Adreiga,كومأدريجة,29.272,31.205,Al Wasta,مركز الواسطى,al-wasta-eg2205,29.324,31.17,Beni Suef,بنى سويف
Koum Asfaht,كومأسفحت,26.952,31.321,Sidfa,مركز صدفا,sidfa-eg2511,26.943,31.38,Assiut,أسيوط
Koum Ashfin,كومأشفين,30.175,31.257,Qalyub,مركز قليوب,qalyub-eg1410,30.207,31.214,Kalyoubia,القليوبية
Koum Ashqaw,كومأشقاو,26.841,31.425,Tama,مركز طما,tama-eg2613,26.874,31.422,Suhag,سوهاج
Koum Ashkilo,كومأشكيلو,26.263,31.862,Girga,مركز جرجا,girga-eg2610,26.307,31.867,Suhag,سوهاج
Koum Ashou,كومأشو,31.167,30.145,Kafr Al-Dawwar,مركز كفر الدوار,kafr-al-dawwar-eg1812,31.129,30.038,Behera,البحيرة
Koum El Ashraf,كوم الأشراف,30.657,31.381,Zaqaziq,مركز الزقازيق,zaqaziq-eg1303,30.587,31.581,Sharkia,الشرقية
Koum El Atrun,كوم الأطرون,30.344,31.159,Tukh,مركز طوخ,tukh-eg1408,30.344,31.19,Kalyoubia,القليوبية
Koum El Baga,كوم البجا,26.088,32.175,Farshut,مركز فرشوط,farshut-eg2710,26.056,32.149,Qena,قنا
Koum El Baraka,كوم البركة,31.096,30.064,Kafr Al-Dawwar,مركز كفر الدوار,kafr-al-dawwar-eg1812,31.129,30.038,Behera,البحيرة
Koum El Hasel,كوم الحاصل,28.63,30.682,Markz Maghagha,مركز مغاغة,markz-maghagha-eg2410,28.641,30.794,Menia,المنيا
Koum El Hagar,كوم الحجر,31.43,31.137,Al Hamul,مركز الحامول,al-hamul-eg1511,31.388,31.075,Kafr El-Shikh,كفر الشيخ
Koum El Hagana,كوم الحجنة,31.185,31.115,Biyalu,مركز بيلا,biyalu-eg1504,31.32,31.248,Kafr El-Shikh,كفر الشيخ
Koum El Darbi,كوم الدربي,31.001,31.441,El Mansora,مركز المنصورة,el-mansora-eg1203,31.053,31.467,Dakahlia,الدقهلية
Koum El Dekka Sharq,كوم الدكةشرق,31.198,29.91,Al Attarin,قسم العطارين,al-attarin-eg0206,31.198,29.904,Alexandria,الاسكندرية
Koum El Dekka Gharb,كوم الدكةغرب,31.196,29.907,Al Attarin,قسم العطارين,al-attarin-eg0206,31.198,29.904,Alexandria,الاسكندرية
Koum El Dahab - Zubeida El Bahariya Sabeqan,كوم الذهب_زبيدة البحريةسابقا,31.353,30.72,Sidi Salim,مركز سيدى سالم,sidi-salim-eg1507,31.31,30.738,Kafr El-Shikh,كفر الشيخ
Koum El Raml El Bahari,كوم الرمل البحري,29.128,30.948,Ahnasya,مركز أهناسيا,ahnasya-eg2206,29.102,30.943,Beni Suef,بنى سويف
Koum El Ramli El Qibli,كوم الرملي القبلي,29.017,30.875,Sumusta,مركز سمسطا,sumusta-eg2208,28.951,30.866,Beni Suef,بنى سويف
Koum El Zuheir,كوم الزهير,27.989,30.791,Markz Abu Qurqas,مركز ابو قرقاص,markz-abu-qurqas-eg2404,27.939,30.77,Menia,المنيا
Koum El Samn,كوم السمن,30.213,31.292,Shibin al-Qanatir,مركز شبين القناطر,shibin-al-qanatir-eg1405,30.296,31.307,Kalyoubia,القليوبية
Koum El Shaqafa Sharq,كومالشقافة شرق,31.181,29.894,Mina Al-Basal,قسم مينا البصل,mina-al-basal-eg0211,31.167,29.88,Alexandria,الاسكندرية
Koum El Shaqafa Gharb,كومالشقافة غرب,31.18,29.891,Mina Al-Basal,قسم مينا البصل,mina-al-basal-eg0211,31.167,29.88,Alexandria,الاسكندرية
Koum El Shahid,كوم الشهيد,27.363,30.927,Manfalut,مركز منفلوط,manfalut-eg2512,27.294,30.951,Assiut,أسيوط
Koum El Sheikh Salama,كوم الشيخسلامة,30.051,31.255,Muski,قسم الموسكي,muski-eg0110,30.05,31.252,Cairo,القاهرة
Koum El Sheikh Obeid,كوم الشيخ عبيد,30.668,30.98,Tala,مركز تلا,tala-eg1707,30.67,30.946,Menoufia,المنوفية
Koum El Saayda,كوم الصعايدة,26.296,31.915,Girga,مركز جرجا,girga-eg2610,26.307,31.867,Suhag,سوهاج
Koum El Dabaa,كوم الضبع,30.471,31.033,Al-Bagur,مركز الباجور,al-bagur-eg1704,30.413,31.032,Menoufia,المنوفية
Koum El Tarfaya,كوم الطرفاية,31.246,30.14,Kafr Al-Dawwar,مركز كفر الدوار,kafr-al-dawwar-eg1812,31.129,30.038,Behera,البحيرة
Koum El Arab,كوم العرب,26.873,31.456,Tama,مركز طما,tama-eg2613,26.874,31.422,Suhag,سوهاج
Koum El Farag,كوم الفرج,30.985,30.048,Abu-l-Matamir,مركز ابوالمطامير,abu-l-matamir-eg1803,30.773,30.144,Behera,البحيرة
Koum El Qadah,كوم القدح,30.981,30.197,Abu-l-Matamir,مركز ابوالمطامير,abu-l-matamir-eg1803,30.773,30.144,Behera,البحيرة
Koum El Qanater,كوم القناطر,31.118,30.313,Abu Hummus,مركز ابوحمص,abu-hummus-eg1804,31.106,30.31,Behera,البحيرة
Koum El Loufi,كوم اللوفي,28.254,30.698,Markz Samalut,مركز سمالوط,markz-samalut-eg2408,28.285,30.629,Menia,المنيا
Koum El Muharras,كوم المحرص,27.999,30.756,Markz Abu Qurqas,مركز ابو قرقاص,markz-abu-qurqas-eg2404,27.939,30.77,Menia,المنيا
Koum El Mansoura,كوم المنصورة,27.293,31.037,Abnub,مركز أبنوب,abnub-eg2504,27.295,31.106,Assiut,أسيوط
Koum El Naggar,كوم النجار,30.955,30.881,Basyun,مركز بسيون,basyun-eg1608,30.959,30.827,Gharbia,الغربية
Koum El Nour,كوم النور,29.008,30.898,Sumusta,مركز سمسطا,sumusta-eg2208,28.951,30.866,Beni Suef,بنى سويف
Koum El Nour wa Kafr El Dalil,كوم النوروكفر الدليل,30.733,31.307,Mit Ghamr,مركز ميت غمر,mit-ghamr-eg1213,30.708,31.338,Dakahlia,الدقهلية
Koum Angasha,كومأنجاشة,27.543,30.749,Dayrut,مركز ديروط,dayrut-eg2510,27.537,30.782,Assiut,أسيوط
Koum Badar,كومبدار,26.466,31.728,Al-Minshat,مركز المنشأة,al-minshat-eg2607,26.464,31.756,Suhag,سوهاج
Koum Beni Miras,كومبنيمراس,31.017,31.532,El Mansora,مركز المنصورة,el-mansora-eg1203,31.053,31.467,Dakahlia,الدقهلية
Koum Bouha Bahari,كومبوهابحري,27.506,30.819,Dayrut,مركز ديروط,dayrut-eg2510,27.537,30.782,Assiut,أسيوط
Koum Bouha Qibli,كومبوهاقبلي,27.276,30.963,Manfalut,مركز منفلوط,manfalut-eg2512,27.294,30.951,Assiut,أسيوط
Koum Gaber,كوم جابر,26.124,32.045,Abu Tisht,مركز أبو طشت,abu-tisht-eg2703,26.13,32.086,Qena,قنا
Koum Haffeen,كومحفين,30.989,29.935,Abu-l-Matamir,مركز ابوالمطامير,abu-l-matamir-eg1803,30.773,30.144,Behera,البحيرة
Koum Hallein,كومحلين,30.492,31.316,Minya al-Qamh,مركز منيا القمح,minya-al-qamh-eg1314,30.507,31.369,Sharkia,الشرقية
Koum Dafshou,كومدفشو,31.068,29.976,Kafr Al-Dawwar,مركز كفر الدوار,kafr-al-dawwar-eg1812,31.129,30.038,Behera,البحيرة
Koum Zamran,كومزمران,30.829,30.588,Al-Dilingat,مركز الدلنجات,al-dilingat-eg1805,30.81,30.49,Behera,البحيرة
Koum Saada,كومسعدة,27.005,31.414,Al- Badari,مركز البدارى,al-badari-eg2506,26.946,31.456,Assiut,أسيوط
Koum Said El Gharbi,كومسعيد الغربي,26.926,31.361,Sidfa,مركز صدفا,sidfa-eg2511,26.943,31.38,Assiut,أسيوط
Koum Sherik,كومشريك,30.66,30.784,Kum Hamada,مركز كوم حمادة,kum-hamada-eg1813,30.654,30.774,Behera,البحيرة
Koum Ali,كوم علي,30.903,30.993,Qutur,مركز قطور,qutur-eg1611,30.971,30.97,Gharbia,الغربية
Koum Eiad,كوم عياد,30.349,31.001,Ashmun,مركز أشمون,ashmun-eg1703,30.299,31.008,Menoufia,المنوفية
Koum Ghorab,كوم غراب,30.001,31.244,Misr Al-Qadima,مصرالقديمة,misr-al-qadima-eg0106,30.006,31.242,Cairo,القاهرة
Koum Gharib,كومغريب,26.847,31.389,Tama,مركز طما,tama-eg2613,26.874,31.422,Suhag,سوهاج
Koum Mazen,كوممازن,30.684,30.816,Tala,مركز تلا,tala-eg1707,30.67,30.946,Menoufia,المنوفية
Koum Mattay,كوممطاي,28.449,30.765,Markz Matay,مركز مطاى,markz-matay-eg2409,28.431,30.71,Menia,المنيا
Koum Wali,كوم والي,28.423,30.699,Markz Matay,مركز مطاى,markz-matay-eg2409,28.431,30.71,Menia,المنيا
Koum Yaqoub,كوميعقوب,26.113,32.084,Abu Tisht,مركز أبو طشت,abu-tisht-eg2703,26.13,32.086,Qena,قنا
Koum Batteen,كومبتين,30.314,31.143,Tukh,مركز طوخ,tukh-eg1408,30.344,31.19,Kalyoubia,القليوبية
Koumbarra,كومبرة,30.078,31.13,Kardasa,مركز كرداسة,kardasa-eg2120,30.051,31.134,Giza,الجيزة
Koumier,كومير,25.209,32.636,Isna,مركز إسنا,isna-eg2705,25.365,32.52,Qena,قنا
Keiman El Mataana,كيمان المطاعنة,25.47,32.501,Isna,مركز إسنا,isna-eg2705,25.365,32.52,Qena,قنا
Keiman Said El Sharqi wa Toma,كيمانسعيد الشرقيوطما,26.94,31.383,Sidfa,مركز صدفا,sidfa-eg2511,26.943,31.38,Assiut,أسيوط
Labshit,لابشيط,30.947,31.071,El Mahalla El Kobra,مركز المحله الكبرى,el-mahalla-el-kobra-eg1607,31.017,31.13,Gharbia,الغربية
Lasayfer,لاصيفر,31.202,30.72,Disuq,مركز دسوق,disuq-eg1506,31.15,30.72,Kafr El-Shikh,كفر الشيخ
Labisha wa Hessetha,لبيشةوحصتها,30.387,30.955,Ashmun,مركز أشمون,ashmun-eg1703,30.299,31.008,Menoufia,المنوفية
Lahimer,لحيمر,30.812,30.608,Al-Dilingat,مركز الدلنجات,al-dilingat-eg1805,30.81,30.49,Behera,البحيرة
Laqana,لقانة,31.039,30.613,Shubra Khit,مركز شبراخيت,shubra-khit-eg1810,31.003,30.679,Behera,البحيرة
Louqeen,لوقين,31.067,30.149,Kafr Al-Dawwar,مركز كفر الدوار,kafr-al-dawwar-eg1812,31.129,30.038,Behera,البحيرة
Loumana El Gedida,لومانا الجديدة,31.125,31.183,El Mahalla El Kobra,مركز المحله الكبرى,el-mahalla-el-kobra-eg1607,31.017,31.13,Gharbia,الغربية
Marbella,ماربيلا,30.894,28.832,Alamn,قسم مارينا العلمين السياحية,alamn-eg3307,30.782,28.74,Matrouh,مطروح
Mariya,مارية,24.642,32.943,Nasr,مركز نصر,nasr-eg2805,24.373,32.932,Aswan,أسوان
Marina El Alamein El Siyahia,ماريناالعلمين السياحية,30.837,28.933,Alamn,قسم مارينا العلمين السياحية,alamn-eg3307,30.782,28.74,Matrouh,مطروح
Mazen,مازن,26.532,31.691,Suhag,قسم اول سوهاج,suhag-eg2601,26.547,31.693,Suhag,سوهاج
Maqousa,ماقوسة,28.066,30.753,Markz Al Minya,مركز المنيا,markz-al-minya-eg2402,28.101,30.641,Menia,المنيا
Mubarak,مبارك,31.201,31.85,Gamaliyya,مركز الجمالية,gamaliyya-eg1215,31.205,31.852,Dakahlia,الدقهلية
Mubarak,مبارك,31.042,31.71,Bany Abeed,مركز بنى عبيد,bany-abeed-eg1218,31.024,31.648,Dakahlia,الدقهلية
Mubarak - Sharq El Tafreea,مبارك - شرق التفريعة,31.067,32.43,Mubark-Sharq Tafrea,قسم مبارك - شرق التفريعة,mubark-sharq-tafrea-eg0309,31.067,32.43,Port Said,بورسعيد
Mubarak El Gedida,مبارك الجديدة,31.067,31.563,Mahalet Demna,مركز محلة دمنة,mahalet-demna-eg1219,31.09,31.513,Dakahlia,الدقهلية
Mubasher,مباشر,30.719,31.513,El-Ibrahimiya,مركز الأبراهيمية,el-ibrahimiya-eg1317,30.732,31.564,Sharkia,الشرقية
Matboul,متبول,31.104,31.049,Kafr Al-Shaykh,مركز كفر الشيخ,kafr-al-shaykh-eg1502,31.2,31.016,Kafr El-Shikh,كفر الشيخ
Magar,مجر,31.036,31.419,El Mansora,مركز المنصورة,el-mansora-eg1203,31.053,31.467,Dakahlia,الدقهلية
Magariya wa Kafr Megahed,مجريةوكفرمجاهد,30.366,30.962,Ashmun,مركز أشمون,ashmun-eg1703,30.299,31.008,Menoufia,المنوفية
Magrees,مجريس,26.984,31.362,Sidfa,مركز صدفا,sidfa-eg2511,26.943,31.38,Assiut,أسيوط
Magoul,مجول,30.399,31.178,Banha,مركز بنها,banha-eg1402,30.443,31.248,Kalyoubia,القليوبية
Magoul,مجول,31.035,31.217,Samannud,مركز سمنود,samannud-eg1610,30.95,31.221,Gharbia,الغربية
Mahallat El Borg,محلة البرج,30.989,31.173,El Mahalla El Kobra 1,قسم أول المحلة الكبرى,el-mahalla-el-kobra-1-eg1605,30.972,31.172,Gharbia,الغربية
Mahallat El Qasab,محلة القصب,31.153,30.913,Kafr Al-Shaykh,مركز كفر الشيخ,kafr-al-shaykh-eg1502,31.2,31.016,Kafr El-Shikh,كفر الشيخ
Mahallat Ziyad,محلة زياد,31.031,31.248,Samannud,مركز سمنود,samannud-eg1610,30.95,31.221,Gharbia,الغربية
Mahallat Moussa,محلة موسى,31.095,30.894,Kafr Al-Shaykh,مركز كفر الشيخ,kafr-al-shaykh-eg1502,31.2,31.016,Kafr El-Shikh,كفر الشيخ
Mahallat Abu Ali El Gharbiya,محلة أبو علي الغربية,31.114,30.7,Disuq,مركز دسوق,disuq-eg1506,31.15,30.72,Kafr El-Shikh,كفر الشيخ
Mahallat Abu Ali El Qantara,محلة أبو علي القنطرة,30.967,31.192,El Mahalla El Kobra,مركز المحله الكبرى,el-mahalla-el-kobra-eg1607,31.017,31.13,Gharbia,الغربية
Mahallat Ahmed,محلة أحمد,30.742,30.776,Kum Hamada,مركز كوم حمادة,kum-hamada-eg1813,30.654,30.774,Behera,البحيرة
Mahallat El Ameer,محلة الأمير,31.335,30.484,Rashid,مركز رشيد,rashid-eg1809,31.379,30.375,Behera,البحيرة
Mahallat El Qasab,محلة القصب,31.075,31.189,El Mahalla El Kobra,مركز المحله الكبرى,el-mahalla-el-kobra-eg1607,31.017,31.13,Gharbia,الغربية
Mahallat El Laban,محلة اللبن,30.899,30.774,Basyun,مركز بسيون,basyun-eg1608,30.959,30.827,Gharbia,الغربية
Mahallat Anshaq,محلةأنشاق,31.165,31.534,Shirbin,مركز شربين,shirbin-eg1210,31.261,31.576,Dakahlia,الدقهلية
Mahallat Bashar,محلة بشر,31.051,30.704,Shubra Khit,مركز شبراخيت,shubra-khit-eg1810,31.003,30.679,Behera,البحيرة
Mahallat Thabet,محلةثابت,31.073,30.578,Al-Rahmaniyya,مركز الرحمانية,al-rahmaniyya-eg1815,31.106,30.584,Behera,البحيرة
Mahallat Hassan,محلة حسن,31.047,31.169,El Mahalla El Kobra,مركز المحله الكبرى,el-mahalla-el-kobra-eg1607,31.017,31.13,Gharbia,الغربية
Mahallat Khalaf,محلةخلف,30.993,31.267,Samannud,مركز سمنود,samannud-eg1610,30.95,31.221,Gharbia,الغربية
Mahallat Dawoud,محلة داود,31.093,30.607,Al-Rahmaniyya,مركز الرحمانية,al-rahmaniyya-eg1815,31.106,30.584,Behera,البحيرة
Mahallat Diay,محلةدياي,31.047,30.772,Disuq,مركز دسوق,disuq-eg1506,31.15,30.72,Kafr El-Shikh,كفر الشيخ
Mahallat Rouh,محلةروح,30.878,31.086,Tanta,مركز طنطا,tanta-eg1603,30.809,30.932,Gharbia,الغربية
Mahallat Sabk Koum Manshaat Nasr,محلةسبكومنشأةنصر,30.291,31.013,Ashmun,مركز أشمون,ashmun-eg1703,30.299,31.008,Menoufia,المنوفية
Mahallat Sa,محلةصا,30.974,30.745,Shubra Khit,مركز شبراخيت,shubra-khit-eg1810,31.003,30.679,Behera,البحيرة
Mahallat Obeid,محلة عبيد,30.934,30.711,Itay Al-Barud,مركز إيتاى البارود,itay-al-barud-eg1807,30.886,30.656,Behera,البحيرة
Mahallat Farnawi,محلةفرنوي,30.975,30.648,Shubra Khit,مركز شبراخيت,shubra-khit-eg1810,31.003,30.679,Behera,البحيرة
Mahallat Qays,محلةقيس,30.974,30.675,Shubra Khit,مركز شبراخيت,shubra-khit-eg1810,31.003,30.679,Behera,البحيرة
Mahallat Keil,محلةكيل,31.033,30.278,Abu Hummus,مركز ابوحمص,abu-hummus-eg1804,31.106,30.31,Behera,البحيرة
Mahallat Malek,محلةم الك,31.163,30.63,Disuq,مركز دسوق,disuq-eg1506,31.15,30.72,Kafr El-Shikh,كفر الشيخ
Mahallat Marhoum wa Hessetha,محلةمرحوموحصتها,30.82,30.952,Tanta,مركز طنطا,tanta-eg1603,30.809,30.932,Gharbia,الغربية
Mahallat Maseer,محلة مسير,31.028,30.98,Qutur,مركز قطور,qutur-eg1611,30.971,30.97,Gharbia,الغربية
Mahallat Menouf,محلة منوف,30.884,30.961,Tanta,مركز طنطا,tanta-eg1603,30.809,30.932,Gharbia,الغربية
Mahallat Nasr,محلة نصر,31.006,30.612,Shubra Khit,مركز شبراخيت,shubra-khit-eg1810,31.003,30.679,Behera,البحيرة
Mahallat Damana - Maqar El Markaz,محله دمنه - مقر المركز,31.062,31.512,Mahalet Demna,مركز محلة دمنة,mahalet-demna-eg1219,31.09,31.513,Dakahlia,الدقهلية
Mohamed Hussein El Sahli,محمد حسين السحلي,30.957,31.142,El Mahalla El Kobra 2,قسم ثان المحلة الكبرى,el-mahalla-el-kobra-2-eg1606,30.971,31.157,Gharbia,الغربية
Mohamed Abdel Raqeeb,محمد عبدالرقيب,30.515,29.975,Nubariyya West,قسم غرب النوبارية,nubariyya-west-eg1817,30.425,29.897,Behera,البحيرة
Mohamed Azzam,محمد عزام,30.537,29.877,Nubariyya West,قسم غرب النوبارية,nubariyya-west-eg1817,30.425,29.897,Behera,البحيرة
Mohamed Mazhar,محمدمظهر,30.066,31.224,Zamalik,قسم الزمالك,zamalik-eg0133,30.056,31.223,Cairo,القاهرة
Mahmoud Abu Wafiya,محمودأبووافية,30.877,30.544,Al-Dilingat,مركز الدلنجات,al-dilingat-eg1805,30.81,30.49,Behera,البحيرة
Mahmoud Abdel Samad,محمودعبد الصمد,30.114,31.104,Imbaba,مركز إمبابة,imbaba-eg2113,30.22,30.963,Giza,الجيزة
Madinet Abu El Numrus,مدينة أبو النمرس,29.953,31.222,Giza,مركز الجيزة,giza-eg2109,29.943,31.213,Giza,الجيزة
Madinet Abu Hammad,مدينة ابو حماد,30.528,31.678,Abu Hammad,مركز أبو حماد,abu-hammad-eg1304,30.543,31.649,Sharkia,الشرقية
Madinet Abu Redeis,مدينة أبو رديس,28.959,33.181,Abu Radis,قسم أبو رديس,abu-radis-eg3503,29.049,33.598,South Sinai,جنوب سيناء
Madinet Abu Kabeer,مدينة ابو كبير,30.73,31.683,Abu Kabir,مركز أبوكبير,abu-kabir-eg1305,30.733,31.69,Sharkia,الشرقية
Madinet Abu El Matameer,مدينة أبوالمطامير,30.904,30.152,Abu-l-Matamir,مركز ابوالمطامير,abu-l-matamir-eg1803,30.773,30.144,Behera,البحيرة
Madinet Abu Hommos,مدينة أبوحمص,31.097,30.33,Abu Hummus,مركز ابوحمص,abu-hummus-eg1804,31.106,30.31,Behera,البحيرة
Madinet Abu Zenima,مدينة أبوزنيمة,29.07,33.113,Abu Radis,قسم أبو رديس,abu-radis-eg3503,29.049,33.598,South Sinai,جنوب سيناء
Madinet Aga,مدينة أجا,30.936,31.293,Aga,مركز أجا,aga-eg1204,30.895,31.313,Dakahlia,الدقهلية
Madinet Akhmim El Gedida,مدينة أخميم الجديدة,26.524,31.865,Akhmim City,مدينة أخميم الجديدة,akhmim-city-eg2618,26.524,31.865,Suhag,سوهاج
Madinet Edko,مدينة ادكو,31.306,30.326,Idku,مركز إدكو,idku-eg1816,31.298,30.325,Behera,البحيرة
Madinet Aswan El Gedida,مدينة أسوان الجديدة,24.068,32.983,Aswan City,مدينة أسوان الجديدة,aswan-city-eg2808,24.068,32.983,Aswan,أسوان
Madinet Assiut El Gedida,مدينة اسيوط الجديدة,27.254,31.281,Assuit City,مدينة اسيوط الجديدة,assuit-city-eg2514,27.254,31.281,Assiut,أسيوط
Madinet Ashmoun,مدينة أشمون,30.295,30.975,Ashmun,مركز أشمون,ashmun-eg1703,30.299,31.008,Menoufia,المنوفية
Madinet Atfih,مدينة أطفيح,29.423,31.263,Atfeh,مركز أطفيح,atfeh-eg2115,29.343,31.25,Giza,الجيزة
Madinet El Ibrahimiya,مدينة الابراهيمية,30.724,31.567,El-Ibrahimiya,مركز الأبراهيمية,el-ibrahimiya-eg1317,30.732,31.564,Sharkia,الشرقية
Madinet El Luxor,مدينة الأقصر,25.689,32.662,Luxor,قسم الأقصر,luxor-eg2901,25.707,32.67,Luxor,مدينة الأقصر
Madinet El Awqaf - El Ealam,مدينة الأوقاف - الإعلام,30.067,31.209,Al-Aguza,قسم العجوزة,al-aguza-eg2102,30.059,31.204,Giza,الجيزة
Madinet El Bagour,مدينة الباجور,30.438,31.041,Al-Bagur,مركز الباجور,al-bagur-eg1704,30.413,31.032,Menoufia,المنوفية
Madinet El Bawiti,مدينة الباويطى,28.436,28.798,Bahariya Oasis,قسم الواحاتالبحرية,bahariya-oasis-eg2114,28.452,28.836,Giza,الجيزة
Madinet El Badrasheen,مدينة البدرشين,29.86,31.274,Badrashain,مركز البدرشين,badrashain-eg2110,29.824,31.258,Giza,الجيزة
Madinet El Baseila Bahari,مدينة البصيلة بحرى,25.174,32.704,Adfu,مركز أدفو,adfu-eg2803,25.061,32.957,Aswan,أسوان
Madinet El Bayadiya,مدينة البياضية,25.679,32.643,Luxor,مركز الأقصر,luxor-eg2902,25.685,32.588,Luxor,مدينة الأقصر
Madinet El Tahrir,مدينة التحرير,30.086,31.223,Imbaba,قسم امبابه,imbaba-eg2101,30.083,31.21,Giza,الجيزة
Madinet El Gamaliya,مدينة الجمالية,31.184,31.851,Gamaliyya,مركز الجمالية,gamaliyya-eg1215,31.205,31.852,Dakahlia,الدقهلية
Madinet El Hamoul,مدينة الحامول,31.343,31.131,Al Hamul,مركز الحامول,al-hamul-eg1511,31.388,31.075,Kafr El-Shikh,كفر الشيخ
Madinet El Hasana,مدينة الحسنة,30.209,33.58,Al-Hasna,قسم الحسنة,al-hasna-eg3406,30.288,33.542,North Sinai,شمال سيناء
Madinet El Hammam wa Dawahiha,مدينة الحمام وضواحيها,30.848,29.383,Al-Hammam,قسم الحمام,al-hammam-eg3302,29.804,29.418,Matrouh,مطروح
Madinet El Hawamdiya,مدينة الحوامدية,29.889,31.259,Hwamdeia,قسم الحوامدية,hwamdeia-eg2108,29.902,31.253,Giza,الجيزة
Madinet El Kharga,مدينة الخارجة,25.428,30.551,Al-Kharga Oasis,مركز الواحات الخارجة,al-kharga-oasis-eg3201,24.964,31.013,New Valley,الوادى الجديد
Madinet El Khanka,مدينة الخانكة,30.227,31.378,Al Khanka,مركز الخانكة,al-khanka-eg1403,30.231,31.358,Kalyoubia,القليوبية
Madinet El Delengat,مدينة الدلنجات,30.844,30.511,Al-Dilingat,مركز الدلنجات,al-dilingat-eg1805,30.81,30.49,Behera,البحيرة
Madinet El Rahmaniya,مدينة الرحمانية,31.096,30.633,Al-Rahmaniyya,مركز الرحمانية,al-rahmaniyya-eg1815,31.106,30.584,Behera,البحيرة
Madinet El Redisiya Qibli,مدينة الرديسية قبلى,24.912,32.878,Adfu,مركز أدفو,adfu-eg2803,25.061,32.957,Aswan,أسوان
Madinet El Riyad,مدينة الرياض,31.238,30.96,Riyad,مركز الرياض,riyad-eg1512,31.321,30.92,Kafr El-Shikh,كفر الشيخ
Madinet El Sibaiya Gharb,مدينة السباعية غرب,25.186,32.679,Adfu,مركز أدفو,adfu-eg2803,25.061,32.957,Aswan,أسوان
Madinet El Sokhna,مدينة السخنة,29.486,32.433,Ataqa,قسم عتاقة,ataqa-eg0403,29.539,32.128,Suez,السويس
Madinet El Sarw,مدينة السرو,31.229,31.676,Zarqa,مركز الزرقا,zarqa-eg1107,31.209,31.649,Damietta,دمياط
Madinet El Salloum,مدينة السلوم,31.584,25.148,Salloum,قسم السلوم,salloum-eg3303,30.646,25.255,Matrouh,مطروح
Madinet El Senbellawein,مدينة السنبلاوين,30.87,31.479,Sinbillawin,مركز السنبلاوين,sinbillawin-eg1205,30.883,31.513,Dakahlia,الدقهلية
Madinet El Santa,مدينة السنطة,30.753,31.124,Santa,مركز السنطة,santa-eg1604,30.773,31.119,Gharbia,الغربية
Madinet El Shalateen,مدينة الشلاتين,23.634,35.378,Shallatin,قسم شلاتين,shallatin-eg3106,23.079,34.574,Red Sea,البحر الأحمر
Madinet El Shohadaa,مدينة الشهداء,30.594,30.904,Al-Shuhada,مركز الشهداء,al-shuhada-eg1705,30.601,30.87,Menoufia,المنوفية
Madinet El Sheikh Zayed,مدينة الشيخ زايد,30.049,30.978,Shaykh Zayed,قسم الشيخ زايد,shaykh-zayed-eg2119,30.049,30.978,Giza,الجيزة
Madinet El Sheikh Zuwayed,مدينة الشيخ زويد,31.16,34.049,Shaykh Zuwayd,قسم الشيخ زويد,shaykh-zuwayd-eg3408,30.918,33.971,North Sinai,شمال سيناء
Madinet El Salhiya El Gedida,مدينة الصالحية الجديدة,30.634,32.006,Al-Salhiyya,قسم الصالحية الجديدة,al-salhiyya-eg1307,30.634,32.006,Sharkia,الشرقية
Madinet El Saff,مدينة الصف,29.567,31.294,Saf,مركز الصف,saf-eg2111,29.62,31.305,Giza,الجيزة
Madinet El Dabaa,مدينة الضبعة,31.056,28.42,Daba,مركز الضبعة,daba-eg3304,29.463,28.243,Matrouh,مطروح
Madinet El Obour,مدينة العبور,30.225,31.447,Abour,قسم العبور,abour-eg1413,30.225,31.447,Kalyoubia,القليوبية
Madinet El Alamein,مدينة العلمين,30.824,29.161,Al-Hammam,قسم الحمام,al-hammam-eg3302,29.804,29.418,Matrouh,مطروح
Madinet El Ommal,مدينة العمال,30.08,31.221,Imbaba,قسم امبابه,imbaba-eg2101,30.083,31.21,Giza,الجيزة
Madinet El Ayyat,مدينة العياط,29.621,31.259,Ayat,مركز العياط,ayat-eg2112,29.564,31.25,Giza,الجيزة
Madinet El Fath wa Tashmal El Nasriya,مدينة الفتح وتشمل الناصرية,27.19,31.207,Alfath,مركز الفتح,alfath-eg2513,27.218,31.212,Assiut,أسيوط
Madinet El Farafra,مدينة الفرافرة,26.948,27.769,Al Farafra Oasis,مركز الفرافرة,al-farafra-oasis-eg3203,27.205,26.76,New Valley,الوادى الجديد
Madinet El Fashn,مدينة الفشن,28.835,30.886,Al Fashn,مركز الفشن,al-fashn-eg2204,28.809,30.827,Beni Suef,بنى سويف
Madinet El Fayoum El Gedida,مدينة الفيوم الجديدة,29.208,30.882,Fayyum City,مدينة الفيوم الجديدة,fayyum-city-eg2308,29.208,30.882,Fayoum,الفيوم
Madinet El Qareen,مدينة القرين,30.611,31.742,Qurin,قسم القرين,qurin-eg1320,30.611,31.742,Sharkia,الشرقية
al-Qusayr,مدينة القصير,26.274,34.145,Qusir,قسم القصير,qusir-eg3102,25.957,33.951,Red Sea,البحر الأحمر
al-Qanatir al-Khayriya,مدينة القناطر الخيرية,30.199,31.115,Qanatir Al-Khayriyya,مركز القناطر الخيرية,qanatir-al-khayriyya-eg1404,30.214,31.135,Kalyoubia,القليوبية
al-Qanayat,مدينة القنايات,30.635,31.471,Al-Qanayat,قسم القنايات,al-qanayat-eg1318,30.635,31.471,Sharkia,الشرقية
al-Qantara Sharq,مدينة القنطرة شرق,30.891,32.34,"Qantara Sharq, al-",قسم القنطرة شرق,qantara-sharq-al-eg1908,30.603,32.55,Ismailia,الإسماعيلية
al-Qantara Gharb,مدينة القنطرة غرب,30.869,32.3,"Qantara Gharb, al-",مركز القنطرة,qantara-gharb-al-eg1906,30.742,32.245,Ismailia,الإسماعيلية
al-Mahmoudiya,مدينة المحمودية,31.19,30.514,Al-Mahmudiyya,مركز المحمودية,al-mahmudiyya-eg1806,31.197,30.488,Behera,البحيرة
al-Manzala,مدينة المنزلة,31.131,31.942,Manzala,مركز المنزلة,manzala-eg1207,31.153,31.958,Dakahlia,الدقهلية
al-Minya al-Gadida,مدينة المنيا الجديدة,28.11,30.788,New Minya,مدينة المنيا الجديدة,new-minya-eg2403,28.11,30.788,Menia,المنيا
al-Nagila,مدينة النجيلة,31.477,26.423,Marsa Matruh,قسم مرسى مطروح,marsa-matruh-eg3301,30.022,26.997,Matrouh,مطروح
al-Nubariya al-Gadida,مدينة النوباريةالجديدة,30.6,30.026,Nubariyya West,قسم غرب النوبارية,nubariyya-west-eg1817,30.425,29.897,Behera,البحيرة
al-Wasta,مدينة الواسطى,29.326,31.206,Al Wasta,مركز الواسطى,al-wasta-eg2205,29.324,31.17,Beni Suef,بنى سويف
al-Warraq,مدينة الوراق و تشمل وراق العرب و وراق الحضر وأنبو*,30.099,31.202,Waraq,قسم الوراق,waraq-eg2117,30.097,31.189,Giza,الجيزة
Ihnasiya,مدينة اهناسيا,29.08,30.952,Ahnasya,مركز أهناسيا,ahnasya-eg2206,29.102,30.943,Beni Suef,بنى سويف
Awsim,مدينة أوسيم,30.134,31.129,Auseem,مركز أوسيم,auseem-eg2116,30.132,31.142,Giza,الجيزة
Awlad Saqr,مدينة اولاد صقر,30.933,31.739,Awlad Saqr,مركز أولاد صقر,awlad-saqr-eg1319,30.969,31.777,Sharkia,الشرقية
Itay al-Barud,مدينة ايتايالبارود,30.882,30.663,Itay Al-Barud,مركز إيتاى البارود,itay-al-barud-eg1807,30.886,30.656,Behera,البحيرة
Paris,مدينة باريس,23.162,30.585,Paris Paris,مركز باريس,paris-paris-eg3204,22.737,30.412,New Valley,الوادى الجديد
Biba,مدينة ببا,28.933,30.965,Biba,مركز ببا,biba-eg2207,28.951,30.967,Beni Suef,بنى سويف
Badr,مدينة بدر,30.538,30.695,Badr,مركز بدر,badr-eg1818,30.547,30.679,Behera,البحيرة
Burj al-Arab,مدينة برجالعرب,30.903,29.566,Burg al-Arab,قسم برج العرب,burg-al-arab-eg0214,30.901,29.494,Alexandria,الاسكندرية
Barakat al-Sabaa,مدينة بركة السبع,30.638,31.089,Birkat Al-Sab,مركز بركة السبع,birkat-al-sab-eg1706,30.651,31.108,Menoufia,المنوفية
Basyoun,مدينة بسيون,30.943,30.814,Basyun,مركز بسيون,basyun-eg1608,30.959,30.827,Gharbia,الغربية
Bilbeis,مدينة بلبيس,30.376,31.596,Bilbis,مركز بلبيس,bilbis-eg1308,30.408,31.531,Sharkia,الشرقية
Baltim,مدينة بلطيم,31.543,31.19,Burullus,مركز البرلس,burullus-eg1503,31.521,31.273,Kafr El-Shikh,كفر الشيخ
Bani Suef al-Gadida,مدينة بنى سويف الجديدة,28.982,31.159,Bani Swayf City,قسم مدينة بنى سويف الجديدة,bani-swayf-city-eg2203,28.982,31.159,Beni Suef,بنى سويف
Bani Ubaid,مدينة بنى عبيد,31.024,31.667,Bany Abeed,مركز بنى عبيد,bany-abeed-eg1218,31.024,31.648,Dakahlia,الدقهلية
Bi'r al-Abd,مدينة بئرالعبد,31.014,32.989,Bir Al-Abd,قسم بئر العبد,bir-al-abd-eg3405,30.69,33.102,North Sinai,شمال سيناء
Bila,مدينة بيلا,31.192,31.211,Biyalu,مركز بيلا,biyalu-eg1504,31.32,31.248,Kafr El-Shikh,كفر الشيخ
Tala,مدينة تلا,30.7,30.945,Tala,مركز تلا,tala-eg1707,30.67,30.946,Menoufia,المنوفية
Timay al-Amdid,مدينة تميالأمديد,30.943,31.534,Tamy Al-Amdid,مركز تمى الأمديد,tamy-al-amdid-eg1216,30.947,31.594,Dakahlia,الدقهلية
Toshka al-Gadida,مدينة توشكى الجديدة,22.856,31.661,Tushaka,مدينة توشكى الجديدة,tushaka-eg2809,22.856,31.661,Aswan,أسوان
Gamasa,مدينة جمصة - مصيف جمصة,31.438,31.549,Gamsa,قسم جمصة,gamsa-eg1220,31.438,31.549,Dakahlia,الدقهلية
Housh Eissa,مدينة حوشعيسي,30.899,30.314,Hush Isa,مركز حوش عيسى,hush-isa-eg1808,30.891,30.346,Behera,البحيرة
Desouk,مدينة دسوق,31.145,30.649,Disuq,قسم دسوق,disuq-eg1505,31.145,30.649,Kafr El-Shikh,كفر الشيخ
Damietta al-Gadida,مدينة دمياط الجديدة,31.439,31.706,Dumyat Al-Gadida,قسم مدينه دمياط الجديده,dumyat-al-gadida-eg1105,31.439,31.706,Damietta,دمياط
Dahab,مدينة دهب,28.721,34.603,Dahab,قسم دهب,dahab-eg3506,28.73,34.451,South Sinai,جنوب سيناء
Deirb Nagm,مدينة ديرب نجم,30.761,31.459,Dyarb Nigm,مركز ديرب نجم,dyarb-nigm-eg1310,30.752,31.444,Sharkia,الشرقية
Ras Ghareb,مدينة رأس غارب,28.345,33.082,Ras Gharib,قسم رأس غارب,ras-gharib-eg3105,28.506,32.377,Red Sea,البحر الأحمر
Ras Sidr,مدينة رأسسدر,29.599,32.719,Ras Sidr,قسم رأس سدر,ras-sidr-eg3502,29.599,33.317,South Sinai,جنوب سيناء
Rashid,مدينة رشيد,31.408,30.384,Rashid,مركز رشيد,rashid-eg1809,31.379,30.375,Behera,البحيرة
Rafah,مدينة رفح,31.302,34.214,Rafah,قسم رفح,rafah-eg3409,31.087,34.227,North Sinai,شمال سيناء
Zifta,مدينة زفتى,30.72,31.227,Zifta,مركز زفتى,zifta-eg1609,30.728,31.215,Gharbia,الغربية
Saint Catherine,مدينة سانت كاترين,28.747,33.96,Sant Katrin,قسم سانت كاترين,sant-katrin-eg3504,28.66,34.052,South Sinai,جنوب سيناء
Sers al-Layanah,مدينة سرس الليانة,30.445,30.969,Sirs Al-Layyana City,قسم مدينة سرس الليانة,sirs-al-layyana-city-eg1710,30.445,30.969,Menoufia,المنوفية
Safaga,مدينة سفاجا,26.924,33.88,Safaga,قسم سفاجا,safaga-eg3103,26.732,33.46,Red Sea,البحر الأحمر
Salsil,مدينة سلسيل,31.204,31.787,MIt Salsil,مركز ميت سلسيل,mit-salsil-eg1217,31.233,31.792,Dakahlia,الدقهلية
Samasta,مدينة سمسطا,28.925,30.852,Sumusta,مركز سمسطا,sumusta-eg2208,28.951,30.866,Beni Suef,بنى سويف
Samannoud,مدينة سمنود,30.977,31.253,Samannud,مركز سمنود,samannud-eg1610,30.95,31.221,Gharbia,الغربية
Sohag al-Gadida,مدينة سوهاج الجديدة,26.485,31.649,Suhag City,مدينة سوهاج الجديدة,suhag-city-eg2619,26.485,31.649,Suhag,سوهاج
Sidi Barrani,مدينة سيدى برانى,31.61,25.889,Sidi Barani,قسم سيدى برانى,sidi-barani-eg3305,30.656,25.886,Matrouh,مطروح
Sidi Salem,مدينة سيدى سالم,31.321,30.769,Sidi Salim,مركز سيدى سالم,sidi-salim-eg1507,31.31,30.738,Kafr El-Shikh,كفر الشيخ
Siwa,مدينة سيوة,29.179,25.52,Siwa,مركز سيوة,siwa-eg3306,28.703,25.589,Matrouh,مطروح
Shubra al-Kheima,مدينة شبراالخيمة,30.113,31.25,Shubra Al-Khayma 1,قسم أول شبرا الخيمة,shubra-al-khayma-1-eg1406,30.132,31.248,Kalyoubia,القليوبية
Shubrakhit,مدينة شبراخيت,31.03,30.706,Shubra Khit,مركز شبراخيت,shubra-khit-eg1810,31.003,30.679,Behera,البحيرة
Shibin al-Qanatir,مدينة شبين القناطر,30.326,31.301,Shibin al-Qanatir,مركز شبين القناطر,shibin-al-qanatir-eg1405,30.296,31.307,Kalyoubia,القليوبية
Sharm al-Sheikh,مدينة شرمالشيخ وتشمل منطقة نبق,28.226,34.369,Sharm el-Sheikh,قسم شرم الشيخ,sharm-el-sheikh-eg3505,28.08,34.203,South Sinai,جنوب سيناء
Tukh,مدينة طوخ,30.352,31.201,Tukh,مركز طوخ,tukh-eg1408,30.344,31.19,Kalyoubia,القليوبية
Tour Sinai,مدينة طورسيناء,28.348,33.578,Al-Tur,قسم الطور,al-tur-eg3501,28.365,33.753,South Sinai,جنوب سيناء
Tiba al-Gadida,مدينة طيبة الجديدة,25.718,32.735,Tiba police station,مركز شرطة طيبة,tiba-police-station-eg2903,25.738,32.703,Luxor,مدينة الأقصر
Ataqa,مدينة عتاقة,29.894,32.462,Ataqa,قسم عتاقة,ataqa-eg0403,29.539,32.128,Suez,السويس
Faqous,مدينة فاقوس,30.723,31.798,Faqus,قسم فاقوس,faqus-eg1311,30.723,31.798,Sharkia,الشرقية
Fayed,مدينة فايد,30.314,32.313,Fayid,مركز فايد,fayid-eg1907,30.366,32.292,Ismailia,الإسماعيلية
Fouh,مدينة فوة,31.226,30.546,Fuwwa,مركز فوه,fuwwa-eg1508,31.232,30.564,Kafr El-Shikh,كفر الشيخ
Qutour,مدينة قطور,30.981,30.951,Qutur,مركز قطور,qutur-eg1611,30.971,30.97,Gharbia,الغربية
Qallin,مدينة قلين,31.054,30.855,Qillin,مركز قلين,qillin-eg1509,31.085,30.817,Kafr El-Shikh,كفر الشيخ
Qalyoub,مدينة قليوب,30.18,31.216,Qalyub,قسم قليوب,qalyub-eg1409,30.18,31.216,Kalyoubia,القليوبية
Qena al-Gadida,مدينة قنا الجديدة,26.173,32.761,Qina City,مدينة قنا الجديدة,qina-city-eg2713,26.173,32.761,Qena,قنا
Qaha,مدينة قها,30.281,31.209,Qaha,قسم قها,qaha-eg1414,30.293,31.215,Kalyoubia,القليوبية
Quesna,مدينة قويسنا,30.549,31.135,Quwisna,مركز قويسنا,quwisna-eg1708,30.56,31.163,Menoufia,المنوفية
Kafr al-Zayat,مدينة كفر الزيات,30.837,30.816,Kafr Al-Zayyat,مركز كفر الزيات,kafr-al-zayyat-eg1612,30.807,30.835,Gharbia,الغربية
Kafr Shukr,مدينة كفر شكر,30.547,31.266,Kafr Shukr,مركز كفر شكر,kafr-shukr-eg1411,30.554,31.275,Kalyoubia,القليوبية
Kafr Saqr,مدينة كفر صقر,30.789,31.641,Kafr Saqr,مركز كفر صقر,kafr-saqr-eg1313,30.837,31.675,Sharkia,الشرقية
Kafr al-Battikh,مدينة كفرالبطيخ,31.398,31.705,Kafr Sad,مركز كفر سعد,kafr-sad-eg1104,31.359,31.603,Damietta,دمياط
Kafr al-Dawwar,مدينة كفرالدوار,31.12,30.137,Kafr Al-Dawwar,قسم كفرالدوار,kafr-al-dawwar-eg1811,31.137,30.133,Behera,البحيرة
Kom Ombo,مدينة كوم امبو,24.477,32.936,Kum Umbu,مركز كوم امبو,kum-umbu-eg2804,24.48,32.947,Aswan,أسوان
Kom Hamada,مدينة كومحمادة,30.756,30.699,Kum Hamada,مركز كوم حمادة,kum-hamada-eg1813,30.654,30.774,Behera,البحيرة
Marsa Alam,مدينة مرسى علم,25.407,34.688,Marsa Alam,قسم مرسى علم,marsa-alam-eg3104,24.707,34.286,Red Sea,البحر الأحمر
Marsa Matrouh,مدينة مرسيمطروح,31.328,27.313,Marsa Matruh,قسم مرسى مطروح,marsa-matruh-eg3301,30.022,26.997,Matrouh,مطروح
Mashtoul al-Souq,مدينة مشتول السوق,30.369,31.375,Mashtul Al-Suq,مركز مشتول السوق,mashtul-al-suq-eg1316,30.361,31.383,Sharkia,الشرقية
Mutoubas,مدينة مطوبس,31.283,30.541,Mitubas,مركز مطوبس,mitubas-eg1510,31.383,30.47,Kafr El-Shikh,كفر الشيخ
Manshiyat al-Qanatir,مدينة منشية القناطر,30.185,31.107,Imbaba,مركز إمبابة,imbaba-eg2113,30.22,30.963,Giza,الجيزة
Menouf,مدينة منوف,30.462,30.931,Minuf City,قسم مدينة منوف,minuf-city-eg1712,30.462,30.931,Menoufia,المنوفية
Minya al-Qamh,مدينة منيا القمح,30.53,31.347,Minya al-Qamh,مركز منيا القمح,minya-al-qamh-eg1314,30.507,31.369,Sharkia,الشرقية
Minyat al-Nasr,مدينة منيةالنصر,31.128,31.646,Minya Al-Nasr,مركز منية النصر,minya-al-nasr-eg1214,31.154,31.707,Dakahlia,الدقهلية
Mout,مدينة موط,25.774,28.974,A-Dakhla Oasis,مركز الوحات الداخلة,a-dakhla-oasis-eg3202,24.803,27.209,New Valley,الوادى الجديد
Mit Ghamr,مدينة ميت غمر و تشمل دقادوس,30.713,31.276,Mit Ghamr,قسم ميت غمر,mit-ghamr-eg1212,30.713,31.276,Dakahlia,الدقهلية
Nasser,مدينة ناصر,29.152,31.129,Nasir,مركز ناصر,nasir-eg2209,29.187,31.078,Beni Suef,بنى سويف
Nakhl,مدينة نخل,29.903,33.75,Nakhl,قسم نخل,nakhl-eg3407,29.909,34.024,North Sinai,شمال سيناء
Nasr al-Nouba,مدينة نصر النوبة,24.575,32.975,Nasr,مركز نصر,nasr-eg2805,24.373,32.932,Aswan,أسوان
Nuweiba,مدينة نويبع,29.102,34.659,Nuweiba,قسم نويبع,nuweiba-eg3507,29.314,34.312,South Sinai,جنوب سيناء
Youssef al-Seddiq,مدينة يوسف الصديق,29.364,30.523,Yousef El sadeq,مركز يوسف الصديق,yousef-el-sadeq-eg2307,29.353,30.586,Fayoum,الفيوم
al-Sadat,مدينة السادات,30.359,30.521,Sadat City,مركز السادات,sadat-city-eg1711,30.358,30.661,Menoufia,المنوفية
al-Solb,مدينة الصلب,29.774,31.337,Al Tibbin,قسم التبين,al-tibbin-eg0101,29.781,31.337,Cairo,القاهرة
Ibshaway,مدينه ابشواى,29.348,30.666,Abshaway,مركز أبشواى,abshaway-eg2303,29.374,30.69,Fayoum,الفيوم
Abnoub,مدينه ابنوب,27.267,31.155,Abnub,مركز أبنوب,abnub-eg2504,27.295,31.106,Assiut,أسيوط
Abu Teeg,مدينه ابو تيج,27.044,31.302,Abu Tig,مركز أبوتيج,abu-tig-eg2505,27.037,31.289,Assiut,أسيوط
Abu Simbel,مدينه أبو سمبل السياحيه,23.671,32.655,Abu Simbel,مركز أبوسنبل,abu-simbel-eg2807,22.624,32.599,Aswan,أسوان
Abu Tisht,مدينه ابو طشت,26.121,32.106,Abu Tisht,مركز أبو طشت,abu-tisht-eg2703,26.13,32.086,Qena,قنا
Akhmim,مدينه اخميم,26.573,31.741,Akhmim,مركز أخميم,akhmim-eg2604,26.551,31.715,Suhag,سوهاج
Edfu,مدينه ادفو,24.994,32.859,Adfu,مركز أدفو,adfu-eg2803,25.061,32.957,Aswan,أسوان
Armant,مدينه ارمنت,25.645,32.522,Armant,مركز أرمنت,armant-eg2704,25.612,32.492,Qena,قنا
Esna,مدينه اسنا,25.31,32.533,Isna,مركز إسنا,isna-eg2705,25.365,32.52,Qena,قنا
Itsa,مدينه اطسا,29.223,30.806,Atsa,مركز أطسا,atsa-eg2304,29.208,30.767,Fayoum,الفيوم
al-Badari,مدينه البدارى,26.998,31.393,Al- Badari,مركز البدارى,al-badari-eg2506,26.946,31.456,Assiut,أسيوط
al-Balyana,مدينه البلينا,26.238,31.999,Al-Balyana,مركز البلينا,al-balyana-eg2605,26.241,31.944,Suhag,سوهاج
al-Husseiniya,مدينه الحسينيه,30.879,31.914,Al-Husayniya,مركز الحسينية,al-husayniya-eg1306,30.924,32.006,Sharkia,الشرقية
al-Rawda,مدينه الروضه,31.317,31.769,Fariskur,مركز فارسكور,fariskur-eg1103,31.31,31.733,Damietta,دمياط
al-Zarqa,مدينه الزرقا,31.217,31.652,Zarqa,مركز الزرقا,zarqa-eg1107,31.209,31.649,Damietta,دمياط
al-Adwa,مدينه العدوه,28.701,30.709,Markz Al Idwa,مركز العدوة,markz-al-idwa-eg2405,28.696,30.74,Menia,المنيا
al-Ghanayem,مدينه الغنايم,26.887,31.346,Al-Ghanayem,مركز الغنايم,al-ghanayem-eg2508,26.922,31.329,Assiut,أسيوط
al-Fikriya,مدينه الفكريه,27.946,30.816,Markz Abu Qurqas,مركز ابو قرقاص,markz-abu-qurqas-eg2404,27.939,30.77,Menia,المنيا
al-Qusiya,مدينه القوصيه,27.417,30.814,Al-Qusia,مركز القوصية,al-qusia-eg2509,27.403,30.826,Assiut,أسيوط
al-Kurdi,مدينه الكردى,31.153,31.781,Minya Al-Nasr,مركز منية النصر,minya-al-nasr-eg1214,31.154,31.707,Dakahlia,الدقهلية
al-Maragha,مدينه المراغه,26.701,31.596,Al-Maragha,مركز المراغة,al-maragha-eg2606,26.669,31.588,Suhag,سوهاج
al-Matariya,مدينه المطرية,31.195,32.016,Matariyya,مركز المطرية,matariyya-eg1206,31.191,32.004,Dakahlia,الدقهلية
al-Mansha'a,مدينه المنشأه,26.497,31.775,Al-Minshat,مركز المنشأة,al-minshat-eg2607,26.464,31.756,Suhag,سوهاج
al-Waqf,مدينه الوقف,26.078,32.436,Al Waqf,مركز الوقف,al-waqf-eg2712,26.084,32.448,Qena,قنا
Burj al-Arab al-Gadida,مدينه برج العرب الجديده,30.899,29.622,Burg Al-Arab City,مدينه برج العرب الجديده,burg-al-arab-city-eg0216,30.899,29.622,Alexandria,الاسكندرية
Bilqas,مدينه بلقاس,31.212,31.367,Bilqas,مركز بلقاس,bilqas-eg1208,31.344,31.379,Dakahlia,الدقهلية
Bani Mazar,مدينه بنى مزار,28.501,30.79,Markz Bani Mazar,مركز بنى مزار,markz-bani-mazar-eg2406,28.518,30.731,Menia,المنيا
Girga,مدينه جرجا,26.343,31.895,Girga,قسم جرجا,girga-eg2609,26.348,31.888,Suhag,سوهاج
Juhayna,مدينه جهينه,26.68,31.496,Guhayna Al-Gharbiyya,مركز جهينة الغربية,guhayna-al-gharbiyya-eg2611,26.689,31.471,Suhag,سوهاج
Dar al-Salam,مدينه دار السلام,26.285,32.056,Dar al-Salam,مركز دار السلام,dar-al-salam-eg2608,26.274,32.043,Suhag,سوهاج
Daraw,مدينه دراو,24.42,32.922,Daraw,مركز دراو,daraw-eg2806,24.326,33.001,Aswan,أسوان
Deshna,مدينه دشنا,26.137,32.47,Dishna,مركز دشنا,dishna-eg2706,26.142,32.444,Qena,قنا
Dekernes,مدينه دكرنس,31.094,31.6,Dikirnis,مركز دكرنس,dikirnis-eg1209,31.093,31.78,Dakahlia,الدقهلية
Deir Mawas,مدينه دير مواس,27.642,30.831,Markz Dir Mawas,مركز دير مواس,markz-dir-mawas-eg2407,27.655,30.79,Menia,المنيا
Deirout,مدينه ديروط,27.55,30.819,Dayrut,مركز ديروط,dayrut-eg2510,27.537,30.782,Assiut,أسيوط
Ras al-Bar,مدينه رأس البر,31.51,31.83,Ras al-Bar,قسم رأس البر,ras-al-bar-eg1106,31.51,31.83,Damietta,دمياط
Sahel Selim,مدينه ساحل سليم,27.062,31.335,Sahil Silim,مركز ساحل سليم,sahil-silim-eg2507,27.093,31.349,Assiut,أسيوط
Saqultah,مدينه ساقتله,26.674,31.674,Saqulta,مركز ساقلته,saqulta-eg2612,26.692,31.663,Suhag,سوهاج
Samalout,مدينه سمالوط,28.309,30.709,Markz Samalut,مركز سمالوط,markz-samalut-eg2408,28.285,30.629,Menia,المنيا
Senoures,مدينه سنورس,29.424,30.869,Sinuras,مركز سنورس,sinuras-eg2305,29.441,30.815,Fayoum,الفيوم
Sherbin,مدينه شربين,31.204,31.518,Shirbin,مركز شربين,shirbin-eg1210,31.261,31.576,Dakahlia,الدقهلية
Sidfa,مدينه صدفا,26.96,31.366,Sidfa,مركز صدفا,sidfa-eg2511,26.943,31.38,Assiut,أسيوط
Tamiya,مدينه طاميه,29.489,30.956,Tamya,مركز طامية,tamya-eg2306,29.467,30.982,Fayoum,الفيوم
Talkha,مدينه طلخا,31.071,31.389,Talkha,مركز طلخا,talkha-eg1211,31.109,31.383,Dakahlia,الدقهلية
Tama,مدينه طما,26.902,31.437,Tama,مركز طما,tama-eg2613,26.874,31.422,Suhag,سوهاج
Tahta,مدينه طهطا,26.766,31.485,Kesm Tahta,قسم طهطا,kesm-tahta-eg2615,26.767,31.492,Suhag,سوهاج
Ezbet al-Borg,مدينه عزبه البرج,31.507,31.848,Dumyat,مركز دمياط,dumyat-eg1102,31.44,31.842,Damietta,دمياط
Fareskour,مدينه فارسكور,31.321,31.722,Fariskur,مركز فارسكور,fariskur-eg1103,31.31,31.733,Damietta,دمياط
Farshout,مدينه فرشوط,26.052,32.16,Farshut,مركز فرشوط,farshut-eg2710,26.056,32.149,Qena,قنا
Qift,مدينه قفط,26.006,32.8,Qift,مركز قفط,qift-eg2711,25.998,32.827,Qena,قنا
Qous,مدينه قوص,25.915,32.756,Qus,مركز قوص,qus-eg2707,25.857,32.789,Qena,قنا
Kafr Saad,مدينه كفر سعد,31.35,31.673,Kafr Sad,مركز كفر سعد,kafr-sad-eg1104,31.359,31.603,Damietta,دمياط
Kalabsha,مدينه كلابشه,24.649,32.942,Nasr,مركز نصر,nasr-eg2805,24.373,32.932,Aswan,أسوان
Matay,مدينه مطاى,28.414,30.773,Markz Matay,مركز مطاى,markz-matay-eg2409,28.431,30.71,Menia,المنيا
Maghagha,مدينه مغاغه,28.659,30.853,Markz Maghagha,مركز مغاغة,markz-maghagha-eg2410,28.641,30.794,Menia,المنيا
Manfalout,مدينه منفلوط,27.304,30.985,Manfalut,مركز منفلوط,manfalut-eg2512,27.294,30.951,Assiut,أسيوط
Mit Abu Ghalib,مدينه ميت ابو غالب,31.306,31.678,Kafr Sad,مركز كفر سعد,kafr-sad-eg1104,31.359,31.603,Damietta,دمياط
Nabaroh,مدينه نبروه,31.1,31.313,Nebro,مركز نبروة,nebro-eg1221,31.129,31.297,Dakahlia,الدقهلية
Nag Hammadi,مدينه نجع حمادى,26.049,32.239,Nag Hammadi,مركز نجع حمادى,nag-hammadi-eg2708,26.085,32.297,Qena,قنا
Naqada,مدينه نقاده,25.898,32.713,Naqada,مركز نقادة,naqada-eg2709,25.89,32.711,Qena,قنا
Hehya,مدينه ههيا,30.67,31.6,Hihya,مركز ههيا,hihya-eg1315,30.652,31.617,Sharkia,الشرقية
Marzouq,مرزوق,30.809,31.017,Tanta 1,قسم أول طنطا,tanta-1-eg1601,30.795,31.014,Gharbia,الغربية
Marzouq,مرزوق,28.414,30.655,Markz Matay,مركز مطاى,markz-matay-eg2409,28.431,30.71,Menia,المنيا
Marzouq,مرزوق,25.952,28.973,A-Dakhla Oasis,مركز الوحات الداخلة,a-dakhla-oasis-eg3202,24.803,27.209,New Valley,الوادى الجديد
Marsa Himeira,مرسيحميرة,23.002,35.643,Shallatin,قسم شلاتين,shallatin-eg3106,23.079,34.574,Red Sea,البحر الأحمر
Marsafaw Kafr Ahmed Hashish,مرصفاوكفرأحمدحشيش,30.421,31.253,Banha,مركز بنها,banha-eg1402,30.443,31.248,Kalyoubia,القليوبية
Margham,مرغم,31.084,29.857,Al Amreia,قسم العامرية,al-amreia-eg0213,30.959,29.828,Alexandria,الاسكندرية
Maraw,مرواو,24.639,32.943,Nasr,مركز نصر,nasr-eg2805,24.373,32.932,Aswan,أسوان
Marina,مرينة,27.503,30.829,Dayrut,مركز ديروط,dayrut-eg2510,27.537,30.782,Assiut,أسيوط
Mazata Sharq,مزاتةشرق,26.288,32.013,Dar al-Salam,مركز دار السلام,dar-al-salam-eg2608,26.274,32.043,Suhag,سوهاج
Mazata wal Sheikh Gabr,مزاتة والشيخجبر,26.315,31.927,Girga,مركز جرجا,girga-eg2610,26.307,31.867,Suhag,سوهاج
Mazraat al-Gabal al-Asfar,مزرعة الجبل الأصفر,30.252,31.41,Al Khanka,مركز الخانكة,al-khanka-eg1403,30.231,31.358,Kalyoubia,القليوبية
Mazghouna,مزغونة,29.739,31.256,Badrashain,مركز البدرشين,badrashain-eg2110,29.824,31.258,Giza,الجيزة
Mazoura,مزورة,28.907,30.803,Sumusta,مركز سمسطا,sumusta-eg2208,28.951,30.866,Beni Suef,بنى سويف
Massara,مسارة,27.497,30.856,Dayrut,مركز ديروط,dayrut-eg2510,27.537,30.782,Assiut,أسيوط
Masaken al-Amiriya al-Shamaliya,مساكن الاميريه الشماليه,30.104,31.292,Al Zaytun,قسم الزيتون,al-zaytun-eg0124,30.1,31.301,Cairo,القاهرة
Masaken al-Amiriya al-Ganoubiya,مساكن الأميرية الجنوبية,30.096,31.284,Hadaiq Al-Qubba,قسم حدائقالقبة,hadaiq-al-qubba-eg0123,30.086,31.283,Cairo,القاهرة
Masaken al-Tebbin al-Shaabiya,مساكن التبين الشعبية,29.787,31.306,Al Tibbin,قسم التبين,al-tibbin-eg0101,29.781,31.337,Cairo,القاهرة
Masaken al-Mohandessin,مساكن المهندسين,30.077,31.351,Nasr City,قسم أول مدينة نصر,nasr-city-eg0126,30.032,31.369,Cairo,القاهرة
Masaken Daraw,مساكن دراو,24.326,33.001,Daraw,مركز دراو,daraw-eg2806,24.326,33.001,Aswan,أسوان
Masged al-Khadr,مسجد الخضر,30.444,31.124,Al-Bagur,مركز الباجور,al-bagur-eg1704,30.413,31.032,Menoufia,المنوفية
Masged Moussa,مسجدموسي,29.352,31.278,Atfeh,مركز أطفيح,atfeh-eg2115,29.343,31.25,Giza,الجيزة
Masged Wasif,مسجدوصيف,30.647,31.262,Zifta,مركز زفتى,zifta-eg1609,30.728,31.215,Gharbia,الغربية
Masraa,مسرع,27.223,31.032,Assuit,مركز أسيوط,assuit-eg2503,27.117,31.232,Assiut,أسيوط
Mostorod,مسطرد,30.136,31.296,Shubra Al-Khayma 2,قسم ثان شبرا الخيمة,shubra-al-khayma-2-eg1407,30.135,31.285,Kalyoubia,القليوبية
Moshala,مسهلة,30.725,31.135,Santa,مركز السنطة,santa-eg1604,30.773,31.119,Gharbia,الغربية
Mashal,مش ال,30.949,30.853,Basyun,مركز بسيون,basyun-eg1608,30.959,30.827,Gharbia,الغربية
Moshtohor,مشتهر,30.365,31.236,Tukh,مركز طوخ,tukh-eg1408,30.344,31.19,Kalyoubia,القليوبية
Mashtoul al-Qadi,مشتول القاضي,30.622,31.511,Zaqaziq,مركز الزقازيق,zaqaziq-eg1303,30.587,31.581,Sharkia,الشرقية
Mashta,مشطا,26.865,31.473,Tama,مركز طما,tama-eg2613,26.874,31.422,Suhag,سوهاج
Mashla,مشله,30.758,30.805,Kafr Al-Zayyat,مركز كفر الزيات,kafr-al-zayyat-eg1612,30.807,30.835,Gharbia,الغربية
Mashmas,مشمس,25.84,29.15,A-Dakhla Oasis,مركز الوحات الداخلة,a-dakhla-oasis-eg3202,24.803,27.209,New Valley,الوادى الجديد
Mashmas al-Basal,مشمس البصل,31.193,29.892,A L Labban,قسم اللبان,a-l-labban-eg0209,31.191,29.892,Alexandria,الاسكندرية
Moshiref,مشيرف,30.418,31.124,Al-Bagur,مركز الباجور,al-bagur-eg1704,30.413,31.032,Menoufia,المنوفية
Mostay,مصطاي,30.625,31.153,Quwisna,مركز قويسنا,quwisna-eg1708,30.56,31.163,Menoufia,المنوفية
Mostafa Hamza,مصطفى حمزة,31.254,32.295,Al-Sharq,قسم الشرق,al-sharq-eg0301,31.263,32.307,Port Said,بورسعيد
Mostafa Kamel,مصطفى كامل,31.145,30.871,Kafr Al-Shaykh,مركز كفر الشيخ,kafr-al-shaykh-eg1502,31.2,31.016,Kafr El-Shikh,كفر الشيخ
Mostafa Kamel,مصطفى كامل,30.606,30.753,Badr,مركز بدر,badr-eg1818,30.547,30.679,Behera,البحيرة
Mostafa Mostafa al-Agroudi,مصطفي مصطفي الاجرودي,30.953,31.156,El Mahalla El Kobra 2,قسم ثان المحلة الكبرى,el-mahalla-el-kobra-2-eg1606,30.971,31.157,Gharbia,الغربية
Mostafa Kamel wa Bolokli,مصطفيكاملوبولوكلي,31.227,29.947,Sidi Gabir,قسم سيدى جابر,sidi-gabir-eg0203,31.216,29.949,Alexandria,الاسكندرية
Masmas,مصمص,24.525,33.014,Nasr,مركز نصر,nasr-eg2805,24.373,32.932,Aswan,أسوان
Matar Aswan,مطار أسوان,23.931,32.776,Aswan,مركز أسوان,aswan-eg2802,23.972,32.831,Aswan,أسوان
Matar al-Qahira,مطار القاهرة,30.115,31.351,Nuzha,قسم النزهة,nuzha-eg0129,30.115,31.389,Cairo,القاهرة
Matar Imbaba,مطار أمبابة,30.075,31.193,Imbaba,قسم امبابه,imbaba-eg2101,30.083,31.21,Giza,الجيزة
Matar Taris,مطرطارس,29.365,30.907,Sinuras,مركز سنورس,sinuras-eg2305,29.441,30.815,Fayoum,الفيوم
Matoul,مطول,29.274,30.762,Atsa,مركز أطسا,atsa-eg2304,29.208,30.767,Fayoum,الفيوم
Maadi al-Khabiri al-Sharqiya,معادي الخبيري الشرقية,29.955,31.259,Maadi,قسم المعادي,maadi-eg0104,29.963,31.368,Cairo,القاهرة
Maadi al-Khabiri al-Gharbiya,معادي الخبيري الغربية,29.973,31.249,Maadi,قسم المعادي,maadi-eg0104,29.963,31.368,Cairo,القاهرة
Maadi al-Khabiri al-Wusta,معادي الخبيري الوسطي,29.964,31.251,Maadi,قسم المعادي,maadi-eg0104,29.963,31.368,Cairo,القاهرة
Maadi al-Sarayat al-Sharqiya,معادي السرايات الشرقية,29.963,31.364,Maadi,قسم المعادي,maadi-eg0104,29.963,31.368,Cairo,القاهرة
Maadi al-Sarayat al-Gharbiya,معادي السرايات الغربية,29.957,31.262,Maadi,قسم المعادي,maadi-eg0104,29.963,31.368,Cairo,القاهرة
Maagoun,معجون,29.213,30.74,Atsa,مركز أطسا,atsa-eg2304,29.208,30.767,Fayoum,الفيوم
Maadeyet Mahdi wal-Argan,معديةمهدي والعرجان,31.361,30.492,Mitubas,مركز مطوبس,mitubas-eg1510,31.383,30.47,Kafr El-Shikh,كفر الشيخ
Maarouf,معروف,30.051,31.239,Qasr Al-Nile,قسم قصر النيل,qasr-al-nile-eg0111,30.043,31.235,Cairo,القاهرة
Ma'saret Abu Seer,معصرةأبوصير,29.27,31.095,Al Wasta,مركز الواسطى,al-wasta-eg2205,29.324,31.17,Beni Suef,بنى سويف
Ma'saret Haggag,معصرةحجاج,28.474,30.682,Markz Bani Mazar,مركز بنى مزار,markz-bani-mazar-eg2406,28.518,30.731,Menia,المنيا
Ma'saret Sawy,معصرةصاوي,29.423,30.912,Tamya,مركز طامية,tamya-eg2306,29.467,30.982,Fayoum,الفيوم
Ma'saret Arafa,معصرةعرفة,29.268,30.801,Atsa,مركز أطسا,atsa-eg2304,29.208,30.767,Fayoum,الفيوم
Ma'saret Naasan,معصرةنعسان,29.166,30.964,Ahnasya,مركز أهناسيا,ahnasya-eg2206,29.102,30.943,Beni Suef,بنى سويف
Maamal al-Zogag,معمل الزجاج,31.109,30.203,Kafr Al-Dawwar,مركز كفر الدوار,kafr-al-dawwar-eg1812,31.129,30.038,Behera,البحيرة
Maaniya,معنيا,30.852,30.657,Itay Al-Barud,مركز إيتاى البارود,itay-al-barud-eg1807,30.886,30.656,Behera,البحيرة
Moawwad,معوض,30.594,31.522,Zaqaziq 1,قسم اول الزقازيق,zaqaziq-1-eg1301,30.585,31.513,Sharkia,الشرقية
Maghanin,مغنين,30.681,30.792,Kum Hamada,مركز كوم حمادة,kum-hamada-eg1813,30.654,30.774,Behera,البحيرة
Mafouz Teiba,مفوزطيبة,28.672,30.702,Markz Al Idwa,مركز العدوة,markz-al-idwa-eg2405,28.696,30.74,Menia,المنيا
Moqbel,مقبل,29.083,31.101,Bani Swayf,قسم بنى سويف,bani-swayf-eg2201,29.077,31.097,Beni Suef,بنى سويف
Makkah,مكة,30.59,32.269,Ismailiyya 1,قسم أول الاسماعيلية,ismailiyya-1-eg1901,30.606,32.311,Ismailia,الإسماعيلية
Maktab,مكتب,28.935,33.368,Abu Radis,قسم أبو رديس,abu-radis-eg3503,29.049,33.598,South Sinai,جنوب سيناء
Malas,ملاس,30.543,31.337,Minya al-Qamh,مركز منيا القمح,minya-al-qamh-eg1314,30.507,31.369,Sharkia,الشرقية
Malatiya,ملاطية,28.706,30.849,Markz Maghagha,مركز مغاغة,markz-maghagha-eg2410,28.641,30.794,Menia,المنيا
Melig,مليج,30.599,31.032,Shibin al-Kum,مركز شبين الكوم,shibin-al-kum-eg1702,30.561,30.954,Menoufia,المنوفية
Maliha,مليحة,30.753,30.738,Kum Hamada,مركز كوم حمادة,kum-hamada-eg1813,30.654,30.774,Behera,البحيرة
Maliha,مليحة,24.479,32.897,Kum Umbu,مركز كوم امبو,kum-umbu-eg2804,24.48,32.947,Aswan,أسوان
Manahrit,مناحريت,30.785,31.542,Dyarb Nigm,مركز ديرب نجم,dyarb-nigm-eg1310,30.752,31.444,Sharkia,الشرقية
Manashi al-Khatib,مناشي الخطيب,29.302,30.736,Fayyum,مركز الفيوم,fayyum-eg2302,29.3,30.955,Fayoum,الفيوم
Manawhela,مناوهلة,30.466,31.055,Al-Bagur,مركز الباجور,al-bagur-eg1704,30.413,31.032,Menoufia,المنوفية
Manbal,منب ال,28.403,30.679,Markz Matay,مركز مطاى,markz-matay-eg2409,28.431,30.71,Menia,المنيا
Montazah Saad,منتزةسعد,31.269,32.298,Al-Arab,قسم العرب,al-arab-eg0302,31.262,32.294,Port Said,بورسعيد
Mantout,منتوت,27.93,30.745,Markz Abu Qurqas,مركز ابو قرقاص,markz-abu-qurqas-eg2404,27.939,30.77,Menia,المنيا
Mangam Abu Tandab? Qibli wa Bahari?,منجمأبوتندب?قبليوبحري?,25.679,33.945,Qusir,قسم القصير,qusir-eg3102,25.957,33.951,Red Sea,البحر الأحمر
Mangam al-Beida,منجم البيضا,26.327,33.565,Qusir,قسم القصير,qusir-eg3102,25.957,33.951,Red Sea,البحر الأحمر
Mangam al-Adwa,منجم العدوة,26.315,34.0,Qusir,قسم القصير,qusir-eg3102,25.957,33.951,Red Sea,البحر الأحمر
Mangam al-Atshana,منجم العطشانة,26.126,34.056,Qusir,قسم القصير,qusir-eg3102,25.957,33.951,Red Sea,البحر الأحمر
Mangam al-Oweina,منجم العوينة,26.479,33.691,Qusir,قسم القصير,qusir-eg3102,25.957,33.951,Red Sea,البحر الأحمر
Mangam al-Fawakhir,منجم الفواخير,26.19,33.58,Qusir,قسم القصير,qusir-eg3102,25.957,33.951,Red Sea,البحر الأحمر
Mangam al-Qaraa,منجم القرع,26.271,33.787,Qusir,قسم القصير,qusir-eg3102,25.957,33.951,Red Sea,البحر الأحمر
Mangam al-Qasdir,منجم القصدير,26.139,34.213,Qusir,قسم القصير,qusir-eg3102,25.957,33.951,Red Sea,البحر الأحمر
Mangam al-Nakheel,منجم النخيل,26.436,33.434,Safaga,قسم سفاجا,safaga-eg3103,26.732,33.46,Red Sea,البحر الأحمر
Mangam Umm Sambouki,منجمأمسمبوكي,25.665,34.222,Qusir,قسم القصير,qusir-eg3102,25.957,33.951,Red Sea,البحر الأحمر
Mangam Umm Ghaig,منجمأمغيج,25.872,34.366,Qusir,قسم القصير,qusir-eg3102,25.957,33.951,Red Sea,البحر الأحمر
Mangam Hamata,منجمحماطة,24.37,34.793,Marsa Alam,قسم مرسى علم,marsa-alam-eg3104,24.707,34.286,Red Sea,البحر الأحمر
Mangam Dorheib,منجمدرهيب,25.655,34.527,Qusir,قسم القصير,qusir-eg3102,25.957,33.951,Red Sea,البحر الأحمر
Mandisha,منديشة,28.446,28.858,Bahariya Oasis,قسم الواحاتالبحرية,bahariya-oasis-eg2114,28.452,28.836,Giza,الجيزة
Manzel Hiyan,منزلحيان,30.682,31.543,Hihya,مركز ههيا,hihya-eg1315,30.652,31.617,Sharkia,الشرقية
Manzel Maymoun,منزلميمون,30.74,31.744,Abu Kabir,مركز أبوكبير,abu-kabir-eg1305,30.733,31.69,Sharkia,الشرقية
Manzel Naeem,منزلنعيم,30.66,31.76,Faqus,مركز فاقوس,faqus-eg1312,30.749,31.896,Sharkia,الشرقية
Mansafis,منسفيس,28.008,30.801,Markz Abu Qurqas,مركز ابو قرقاص,markz-abu-qurqas-eg2404,27.939,30.77,Menia,المنيا
Manshaat Adham,منشأة ادهم,30.841,31.515,Sinbillawin,مركز السنبلاوين,sinbillawin-eg1205,30.883,31.513,Dakahlia,الدقهلية
Manshaat al-Amir,منشأة الأمير,30.906,31.782,Awlad Saqr,مركز أولاد صقر,awlad-saqr-eg1319,30.969,31.777,Sharkia,الشرقية
Manshaat al-Awqaf,منشأة الأوقاف,31.108,30.128,Kafr Al-Dawwar,قسم كفرالدوار,kafr-al-dawwar-eg1811,31.137,30.133,Behera,البحيرة
Manshaat al-Sadat,منشأة السادات,28.841,30.857,Al Fashn,مركز الفشن,al-fashn-eg2204,28.809,30.827,Beni Suef,بنى سويف
Manshaat al-Salam,منشأة السلام,30.433,31.46,Bilbis,مركز بلبيس,bilbis-eg1308,30.408,31.531,Sharkia,الشرقية
Manshaat al-Shuhadaa,منشأة الشهداء,30.614,32.25,Ismailiyya 2,قسم ثان الاسماعيلية,ismailiyya-2-eg1902,30.614,32.26,Ismailia,الإسماعيلية
Manshaat al-Safa,منشأة الصفا,31.149,30.998,Kafr Al-Shaykh,مركز كفر الشيخ,kafr-al-shaykh-eg1502,31.2,31.016,Kafr El-Shikh,كفر الشيخ
Manshaat Amin Ismail,منشأة أمين إسماعيل,30.817,30.8,Kum Hamada,مركز كوم حمادة,kum-hamada-eg1813,30.654,30.774,Behera,البحيرة
Manshaat Bakhaty,منشأة بخاتى,30.573,30.952,Shibin al-Kum,مركز شبين الكوم,shibin-al-kum-eg1702,30.561,30.954,Menoufia,المنوفية
Manshaat Boulin,منشأة بولين,31.184,30.137,Kafr Al-Dawwar,مركز كفر الدوار,kafr-al-dawwar-eg1812,31.129,30.038,Behera,البحيرة
Manshaat Reda,منشأة رضا,30.869,31.563,Sinbillawin,مركز السنبلاوين,sinbillawin-eg1205,30.883,31.513,Dakahlia,الدقهلية
Manshaat Aliyan,منشأة عليان,30.016,31.195,Bulaq Al-DakrUr,قسم بولاق الدكرور,bulaq-al-dakrur-eg2105,30.03,31.19,Giza,الجيزة
Manshaat Awda Salem,منشأة عودة سالم,30.783,31.42,Dyarb Nigm,مركز ديرب نجم,dyarb-nigm-eg1310,30.752,31.444,Sharkia,الشرقية
Manshaat Nazif,منشأة نظيف,31.012,31.226,Samannud,مركز سمنود,samannud-eg1610,30.95,31.221,Gharbia,الغربية
Manshaat Hamour,منشأةحمور,31.115,30.401,Damanhur,مركز دمنهور,damanhur-eg1802,31.032,30.527,Behera,البحيرة
Manshaat Mostafa Khalil,منشأةمصطفيخليل,30.799,31.929,Al-Husayniya,مركز الحسينية,al-husayniya-eg1306,30.924,32.006,Sharkia,الشرقية
Manshaat Abu al-Akhdar,منشأة أبو الأخضر,30.595,31.6,Zaqaziq,مركز الزقازيق,zaqaziq-eg1303,30.587,31.581,Sharkia,الشرقية
Manshaat Abu al-Abbas,منشأةأب والعباس,29.521,31.245,Ayat,مركز العياط,ayat-eg2112,29.564,31.25,Giza,الجيزة
Manshaat Abu Hanna,منشأةأبوحنا,31.007,30.66,Shubra Khit,مركز شبراخيت,shubra-khit-eg1810,31.003,30.679,Behera,البحيرة
Manshaat Abu Dukhan,منشأةأبودخان,28.962,30.934,Biba,مركز ببا,biba-eg2207,28.951,30.967,Beni Suef,بنى سويف
Manshaat Abu Diyab,منشأةأبودياب,30.415,31.286,Banha,مركز بنها,banha-eg1402,30.443,31.248,Kalyoubia,القليوبية
Manshaat Abu Dhikra,منشأةأبوذكري,30.514,31.164,Quwisna,مركز قويسنا,quwisna-eg1708,30.56,31.163,Menoufia,المنوفية
Manshaat Abu Riya,منشأةأبورية,30.673,30.762,Kum Hamada,مركز كوم حمادة,kum-hamada-eg1813,30.654,30.774,Behera,البحيرة
Manshaat Abu Seer,منشأة ابو صير,29.243,31.133,Al Wasta,مركز الواسطى,al-wasta-eg2205,29.324,31.17,Beni Suef,بنى سويف
Manshaat Abu Abdallah,منشأة أبو عبدالله,30.689,31.125,Santa,مركز السنطة,santa-eg1604,30.773,31.119,Gharbia,الغربية
Manshaat Abu Aziz,منشأةأبوعزيز,28.457,30.829,Markz Bani Mazar,مركز بنى مزار,markz-bani-mazar-eg2406,28.518,30.731,Menia,المنيا
Manshaat Abu Ali,منشأة أبو علي,31.278,30.804,Sidi Salim,مركز سيدى سالم,sidi-salim-eg1507,31.31,30.738,Kafr El-Shikh,كفر الشيخ
Manshaat Abu Omar,منشأة أبو عمر,30.905,32.032,Al-Husayniya,مركز الحسينية,al-husayniya-eg1306,30.924,32.006,Sharkia,الشرقية
Manshaat Abu Malih,منشأةأبومليح,28.98,30.907,Sumusta,مركز سمسطا,sumusta-eg2208,28.951,30.866,Beni Suef,بنى سويف
Manshaat Abu Wafiya,منشأةأبووافية,30.822,30.598,Al-Dilingat,مركز الدلنجات,al-dilingat-eg1805,30.81,30.49,Behera,البحيرة
Manshaat Arimoun,منشأةأريمون,31.153,30.496,Al-Mahmudiyya,مركز المحمودية,al-mahmudiyya-eg1806,31.197,30.488,Behera,البحيرة
Manshaat al-Ikhwa,منشأة الأخوة,30.928,31.376,Aga,مركز أجا,aga-eg1204,30.895,31.313,Dakahlia,الدقهلية
Manshaat al-Azhari,منشأة الأزهري,28.69,30.772,Markz Al Idwa,مركز العدوة,markz-al-idwa-eg2405,28.696,30.74,Menia,المنيا
Manshaat al-Omaraa,منشأة الأمراء,29.115,30.934,Ahnasya,مركز أهناسيا,ahnasya-eg2206,29.102,30.943,Beni Suef,بنى سويف
Manshaat al-Amir,منشأة الأمير,29.172,30.604,Atsa,مركز أطسا,atsa-eg2304,29.208,30.767,Fayoum,الفيوم
Manshaat al-Badari,منشأة البداري,27.038,31.407,Al- Badari,مركز البدارى,al-badari-eg2506,26.946,31.456,Assiut,أسيوط
Manshaat al-Badawi,منشأة البدوي,31.061,31.31,Talkha,مركز طلخا,talkha-eg1211,31.109,31.383,Dakahlia,الدقهلية
Manshaat al-Badini,منشأة البديني,29.101,30.942,Ahnasya,مركز أهناسيا,ahnasya-eg2206,29.102,30.943,Beni Suef,بنى سويف
Manshaat al-Bakkari,منشأة البكاري,30.013,31.153,Al-Ahram,قسم الأهرام,al-ahram-eg2106,29.99,31.136,Giza,الجيزة
Manshaat al-Tahrir,منشأة التحرير,30.705,31.523,El-Ibrahimiya,مركز الأبراهيمية,el-ibrahimiya-eg1317,30.732,31.564,Sharkia,الشرقية
Manshaat al-Gamal,منشأة الجم ال,31.192,31.673,Minya Al-Nasr,مركز منية النصر,minya-al-nasr-eg1214,31.154,31.707,Dakahlia,الدقهلية
Manshaat al-Guneidi,منشأة الجنيدي,30.877,30.917,Tanta,مركز طنطا,tanta-eg1603,30.809,30.932,Gharbia,الغربية
Manshaat al-Gourbagy_al-Shourbagy,منشأة الجوربجي_ الشوربجي,30.772,30.715,Kum Hamada,مركز كوم حمادة,kum-hamada-eg1813,30.654,30.774,Behera,البحيرة
Manshaat al-Hagg,منشأة الحاج,29.064,30.905,Ahnasya,مركز أهناسيا,ahnasya-eg2206,29.102,30.943,Beni Suef,بنى سويف
Manshaat al-Habashi,منشأة الحبشي,31.018,30.465,Damanhur,مركز دمنهور,damanhur-eg1802,31.032,30.527,Behera,البحيرة
Manshaat al-Hawasliya,منشأة الحواصلية,28.023,30.803,Markz Al Minya,مركز المنيا,markz-al-minya-eg2402,28.101,30.641,Menia,المنيا
Manshaat al-Khazan,منشأة الخزان,31.068,30.565,Damanhur,مركز دمنهور,damanhur-eg1802,31.032,30.527,Behera,البحيرة
Manshaat al-Doctor al-Gamal,منشأة الدكتور الجم ال,29.501,31.046,Tamya,مركز طامية,tamya-eg2306,29.467,30.982,Fayoum,الفيوم
Manshaat al-Dokm,منشأة الدكم,29.398,30.74,Sinuras,مركز سنورس,sinuras-eg2305,29.441,30.815,Fayoum,الفيوم
Manshaat al-Dahab al-Bahariya,منشأة الدهب البحرية,28.031,30.681,Markz Al Minya,مركز المنيا,markz-al-minya-eg2402,28.101,30.641,Menia,المنيا
Manshaat al-Dahab al-Qibliya,منشأة الدهب القبلية,27.999,30.686,Markz Al Minya,مركز المنيا,markz-al-minya-eg2402,28.101,30.641,Menia,المنيا
Manshaat al-Rafei,منشاة الرافعي,30.655,31.03,Birkat Al-Sab,مركز بركة السبع,birkat-al-sab-eg1706,30.651,31.108,Menoufia,المنوفية
Manshaat al-Sadat,منشأة السادات,30.929,31.785,Awlad Saqr,مركز أولاد صقر,awlad-saqr-eg1319,30.969,31.777,Sharkia,الشرقية
Manshaat al-Sadat,منشأة السادات,30.556,30.823,Al-Shuhada,مركز الشهداء,al-shuhada-eg1705,30.601,30.87,Menoufia,المنوفية
Manshaat al-Sadat,منشأة السادات,29.458,30.813,Sinuras,مركز سنورس,sinuras-eg2305,29.441,30.815,Fayoum,الفيوم
Manshaat al-Sawi,منشأة الساوي,28.711,30.789,Markz Al Idwa,مركز العدوة,markz-al-idwa-eg2405,28.696,30.74,Menia,المنيا
Manshaat al-Salam,منشأة السلام,31.12,31.491,Mahalet Demna,مركز محلة دمنة,mahalet-demna-eg1219,31.09,31.513,Dakahlia,الدقهلية
Manshaat al-Salam,منشأة السلام,30.725,30.819,Tala,مركز تلا,tala-eg1707,30.67,30.946,Menoufia,المنوفية
Manshaat al-Shazly,منشأة الشاذلي,31.063,30.785,Qillin,مركز قلين,qillin-eg1509,31.085,30.817,Kafr El-Shikh,كفر الشيخ
Manshaat al-Sherka,منشأة الشركة,29.188,31.185,Nasir,مركز ناصر,nasir-eg2209,29.187,31.078,Beni Suef,بنى سويف
Manshaat al-Sharikein,منشأة الشريكين,30.558,30.961,Shibin al-Kum,مركز شبين الكوم,shibin-al-kum-eg1702,30.561,30.954,Menoufia,المنوفية
Manshaat al-Shaheed Abd al-Moneim Riyad,منشأة الشهيدعبد المنعمرياض,30.555,31.105,Quwisna,مركز قويسنا,quwisna-eg1708,30.56,31.163,Menoufia,المنوفية
Manshaat al-Sheikh Fadl,منشأة الشيخفضل,28.465,30.858,Markz Bani Mazar,مركز بنى مزار,markz-bani-mazar-eg2406,28.518,30.731,Menia,المنيا
Manshaat al-Seirafi,منشأة الصيرفي,30.858,30.677,Itay Al-Barud,مركز إيتاى البارود,itay-al-barud-eg1807,30.886,30.656,Behera,البحيرة
Manshaat al-Abbasa,منشأة العباسة,30.506,31.703,Abu Hammad,مركز أبو حماد,abu-hammad-eg1304,30.543,31.649,Sharkia,الشرقية
Manshaat al-Ashiri,منشأة العشيري,29.31,30.75,Fayyum,مركز الفيوم,fayyum-eg2302,29.3,30.955,Fayoum,الفيوم
Manshaat al-Attarin,منشأة العطارين,30.69,31.442,Dyarb Nigm,مركز ديرب نجم,dyarb-nigm-eg1310,30.752,31.444,Sharkia,الشرقية
Manshaat al-Oqqal,منشأة العق ال,27.006,31.431,Al- Badari,مركز البدارى,al-badari-eg2506,26.946,31.456,Assiut,أسيوط
Manshaat al-Ammari,منشأة العماري,25.691,32.691,Luxor,قسم الأقصر,luxor-eg2901,25.707,32.67,Luxor,مدينة الأقصر
Manshaat al-Ayyari,منشأة العياري,30.92,30.932,Qutur,مركز قطور,qutur-eg1611,30.971,30.97,Gharbia,الغربية
Manshaat al-Fayoum,منشأة الفيوم,29.289,30.839,Fayyum,مركز الفيوم,fayyum-eg2302,29.3,30.955,Fayoum,الفيوم
Manshaat al-Qaysi,منشأة القيسي,28.488,30.771,Markz Bani Mazar,مركز بنى مزار,markz-bani-mazar-eg2406,28.518,30.731,Menia,المنيا
Manshaat al-Karam,منشأة الكرام,30.329,31.358,Shibin al-Qanatir,مركز شبين القناطر,shibin-al-qanatir-eg1405,30.296,31.307,Kalyoubia,القليوبية
Manshaat al-Kurdi,منشأة الكردي,30.77,30.828,Kafr Al-Zayyat,مركز كفر الزيات,kafr-al-zayyat-eg1612,30.807,30.835,Gharbia,الغربية
Manshaat al-Masri,منشأة المصري,31.239,30.895,Sidi Salim,مركز سيدى سالم,sidi-salim-eg1507,31.31,30.738,Kafr El-Shikh,كفر الشيخ
Manshaat al-Matran,منشأة المطران,30.993,30.5,Damanhur,مركز دمنهور,damanhur-eg1802,31.032,30.527,Behera,البحيرة
Manshaat al-Maalouh,منشأة المع الوه,30.926,31.654,Tamy Al-Amdid,مركز تمى الأمديد,tamy-al-amdid-eg1216,30.947,31.594,Dakahlia,الدقهلية
Manshaat al-Ma'sara,منشأة المعصرة,27.183,31.228,Alfath,مركز الفتح,alfath-eg2513,27.218,31.212,Assiut,أسيوط
Manshaat al-Mughalaqa,منشأة المغ القة,27.76,30.79,Markz Mallawi,مركز ملوى,markz-mallawi-eg2412,27.775,30.801,Menia,المنيا
Manshaat al-Manasterli,منشأة المناسترلي,30.657,31.689,Abu Kabir,مركز أبوكبير,abu-kabir-eg1305,30.733,31.69,Sharkia,الشرقية
Manshaat al-Nasr,منشأة النصر,30.841,30.755,Itay Al-Barud,مركز إيتاى البارود,itay-al-barud-eg1807,30.886,30.656,Behera,البحيرة
Manshaat al-Helbawi,منشأة الهلباوي,31.037,30.136,Kafr Al-Dawwar,مركز كفر الدوار,kafr-al-dawwar-eg1812,31.129,30.038,Behera,البحيرة
Manshaat al-Wakil,منشأة الوكيل,31.008,30.276,Abu Hummus,مركز ابوحمص,abu-hummus-eg1804,31.106,30.31,Behera,البحيرة
Manshaat al-Ya'qoubiya,منشأة اليعقوبية,30.966,30.854,Basyun,مركز بسيون,basyun-eg1608,30.959,30.827,Gharbia,الغربية
Manshaat al-Yousfi,منشأة اليوسفي,28.549,30.68,Markz Bani Mazar,مركز بنى مزار,markz-bani-mazar-eg2406,28.518,30.731,Menia,المنيا
Manshaat Umm Khanan,منشأةأمخنان,30.501,31.082,Quwisna,مركز قويسنا,quwisna-eg1708,30.56,31.163,Menoufia,المنوفية
Manshaat Badini,منشأةبديني,28.276,30.672,Markz Samalut,مركز سمالوط,markz-samalut-eg2408,28.285,30.629,Menia,المنيا
Manshaat Bardis,منشأةبرديس,26.285,31.944,Al-Balyana,مركز البلينا,al-balyana-eg2605,26.241,31.944,Suhag,سوهاج
Manshaat Basandila,منشأةبسنديلة,31.234,31.48,Bilqas,مركز بلقاس,bilqas-eg1208,31.344,31.379,Dakahlia,الدقهلية
Manshaat Basyoun,منشأة بسيون,30.965,30.828,Basyun,مركز بسيون,basyun-eg1608,30.959,30.827,Gharbia,الغربية
Manshaat Basyouni,منشأةبسيوني,31.195,30.185,Kafr Al-Dawwar,مركز كفر الدوار,kafr-al-dawwar-eg1812,31.129,30.038,Behera,البحيرة
Manshaat Bishara,منشأةبشارة,30.821,30.606,Al-Dilingat,مركز الدلنجات,al-dilingat-eg1805,30.81,30.49,Behera,البحيرة
Manshaat Battah,منشأةبطاح,31.143,30.736,Disuq,مركز دسوق,disuq-eg1506,31.15,30.72,Kafr El-Shikh,كفر الشيخ
Manshaat Baghdadi,منشأةبغدادي,29.273,30.818,Fayyum,مركز الفيوم,fayyum-eg2302,29.3,30.955,Fayoum,الفيوم
Manshaat Bakir,منشأةبكير,28.497,30.75,Markz Bani Mazar,مركز بنى مزار,markz-bani-mazar-eg2406,28.518,30.731,Menia,المنيا
Manshaat Balbaa,منشأةبلبع,31.207,30.153,Kafr Al-Dawwar,مركز كفر الدوار,kafr-al-dawwar-eg1812,31.129,30.038,Behera,البحيرة
Manshaat Ibn al-Aasi,منشأةبن العاصي,30.812,31.591,Kafr Saqr,مركز كفر صقر,kafr-saqr-eg1313,30.837,31.675,Sharkia,الشرقية
Manshaat Banha,منشأة بنها,30.475,31.219,Banha,مركز بنها,banha-eg1402,30.443,31.248,Kalyoubia,القليوبية
Manshaat Bani Othman,منشأةبنيعثمان,29.479,30.878,Sinuras,مركز سنورس,sinuras-eg2305,29.441,30.815,Fayoum,الفيوم
Manshaat Tharwat,منشأةثروت,30.86,30.177,Abu-l-Matamir,مركز ابوالمطامير,abu-l-matamir-eg1803,30.773,30.144,Behera,البحيرة
Manshaat Gereis,منشأةجريس,30.351,30.91,Ashmun,مركز أشمون,ashmun-eg1703,30.299,31.008,Menoufia,المنوفية
Manshaat Galal,منشأةجل ال,28.454,30.702,Markz Bani Mazar,مركز بنى مزار,markz-bani-mazar-eg2406,28.518,30.731,Menia,المنيا
Manshaat Gianaclis,منشأةجناكليس,30.857,30.104,Abu-l-Matamir,مركز ابوالمطامير,abu-l-matamir-eg1803,30.773,30.144,Behera,البحيرة
Manshaat Hatem,منشأةحاتم,30.679,31.247,Zifta,مركز زفتى,zifta-eg1609,30.728,31.215,Gharbia,الغربية
Manshaat Hassan,منشأة حسن,30.684,31.261,Zifta,مركز زفتى,zifta-eg1609,30.728,31.215,Gharbia,الغربية
Manshaat Halfa,منشأةحلفة,29.256,30.763,Atsa,مركز أطسا,atsa-eg2304,29.208,30.767,Fayoum,الفيوم
Manshaat Halfa,منشأةحلفه,28.696,30.685,Markz Al Idwa,مركز العدوة,markz-al-idwa-eg2405,28.696,30.74,Menia,المنيا
Manshaat Heidareken,منشأةحيدريكن,29.076,31.057,Bani Swayf,مركز بنى سويف,bani-swayf-eg2202,29.098,31.042,Beni Suef,بنى سويف
Manshaat Khuzam al-Gharbiya,منشأة خزام الغربية,27.668,30.837,Markz Dir Mawas,مركز دير مواس,markz-dir-mawas-eg2407,27.655,30.79,Menia,المنيا
Manshaat Khashaba,منشأةخشبة,27.342,30.807,Al-Qusia,مركز القوصية,al-qusia-eg2509,27.403,30.826,Assiut,أسيوط
Manshaat Khayyat,منشأةخياط,30.981,30.292,Hush Isa,مركز حوش عيسى,hush-isa-eg1808,30.891,30.346,Behera,البحيرة
Manshaat Da'bas,منشأةدعبس,27.918,30.824,Markz Abu Qurqas,مركز ابو قرقاص,markz-abu-qurqas-eg2404,27.939,30.77,Menia,المنيا
Manshaat Damlou,منشأةدملو,30.518,31.179,Quwisna,مركز قويسنا,quwisna-eg1708,30.56,31.163,Menoufia,المنوفية
Manshaat Damou,منشأةدمو,29.322,30.929,Fayyum,مركز الفيوم,fayyum-eg2302,29.3,30.955,Fayoum,الفيوم
Manshaat Demeisna,منشأةدميسنا,31.105,30.384,Abu Hummus,مركز ابوحمص,abu-hummus-eg1804,31.106,30.31,Behera,البحيرة
Manshaat Dahshour,منشأةدهشور,29.789,31.238,Badrashain,مركز البدرشين,badrashain-eg2110,29.824,31.258,Giza,الجيزة
Manshaat Radi,منشأة راضي,30.793,30.658,Kum Hamada,مركز كوم حمادة,kum-hamada-eg1813,30.654,30.774,Behera,البحيرة
Manshaat Ragheb,منشأةراغب,30.942,30.486,Damanhur,مركز دمنهور,damanhur-eg1802,31.032,30.527,Behera,البحيرة
Manshaat Ragheb al-Tahawi,منشأةراغب الطحاوي,30.8,31.917,Al-Husayniya,مركز الحسينية,al-husayniya-eg1306,30.924,32.006,Sharkia,الشرقية
Manshaat Rabie,منشأةربيع,29.238,30.852,Atsa,مركز أطسا,atsa-eg2304,29.208,30.767,Fayoum,الفيوم
Manshaat Rahmi,منشأةرحمي,29.276,30.778,Atsa,مركز أطسا,atsa-eg2304,29.208,30.767,Fayoum,الفيوم
Manshaat Razafa,منشأةرزافة,30.968,30.63,Shubra Khit,مركز شبراخيت,shubra-khit-eg1810,31.003,30.679,Behera,البحيرة
Manshaat Radwan,منشأةرضوان,30.769,31.705,Abu Kabir,مركز أبوكبير,abu-kabir-eg1305,30.733,31.69,Sharkia,الشرقية
Manshaat Ramzy,منشأةرمزي,29.208,30.827,Atsa,مركز أطسا,atsa-eg2304,29.208,30.767,Fayoum,الفيوم
Manshaat Zaafarana,منشأةزعفرانة,27.928,30.85,Markz Abu Qurqas,مركز ابو قرقاص,markz-abu-qurqas-eg2404,27.939,30.77,Menia,المنيا
Manshaat Zaalouk,منشأةزعلوك,31.161,30.662,Disuq,مركز دسوق,disuq-eg1506,31.15,30.72,Kafr El-Shikh,كفر الشيخ
Manshaat Surouri,منشأةسروري,30.458,30.835,Sadat City,مركز السادات,sadat-city-eg1711,30.358,30.661,Menoufia,المنوفية
Manshaat Said Tousoun,منشأةسعيدطوسون,31.079,30.57,Damanhur,مركز دمنهور,damanhur-eg1802,31.032,30.527,Behera,البحيرة
Manshaat Salama,منشأةسلامة,31.229,30.928,Riyad,مركز الرياض,riyad-eg1512,31.321,30.92,Kafr El-Shikh,كفر الشيخ
Manshaat Sultan,منشأةسلطان,30.533,30.915,Minuf,مركز منوف,minuf-eg1709,30.46,30.881,Menoufia,المنوفية
Manshaat Suleiman,منشأة سليمان,30.714,30.786,Kafr Al-Zayyat,مركز كفر الزيات,kafr-al-zayyat-eg1612,30.807,30.835,Gharbia,الغربية
Manshaat Suleiman,منشأة سليمان,29.417,31.28,Atfeh,مركز أطفيح,atfeh-eg2115,29.343,31.25,Giza,الجيزة
Manshaat Suleiman,منشأة سليمان,28.904,30.825,Sumusta,مركز سمسطا,sumusta-eg2208,28.951,30.866,Beni Suef,بنى سويف
Manshaat Samhan,منشأةسمهان,27.617,30.849,Markz Dir Mawas,مركز دير مواس,markz-dir-mawas-eg2407,27.655,30.79,Menia,المنيا
Manshaat Sennoures,منشأة سنورس,29.475,30.835,Sinuras,مركز سنورس,sinuras-eg2305,29.441,30.815,Fayoum,الفيوم
Manshaat Seif,منشأةسيف,30.418,31.067,Al-Bagur,مركز الباجور,al-bagur-eg1704,30.413,31.032,Menoufia,المنوفية
Manshaat Seif al-Nasr,منشأةسيف النصر,29.217,30.679,Atsa,مركز أطسا,atsa-eg2304,29.208,30.767,Fayoum,الفيوم
Manshaat Seif al-Nasr al-Sharqiya,منشأةسيف النصر الشرقية,27.756,30.822,Markz Mallawi,مركز ملوى,markz-mallawi-eg2412,27.775,30.801,Menia,المنيا
Manshaat Seif al-Nasr Mohamed,منشأةسيف النصرمحمد,27.725,30.761,Markz Mallawi,مركز ملوى,markz-mallawi-eg2412,27.775,30.801,Menia,المنيا
Manshaat Shubrato,منشأةشبراطو,31.025,30.843,Qillin,مركز قلين,qillin-eg1509,31.085,30.817,Kafr El-Shikh,كفر الشيخ
Manshaat Shafiq,منشأةشفيق,30.525,31.429,Minya al-Qamh,مركز منيا القمح,minya-al-qamh-eg1314,30.507,31.369,Sharkia,الشرقية
Manshaat Shalaby,منشأة شلبي,30.806,31.633,Kafr Saqr,مركز كفر صقر,kafr-saqr-eg1313,30.837,31.675,Sharkia,الشرقية
Manshaat Shanawan,منشأةشنوان,30.529,30.998,Shibin al-Kum,مركز شبين الكوم,shibin-al-kum-eg1702,30.561,30.954,Menoufia,المنوفية
Manshaat Shouman,منشأةشومان,31.31,31.387,Bilqas,مركز بلقاس,bilqas-eg1208,31.344,31.379,Dakahlia,الدقهلية
Manshaat Sabry,منشأةصبري,30.966,31.5,Tamy Al-Amdid,مركز تمى الأمديد,tamy-al-amdid-eg1216,30.947,31.594,Dakahlia,الدقهلية
Manshaat Sabry,منشأةصبري,29.248,30.698,Atsa,مركز أطسا,atsa-eg2304,29.208,30.767,Fayoum,الفيوم
Manshaat Sedky,منشأةصدقي,30.749,31.715,Abu Kabir,مركز أبوكبير,abu-kabir-eg1305,30.733,31.69,Sharkia,الشرقية
Manshaat Safwat,منشأةصفوت,30.738,31.449,Dyarb Nigm,مركز ديرب نجم,dyarb-nigm-eg1310,30.752,31.444,Sharkia,الشرقية
Manshaat Sahbara,منشأةصهبرة,30.775,31.425,Dyarb Nigm,مركز ديرب نجم,dyarb-nigm-eg1310,30.752,31.444,Sharkia,الشرقية
Manshaat Taher,منشأةطاهر,29.036,30.88,Ahnasya,مركز أهناسيا,ahnasya-eg2206,29.102,30.943,Beni Suef,بنى سويف
Manshaat Tantawi,منشأةطنطاوي,29.513,30.835,Sinuras,مركز سنورس,sinuras-eg2305,29.441,30.815,Fayoum,الفيوم
Manshaat Zafer,منشأةظافر,29.278,30.665,Atsa,مركز أطسا,atsa-eg2304,29.208,30.767,Fayoum,الفيوم
Manshaat Asem,منشأةعاصم,31.119,31.693,Minya Al-Nasr,مركز منية النصر,minya-al-nasr-eg1214,31.154,31.707,Dakahlia,الدقهلية
Manshaat Asem,منشأةعاصم,29.034,31.02,Bani Swayf,مركز بنى سويف,bani-swayf-eg2202,29.098,31.042,Beni Suef,بنى سويف
Manshaat Amer,منشأة عامر,31.067,30.117,Kafr Al-Dawwar,مركز كفر الدوار,kafr-al-dawwar-eg1812,31.129,30.038,Behera,البحيرة
Manshaat Abbas,منشأةعباس,31.279,30.878,Sidi Salim,مركز سيدى سالم,sidi-salim-eg1507,31.31,30.738,Kafr El-Shikh,كفر الشيخ
Manshaat Abdel Rahman,منشأة عبد الرحمن,31.103,31.759,Dikirnis,مركز دكرنس,dikirnis-eg1209,31.093,31.78,Dakahlia,الدقهلية
Manshaat Abdel Sayed,منشأةعبد السيد,29.618,31.228,Ayat,مركز العياط,ayat-eg2112,29.564,31.25,Giza,الجيزة
Manshaat Abdel Samad,منشأةعبد الصمد,29.061,30.928,Ahnasya,مركز أهناسيا,ahnasya-eg2206,29.102,30.943,Beni Suef,بنى سويف
Manshaat Abdel Qader,منشأةعبد القادر,31.352,31.435,Bilqas,مركز بلقاس,bilqas-eg1208,31.344,31.379,Dakahlia,الدقهلية
Manshaat Abdallah,منشأة عبدالله,29.345,30.847,Fayyum,مركز الفيوم,fayyum-eg2302,29.3,30.955,Fayoum,الفيوم
Manshaat Abdallah Lamloum,منشأةعبد اللهلملوم,28.655,30.768,Markz Al Idwa,مركز العدوة,markz-al-idwa-eg2405,28.696,30.74,Menia,المنيا
Manshaat Abdel Megid,منشأة عبدالمجيد,29.168,30.738,Atsa,مركز أطسا,atsa-eg2304,29.208,30.767,Fayoum,الفيوم
Manshaat Abdel Nabi,منشأةعبد النبي,30.914,31.301,Aga,مركز أجا,aga-eg1204,30.895,31.313,Dakahlia,الدقهلية
Manshaat Aglan,منشأةعجلان,31.12,30.78,Qillin,مركز قلين,qillin-eg1509,31.085,30.817,Kafr El-Shikh,كفر الشيخ
Manshaat Ezzat,منشأةعزت,30.832,31.542,Sinbillawin,مركز السنبلاوين,sinbillawin-eg1205,30.883,31.513,Dakahlia,الدقهلية
Manshaat Essam Toukh El-Baraghta Sabeqan,منشأةعصام_طوخ البراغتةسابقا,30.567,30.965,Shibin al-Kum,مركز شبين الكوم,shibin-al-kum-eg1702,30.561,30.954,Menoufia,المنوفية
Manshaat Atifa,منشأةعطيفة,29.378,30.886,Sinuras,مركز سنورس,sinuras-eg2305,29.441,30.815,Fayoum,الفيوم
Manshaat Aql,منشأةعقل,31.261,30.893,Sidi Salim,مركز سيدى سالم,sidi-salim-eg1507,31.31,30.738,Kafr El-Shikh,كفر الشيخ
Manshaat Alawi,منشأةعلوي,29.212,30.837,Atsa,مركز أطسا,atsa-eg2304,29.208,30.767,Fayoum,الفيوم
Manshaat Ali Agha,منشأةعليأغا,31.166,30.708,Disuq,مركز دسوق,disuq-eg1506,31.15,30.72,Kafr El-Shikh,كفر الشيخ
Manshaat Ali Mehana,منشأةعليمهنا,30.791,30.743,Kum Hamada,مركز كوم حمادة,kum-hamada-eg1813,30.654,30.774,Behera,البحيرة
Manshaat Amro,منشأة عمرو,28.753,30.845,Al Fashn,مركز الفشن,al-fashn-eg2204,28.809,30.827,Beni Suef,بنى سويف
Manshaat Ghali Mansour,منشأةغ اليمنصور,30.68,31.504,Hihya,مركز ههيا,hihya-eg1315,30.652,31.617,Sharkia,الشرقية
Manshaat Ghorbal,منشأةغرب ال,31.022,30.485,Damanhur,مركز دمنهور,damanhur-eg1802,31.032,30.527,Behera,البحيرة
Manshaat Ghamrin,منشأةغمرين,30.474,30.906,Minuf,مركز منوف,minuf-eg1709,30.46,30.881,Menoufia,المنوفية
Manshaat Fadel,منشأةفاضل,30.804,30.521,Al-Dilingat,مركز الدلنجات,al-dilingat-eg1805,30.81,30.49,Behera,البحيرة
Manshaat Fetih,منشأةفتيح,29.312,30.801,Fayyum,مركز الفيوم,fayyum-eg2302,29.3,30.955,Fayoum,الفيوم
Manshaat Faisal,منشأة فيصل,29.211,30.704,Atsa,مركز أطسا,atsa-eg2304,29.208,30.767,Fayoum,الفيوم
Manshaat Qassem,منشأةقاسم,30.776,31.488,Dyarb Nigm,مركز ديرب نجم,dyarb-nigm-eg1310,30.752,31.444,Sharkia,الشرقية
Manshaat Kaseb,منشأةكاسب,29.731,31.238,Badrashain,مركز البدرشين,badrashain-eg2110,29.824,31.258,Giza,الجيزة
Manshaat Karam Rizq,منشأةكرمورزوق,31.249,31.743,Fariskur,مركز فارسكور,fariskur-eg1103,31.31,31.733,Damietta,دمياط
Manshaat Kassab,منشأةكساب,29.08,30.973,Ahnasya,مركز أهناسيا,ahnasya-eg2206,29.102,30.943,Beni Suef,بنى سويف
Manshaat Keshk,منشأةكشك,30.775,31.462,Dyarb Nigm,مركز ديرب نجم,dyarb-nigm-eg1310,30.752,31.444,Sharkia,الشرقية
Manshaat Kamal,منشأة كمال,29.247,30.943,Fayyum,مركز الفيوم,fayyum-eg2302,29.3,30.955,Fayoum,الفيوم
Manshaat Lotfallah,منشأةلطف الله,28.444,30.794,Markz Matay,مركز مطاى,markz-matay-eg2409,28.431,30.71,Menia,المنيا
Manshaat Lamloum,منشأةلملوم,28.642,30.804,Markz Maghagha,مركز مغاغة,markz-maghagha-eg2410,28.641,30.794,Menia,المنيا
Manshaat Mubarak,منشأة مبارك,31.152,31.608,Minya Al-Nasr,مركز منية النصر,minya-al-nasr-eg1214,31.154,31.707,Dakahlia,الدقهلية
Manshaat Mohamed,منشأة محمد,30.707,30.971,Tala,مركز تلا,tala-eg1707,30.67,30.946,Menoufia,المنوفية
Manshaat Mohamed El-Wakil,منشأةمحمد الوكيل,31.022,30.53,Damanhur,مركز دمنهور,damanhur-eg1802,31.032,30.527,Behera,البحيرة
Manshaat Masged El-Khadr,منشأةمسجد الخضر,30.462,31.132,Al-Bagur,مركز الباجور,al-bagur-eg1704,30.413,31.032,Menoufia,المنوفية
Manshaat Mosbeh,منشأةمصبح,30.991,31.687,Bany Abeed,مركز بنى عبيد,bany-abeed-eg1218,31.024,31.648,Dakahlia,الدقهلية
Manshaat Manbal,منشأةمنب ال,28.4,30.699,Markz Matay,مركز مطاى,markz-matay-eg2409,28.431,30.71,Menia,المنيا
Manshaat Mansour,منشأةمنصور,30.849,31.28,Aga,مركز أجا,aga-eg1204,30.895,31.313,Dakahlia,الدقهلية
Manshaat Manqateen,منشأةمنقطين,28.355,30.683,Markz Samalut,مركز سمالوط,markz-samalut-eg2408,28.285,30.629,Menia,المنيا
Manshaat Nasser,منشأةناصر,29.884,31.306,Hilwan,قسم حلوان,hilwan-eg0102,29.854,31.329,Cairo,القاهرة
Manshaat Nasser,منشأةناصر,30.038,31.286,Minshat Nasir,منشأةناصر,minshat-nasir-eg0134,30.043,31.284,Cairo,القاهرة
Manshaat Nasser,منشأةناصر,30.925,31.697,Awlad Saqr,مركز أولاد صقر,awlad-saqr-eg1319,30.969,31.777,Sharkia,الشرقية
Manshaat Nabhan,منشأةنبهان,30.715,31.852,Faqus,مركز فاقوس,faqus-eg1312,30.749,31.896,Sharkia,الشرقية
Manshaat Nassar,منشأةنصار,31.086,30.409,Damanhur,مركز دمنهور,damanhur-eg1802,31.032,30.527,Behera,البحيرة
Manshaat Niazi,منشأةنيازي,28.619,30.683,Markz Maghagha,مركز مغاغة,markz-maghagha-eg2410,28.641,30.794,Menia,المنيا
Manshaat Hodeib,منشأةهديب,29.199,30.981,Nasir,مركز ناصر,nasir-eg2209,29.187,31.078,Beni Suef,بنى سويف
Manshaat Helal,منشأةهل ال,30.815,31.416,Sinbillawin,مركز السنبلاوين,sinbillawin-eg1205,30.883,31.513,Dakahlia,الدقهلية
Manshaat Hammam,منشأةهمام,27.027,31.362,Al- Badari,مركز البدارى,al-badari-eg2506,26.946,31.456,Assiut,أسيوط
Manshaat Howeidy,منشأةهويدي,29.391,30.681,Abshaway,مركز أبشواى,abshaway-eg2303,29.374,30.69,Fayoum,الفيوم
Manshaat Youssef Mansour,منشأةيوسفمنصور,30.87,31.651,Kafr Saqr,مركز كفر صقر,kafr-saqr-eg1313,30.837,31.675,Sharkia,الشرقية
Manshaat Younes,منشأةيونس,31.109,30.172,Kafr Al-Dawwar,مركز كفر الدوار,kafr-al-dawwar-eg1812,31.129,30.038,Behera,البحيرة
Manshaat Abaza,منشأه اباظه,30.592,31.519,Zaqaziq 1,قسم اول الزقازيق,zaqaziq-1-eg1301,30.585,31.513,Sharkia,الشرقية
Manshaat El-Baqlly,منشاه البقلى,30.828,31.304,Aga,مركز أجا,aga-eg1204,30.895,31.313,Dakahlia,الدقهلية
Manshaat El-Gazaer,منشأه الجزائر,29.28,30.884,Fayyum,مركز الفيوم,fayyum-eg2302,29.3,30.955,Fayoum,الفيوم
Manshaat El-Nasr - Manshaat Kamel,منشأه النصر - منشأه كامل,27.86,30.783,Markz Abu Qurqas,مركز ابو قرقاص,markz-abu-qurqas-eg2404,27.939,30.77,Menia,المنيا
Manshaat Alouba,منشاهعلوبه,30.958,30.137,Abu-l-Matamir,مركز ابوالمطامير,abu-l-matamir-eg1803,30.773,30.144,Behera,البحيرة
Manshiet Abu Amer,منشية أبو عامر,30.853,31.876,Al-Husayniya,مركز الحسينية,al-husayniya-eg1306,30.924,32.006,Sharkia,الشرقية
Manshiet El-Omaraa,منشية الأمراء,31.035,31.189,El Mahalla El Kobra,مركز المحله الكبرى,el-mahalla-el-kobra-eg1607,31.017,31.13,Gharbia,الغربية
Manshiet El-Awqaf,منشية الأوقاف,30.846,31.017,Tanta,مركز طنطا,tanta-eg1603,30.809,30.932,Gharbia,الغربية
Manshiet El-Awqaf,منشية الأوقاف,31.101,31.093,El Mahalla El Kobra,مركز المحله الكبرى,el-mahalla-el-kobra-eg1607,31.017,31.13,Gharbia,الغربية
Manshiet El-Awqaf,منشية الأوقاف,31.08,30.477,Damanhur,مركز دمنهور,damanhur-eg1802,31.032,30.527,Behera,البحيرة
Manshiet El-Bakry,منشية البكري,30.085,31.31,Misr al-Gadida,قسم مصرالجديدة,misr-al-gadida-eg0128,30.091,31.327,Cairo,القاهرة
Manshiet El-Tahrir,منشية التحرير,30.113,31.324,Ain Shams,قسم عينشمس,ain-shams-eg0130,30.123,31.33,Cairo,القاهرة
Manshiet El-Raghamah,منشية الرغامة,24.549,32.935,Kum Umbu,مركز كوم امبو,kum-umbu-eg2804,24.48,32.947,Aswan,أسوان
Manshiet El-Salam,منشية السلام,30.962,31.658,Tamy Al-Amdid,مركز تمى الأمديد,tamy-al-amdid-eg1216,30.947,31.594,Dakahlia,الدقهلية
Manshiet El-Sheriey,منشية الشريعي,28.238,30.642,Markz Samalut,مركز سمالوط,markz-samalut-eg2408,28.285,30.629,Menia,المنيا
Manshiet El-Sheikh El-Mahrouqy,منشية الشيخ المحروقي,30.853,30.825,Kafr Al-Zayyat,مركز كفر الزيات,kafr-al-zayyat-eg1612,30.807,30.835,Gharbia,الغربية
Manshiet El-Sadr,منشية الصدر,30.085,31.288,Hadaiq Al-Qubba,قسم حدائقالقبة,hadaiq-al-qubba-eg0123,30.086,31.283,Cairo,القاهرة
Manshiet El-Arab,منشية العرب,30.609,31.215,Quwisna,مركز قويسنا,quwisna-eg1708,30.56,31.163,Menoufia,المنوفية
Manshiet El-Ammar,منشية العمار,30.347,31.15,Tukh,مركز طوخ,tukh-eg1408,30.344,31.19,Kalyoubia,القليوبية
Manshiet El-Qady,منشية القاضي,30.79,31.797,Faqus,مركز فاقوس,faqus-eg1312,30.749,31.896,Sharkia,الشرقية
Manshiet El-Masry,منشية المصري,29.953,31.281,Tura,قسم طره,tura-eg0105,29.939,31.38,Cairo,القاهرة
Manshiet Awqaf Laqana,منشيةأوقافلقانة,31.029,30.626,Shubra Khit,مركز شبراخيت,shubra-khit-eg1810,31.003,30.679,Behera,البحيرة
Manshiet Beshara El-Tahawy,منشيةبشارة الطحاوي,30.882,31.938,Al-Husayniya,مركز الحسينية,al-husayniya-eg1306,30.924,32.006,Sharkia,الشرقية
Manshiet Ganzour,منشيةجنزور,30.738,30.996,Tanta,مركز طنطا,tanta-eg1603,30.809,30.932,Gharbia,الغربية
Manshiet Hamada,منشية حمادة,31.043,30.65,Shubra Khit,مركز شبراخيت,shubra-khit-eg1810,31.003,30.679,Behera,البحيرة
Manshiet Debono,منشيةدبونو,31.271,30.377,Idku,مركز إدكو,idku-eg1816,31.298,30.325,Behera,البحيرة
Manshiet Radwan,منشيةرضوان,30.148,31.038,Imbaba,مركز إمبابة,imbaba-eg2113,30.22,30.963,Giza,الجيزة
Manshiet Sakran,منشيةسكران,29.323,30.727,Fayyum,مركز الفيوم,fayyum-eg2302,29.3,30.955,Fayoum,الفيوم
Manshiet Tanbara,منشيةطنبارة,31.106,31.128,El Mahalla El Kobra,مركز المحله الكبرى,el-mahalla-el-kobra-eg1607,31.017,31.13,Gharbia,الغربية
Manshiet Abdel Latif Waked,منشيةعبد اللطيفواكد,30.849,31.644,Kafr Saqr,مركز كفر صقر,kafr-saqr-eg1313,30.837,31.675,Sharkia,الشرقية
Manshiet Alwan,منشية علوان,31.269,30.481,Rashid,مركز رشيد,rashid-eg1809,31.379,30.375,Behera,البحيرة
Manshiet Fadel,منشيةفاضل,29.698,31.27,Ayat,مركز العياط,ayat-eg2112,29.564,31.25,Giza,الجيزة
Manshiet El-Sharfaa,منشية الشرفا,30.939,31.651,Tamy Al-Amdid,مركز تمى الأمديد,tamy-al-amdid-eg1216,30.947,31.594,Dakahlia,الدقهلية
Manshiet El-Gharby,منشية الغربى,30.944,31.627,Tamy Al-Amdid,مركز تمى الأمديد,tamy-al-amdid-eg1216,30.947,31.594,Dakahlia,الدقهلية
Manshiet Nasser,منشيه ناصر,31.408,31.566,Kafr Sad,مركز كفر سعد,kafr-sad-eg1104,31.359,31.603,Damietta,دمياط
Mansouret Namoul,منصورةنامول,30.325,31.235,Tukh,مركز طوخ,tukh-eg1408,30.344,31.19,Kalyoubia,القليوبية
Mansouriet El-Farastaq,منصورية الفرستق,30.769,30.795,Kafr Al-Zayyat,مركز كفر الزيات,kafr-al-zayyat-eg1612,30.807,30.835,Gharbia,الغربية
Mantaqat El-Zamam El-Mostagadda,منطقة الزمام المستجدة,30.686,30.649,Al-Dilingat,مركز الدلنجات,al-dilingat-eg1805,30.81,30.49,Behera,البحيرة
Mantaqat Hodoud Aswan,منطقة حدود اسوان,24.007,32.894,Aswan,مركز أسوان,aswan-eg2802,23.972,32.831,Aswan,أسوان
Mantaqat El-Sadd El-Aaly,منطقة السد الع الي,23.988,32.899,Aswan,مركز أسوان,aswan-eg2802,23.972,32.831,Aswan,أسوان
Mantaqat El-Hadid wal Solb,منطقة الحديد والصلب,24.003,32.905,Aswan,مركز أسوان,aswan-eg2802,23.972,32.831,Aswan,أسوان
Mantaqat El-Cinema,منطقة السينما,30.06,31.326,Nasr City,قسم أول مدينة نصر,nasr-city-eg0126,30.032,31.369,Cairo,القاهرة
Mantaqat Managem El-Fosfat,منطقةمناجم الفوسفات,25.081,32.929,Adfu,مركز أدفو,adfu-eg2803,25.061,32.957,Aswan,أسوان
Mantaqat Khazan Aswan,منطقه خزان اسوان,23.997,32.864,Aswan,قسم أسوان,aswan-eg2801,24.063,32.901,Aswan,أسوان
Mantey,منطي,30.142,31.245,Qalyub,مركز قليوب,qalyub-eg1410,30.207,31.214,Kalyoubia,القليوبية
Manqabad,منقباد,27.193,31.115,Assuit,مركز أسيوط,assuit-eg2503,27.117,31.232,Assiut,أسيوط
Manqarish,منقريش,29.099,31.115,Bani Swayf,مركز بنى سويف,bani-swayf-eg2202,29.098,31.042,Beni Suef,بنى سويف
Manqateen,منقطين,28.327,30.669,Markz Samalut,مركز سمالوط,markz-samalut-eg2408,28.285,30.629,Menia,المنيا
Manhara,منهرة,29.077,30.935,Ahnasya,مركز أهناسيا,ahnasya-eg2206,29.102,30.943,Beni Suef,بنى سويف
Manharou,منهرو,29.101,30.923,Ahnasya,مركز أهناسيا,ahnasya-eg2206,29.102,30.943,Beni Suef,بنى سويف
Manhary,منهري,27.955,30.834,Markz Abu Qurqas,مركز ابو قرقاص,markz-abu-qurqas-eg2404,27.939,30.77,Menia,المنيا
Minyet Messir,منية مسير,31.082,31.018,Kafr Al-Shaykh,مركز كفر الشيخ,kafr-al-shaykh-eg1502,31.2,31.016,Kafr El-Shikh,كفر الشيخ
Minyet Toukh,منية طوخ,30.836,31.106,Santa,مركز السنطة,santa-eg1604,30.773,31.119,Gharbia,الغربية
Minyet Abyar,منيةأبيار,30.859,30.874,Kafr Al-Zayyat,مركز كفر الزيات,kafr-al-zayyat-eg1612,30.807,30.835,Gharbia,الغربية
Minyet El-Bandara,منية البندرة,30.824,31.117,Santa,مركز السنطة,santa-eg1604,30.773,31.119,Gharbia,الغربية
Minyet El-Geid,منية الجيد,28.907,30.951,Biba,مركز ببا,biba-eg2207,28.951,30.967,Beni Suef,بنى سويف
Minyet El-Raqqa,منية الرقة,29.434,31.221,Atfeh,مركز أطفيح,atfeh-eg2115,29.343,31.25,Giza,الجيزة
Minyet El-Sebaa,منية السباع,30.463,31.232,Banha,مركز بنها,banha-eg1402,30.443,31.248,Kalyoubia,القليوبية
Minyet El-Saeed,منية السعيد,31.253,30.487,Al-Mahmudiyya,مركز المحمودية,al-mahmudiyya-eg1806,31.197,30.488,Behera,البحيرة
Minyet El-Seirg,منية السيرج,30.098,31.254,Al Sahil,قسم الساحل,al-sahil-eg0121,30.092,31.247,Cairo,القاهرة
Minyet El-Morshed,منية المرشد,31.344,30.547,Mitubas,مركز مطوبس,mitubas-eg1510,31.383,30.47,Kafr El-Shikh,كفر الشيخ
Minyet Badawy,منيةبداوي,31.146,31.504,El Mansora,مركز المنصورة,el-mansora-eg1203,31.053,31.467,Dakahlia,الدقهلية
Minyet Beni Mansour,منيةبنيمنصور,30.921,30.708,Itay Al-Barud,مركز إيتاى البارود,itay-al-barud-eg1807,30.886,30.656,Behera,البحيرة
Minyet Beni Mous,منيةبنيموس,31.091,30.58,Damanhur,مركز دمنهور,damanhur-eg1802,31.032,30.527,Behera,البحيرة
Minyet Ganag,منيةجناج,31.026,30.739,Disuq,مركز دسوق,disuq-eg1506,31.15,30.72,Kafr El-Shikh,كفر الشيخ
Minyet Salama,منيةسلامة,31.087,30.682,Al-Rahmaniyya,مركز الرحمانية,al-rahmaniyya-eg1815,31.106,30.584,Behera,البحيرة
Minyet Salmant,منيةسلمنت,30.389,31.418,Bilbis,مركز بلبيس,bilbis-eg1308,30.408,31.531,Sharkia,الشرقية
Minyet Samannoud,منية سمنود,30.956,31.267,Aga,مركز أجا,aga-eg1204,30.895,31.313,Dakahlia,الدقهلية
Minyet Santa,منيةسنتا,30.477,31.601,Bilbis,مركز بلبيس,bilbis-eg1308,30.408,31.531,Sharkia,الشرقية
Minyet Sandoub,منية سندوب,31.006,31.399,El Mansora,مركز المنصورة,el-mansora-eg1203,31.053,31.467,Dakahlia,الدقهلية
Minyet Shibin,منية شبين,30.321,31.336,Shibin al-Qanatir,مركز شبين القناطر,shibin-al-qanatir-eg1405,30.296,31.307,Kalyoubia,القليوبية
Minyet Shentena Ayash,منيةشنتناعياش,30.919,31.149,El Mahalla El Kobra,مركز المحله الكبرى,el-mahalla-el-kobra-eg1607,31.017,31.13,Gharbia,الغربية
Minyet Toukh Delka,منيةطوخدلكة,30.667,30.9,Tala,مركز تلا,tala-eg1707,30.67,30.946,Menoufia,المنوفية
Minyet Atiya,منية عطية,30.971,30.507,Damanhur,مركز دمنهور,damanhur-eg1802,31.032,30.527,Behera,البحيرة
Minyet Qallin,منية قلين,31.055,30.824,Qillin,مركز قلين,qillin-eg1509,31.085,30.817,Kafr El-Shikh,كفر الشيخ
Minyet Mahallat Damana,منية محلة دمنة,31.088,31.513,Mahalet Demna,مركز محلة دمنة,mahalet-demna-eg1219,31.09,31.513,Dakahlia,الدقهلية
Menyel El-Soltan,منيل السلطان,29.413,31.248,Atfeh,مركز أطفيح,atfeh-eg2115,29.343,31.25,Giza,الجيزة
Menyel El-Howeishat,منيل الهويشات,30.82,30.927,Tanta,مركز طنطا,tanta-eg1603,30.809,30.932,Gharbia,الغربية
Menyel Goweida,منيلجويدة,30.255,31.054,Ashmun,مركز أشمون,ashmun-eg1703,30.299,31.008,Menoufia,المنوفية
Menyel Doweib wa Manshaatha,منيلدويبومنشأتها,30.338,31.026,Ashmun,مركز أشمون,ashmun-eg1703,30.299,31.008,Menoufia,المنوفية
Menyel Shiha,منيلشيحة,29.946,31.244,Giza,مركز الجيزة,giza-eg2109,29.943,31.213,Giza,الجيزة
Menyel Arous,منيلعروس,30.221,31.031,Ashmun,مركز أشمون,ashmun-eg1703,30.299,31.008,Menoufia,المنوفية
Menyel Gheidan,منيلغيضان,29.191,30.958,Ahnasya,مركز أهناسيا,ahnasya-eg2206,29.102,30.943,Beni Suef,بنى سويف
Menyel Moussa,منيلموسي,29.017,30.966,Biba,مركز ببا,biba-eg2207,28.951,30.967,Beni Suef,بنى سويف
Menyel Hany,منيلهاني,29.138,30.946,Ahnasya,مركز أهناسيا,ahnasya-eg2206,29.102,30.943,Beni Suef,بنى سويف
Mahdiya,مهدية,30.678,31.578,Hihya,مركز ههيا,hihya-eg1315,30.652,31.617,Sharkia,الشرقية
Mahdiya,مهدية,28.179,30.669,Markz Al Minya,مركز المنيا,markz-al-minya-eg2402,28.101,30.641,Menia,المنيا
Mahamsha,مهمشة,30.074,31.262,Al Sharabiyya,قسم الشرابية,al-sharabiyya-eg0118,30.082,31.264,Cairo,القاهرة
Moassaset El-Bustan,مؤسسة البستان,30.788,30.46,Al-Dilingat,مركز الدلنجات,al-dilingat-eg1805,30.81,30.49,Behera,البحيرة
Moussa Mezar,موسى ميزار,29.412,30.461,Yousef El sadeq,مركز يوسف الصديق,yousef-el-sadeq-eg2307,29.353,30.586,Fayoum,الفيوم
Mousha,موشا,27.11,31.236,Assuit,مركز أسيوط,assuit-eg2503,27.117,31.232,Assiut,أسيوط
Mounsa wa Ezbetaha,مونسةوعزبتها,30.355,30.888,Ashmun,مركز أشمون,ashmun-eg1703,30.299,31.008,Menoufia,المنوفية
Miyana,ميانة,29.098,30.898,Ahnasya,مركز أهناسيا,ahnasya-eg2206,29.102,30.943,Beni Suef,بنى سويف
Miyana El-Waqf,ميانة الوقف,28.678,30.844,Markz Maghagha,مركز مغاغة,markz-maghagha-eg2410,28.641,30.794,Menia,المنيا
Mit Khaqan wa Hessetaha,ميت خاقان وحصتها,30.543,31.015,Shibin al-Kum,قسم شبين الكوم,shibin-al-kum-eg1701,30.556,31.0,Menoufia,المنوفية
Mit Sweid,ميت سويد,31.057,31.625,Bany Abeed,مركز بنى عبيد,bany-abeed-eg1218,31.024,31.648,Dakahlia,الدقهلية
Mit Taref,ميت طريف,31.07,31.681,Dikirnis,مركز دكرنس,dikirnis-eg1209,31.093,31.78,Dakahlia,الدقهلية
Mit Assas,ميت عساس,30.998,31.291,Samannud,مركز سمنود,samannud-eg1610,30.95,31.221,Gharbia,الغربية
Mit Alwan,ميت علوان,31.097,30.959,Kafr Al-Shaykh,قسم كفر الشيخ,kafr-al-shaykh-eg1501,31.119,30.941,Kafr El-Shikh,كفر الشيخ
Mit Fares wa Kafrha,ميت فارس وكفرها,31.038,31.608,Bany Abeed,مركز بنى عبيد,bany-abeed-eg1218,31.024,31.648,Dakahlia,الدقهلية
Mit Hashem,ميت هاشم,30.863,31.19,Samannud,مركز سمنود,samannud-eg1610,30.95,31.221,Gharbia,الغربية
Mit Abu El-Hares,ميتأب والحارس,30.905,31.256,Aga,مركز أجا,aga-eg1204,30.895,31.313,Dakahlia,الدقهلية
Mit Abu El-Hussein,ميت أبو الحسين,30.86,31.348,Aga,مركز أجا,aga-eg1204,30.895,31.313,Dakahlia,الدقهلية
Mit Abu El-Koum,ميت أبو الكوم,30.641,30.906,Tala,مركز تلا,tala-eg1707,30.67,30.946,Menoufia,المنوفية
Mit Abu Khaled wa Kafr Ali Badra,ميتأبوخ الدوكفرعليبدرة,30.646,31.354,Mit Ghamr,مركز ميت غمر,mit-ghamr-eg1213,30.708,31.338,Dakahlia,الدقهلية
Mit Abu Sheikha,ميتأبوشيخة,30.551,31.075,Quwisna,مركز قويسنا,quwisna-eg1708,30.56,31.163,Menoufia,المنوفية
Mit Abu Arabi,ميتأبوعربي,30.678,31.399,Zaqaziq,مركز الزقازيق,zaqaziq-eg1303,30.587,31.581,Sharkia,الشرقية
Mit Abu Ali,ميت أبو علي,30.538,31.492,Zaqaziq,مركز الزقازيق,zaqaziq-eg1303,30.587,31.581,Sharkia,الشرقية
Mit Ashna,ميتأشنا,30.807,31.241,Aga,مركز أجا,aga-eg1204,30.895,31.313,Dakahlia,الدقهلية
Mit El-Ashraf,ميت الأشراف,31.21,30.57,Fuwwa,مركز فوه,fuwwa-eg1508,31.232,30.564,Kafr El-Shikh,كفر الشيخ
Mit El-Akrad,ميت الأكراد,30.984,31.434,El Mansora,مركز المنصورة,el-mansora-eg1203,31.053,31.467,Dakahlia,الدقهلية
Mit El-Bazz,ميت البز,30.824,31.178,Zifta,مركز زفتى,zifta-eg1609,30.728,31.215,Gharbia,الغربية
Mit El-Beida,ميت البيضة,30.435,31.095,Al-Bagur,مركز الباجور,al-bagur-eg1704,30.413,31.032,Menoufia,المنوفية
Mit El-Haroun,ميت الحارون,30.631,31.257,Zifta,مركز زفتى,zifta-eg1609,30.728,31.215,Gharbia,الغربية
Mit El-Houfein,ميت الحوفين,30.521,31.212,Banha,مركز بنها,banha-eg1402,30.443,31.248,Kalyoubia,القليوبية
Mit El-Khouly Abdalla,ميت الخوليعبد اللا,31.198,31.633,Zarqa,مركز الزرقا,zarqa-eg1107,31.209,31.649,Damietta,دمياط
Mit El-Kheir,ميت الخير,30.912,30.838,Basyun,مركز بسيون,basyun-eg1608,30.959,30.827,Gharbia,الغربية
Mit El-Dereig,ميت الدريج,30.563,31.258,Kafr Shukr,مركز كفر شكر,kafr-shukr-eg1411,30.554,31.275,Kalyoubia,القليوبية
Mit El-Diba,ميت الديبة,31.123,30.863,Qillin,مركز قلين,qillin-eg1509,31.085,30.817,Kafr El-Shikh,كفر الشيخ
Mit El-Rakha,ميت الرخا,30.627,31.224,Zifta,مركز زفتى,zifta-eg1609,30.728,31.215,Gharbia,الغربية
Mit El-Serag,ميت السراج,31.071,31.209,El Mahalla El Kobra,مركز المحله الكبرى,el-mahalla-el-kobra-eg1607,31.017,31.13,Gharbia,الغربية
Mit El-Soudan,ميت السودان,31.101,31.63,Dikirnis,مركز دكرنس,dikirnis-eg1209,31.093,31.78,Dakahlia,الدقهلية
Mit El-Soudan,ميت السودان,30.86,30.969,Tanta,مركز طنطا,tanta-eg1603,30.809,30.932,Gharbia,الغربية
Mit El-Sheikh,ميت الشيخ,31.004,31.04,Qutur,مركز قطور,qutur-eg1611,30.971,30.97,Gharbia,الغربية
Mit El-Shioukh,ميت الشيوخ,31.36,31.723,Fariskur,مركز فارسكور,fariskur-eg1103,31.31,31.733,Damietta,دمياط
Mit El-Sarem,ميت الصارم,31.036,31.433,El Mansora,مركز المنصورة,el-mansora-eg1203,31.053,31.467,Dakahlia,الدقهلية
Mit El-Amel,ميت العامل,30.899,31.342,Aga,مركز أجا,aga-eg1204,30.895,31.313,Dakahlia,الدقهلية
Mit El-Absy,ميت العبسي,30.577,31.246,Quwisna,مركز قويسنا,quwisna-eg1708,30.56,31.163,Menoufia,المنوفية
Mit El-Ezz,ميت العز,30.61,31.279,Mit Ghamr,مركز ميت غمر,mit-ghamr-eg1213,30.708,31.338,Dakahlia,الدقهلية
Mit El-Ezz,ميت العز,30.71,31.775,Faqus,مركز فاقوس,faqus-eg1312,30.749,31.896,Sharkia,الشرقية
Mit El-Ezz,ميت العز,30.525,31.093,Quwisna,مركز قويسنا,quwisna-eg1708,30.56,31.163,Menoufia,المنوفية
Mit El-Attar,ميت العطار,30.438,31.142,Banha,مركز بنها,banha-eg1402,30.443,31.248,Kalyoubia,القليوبية
Mit El-Farmawy,ميت الفرماوي,30.697,31.341,Mit Ghamr,مركز ميت غمر,mit-ghamr-eg1213,30.708,31.338,Dakahlia,الدقهلية
Mit El-Qayed,ميت القايد,29.533,31.249,Ayat,مركز العياط,ayat-eg2112,29.564,31.25,Giza,الجيزة
Mit El-Qorashy,ميت القرشي,30.672,31.379,Mit Ghamr,مركز ميت غمر,mit-ghamr-eg1213,30.708,31.338,Dakahlia,الدقهلية
Mit El-Qasry,ميت القصري,30.515,31.07,Quwisna,مركز قويسنا,quwisna-eg1708,30.56,31.163,Menoufia,المنوفية
Mit El-Karam,ميت الكرام,30.677,30.854,Tala,مركز تلا,tala-eg1707,30.67,30.946,Menoufia,المنوفية
Mit El-Koranaa,ميت الكرماء,31.063,31.34,Talkha,مركز طلخا,talkha-eg1211,31.109,31.383,Dakahlia,الدقهلية
Mit El-Leit Baqloula,ميت الليتبقلولة,30.756,31.088,Santa,مركز السنطة,santa-eg1604,30.773,31.119,Gharbia,الغربية
Mit El-Leit Hashem,ميت الليتهاشم,31.019,31.153,El Mahalla El Kobra,مركز المحله الكبرى,el-mahalla-el-kobra-eg1607,31.017,31.13,Gharbia,الغربية
Mit El-Mobashereen,ميت المباشرين,30.824,31.193,Zifta,مركز زفتى,zifta-eg1609,30.728,31.215,Gharbia,الغربية
Mit El-Mokhles,ميت المخلص,30.797,31.162,Zifta,مركز زفتى,zifta-eg1609,30.728,31.215,Gharbia,الغربية
Mit El-Moz,ميت الموز,30.581,31.071,Shibin al-Kum,مركز شبين الكوم,shibin-al-kum-eg1702,30.561,30.954,Menoufia,المنوفية
Mit El-Nahhal,ميت النح ال,31.12,31.547,Dikirnis,مركز دكرنس,dikirnis-eg1209,31.093,31.78,Dakahlia,الدقهلية
Mit El-Wosta,ميت الوسطي,30.45,31.092,Al-Bagur,مركز الباجور,al-bagur-eg1704,30.413,31.032,Menoufia,المنوفية
Mit Amsaleh,ميت أم صالح,30.651,31.044,Birkat Al-Sab,مركز بركة السبع,birkat-al-sab-eg1706,30.651,31.108,Menoufia,المنوفية
Mit Badr Halawa,ميتبدرحلاوة,30.858,31.233,Samannud,مركز سمنود,samannud-eg1610,30.95,31.221,Gharbia,الغربية
Mit Badr Khamis,ميتبدرخميس,31.034,31.349,El Mansora,مركز المنصورة,el-mansora-eg1203,31.053,31.467,Dakahlia,الدقهلية
Mit Barho wa Kafr El-Shaheed,ميتبرهوكفر الشهيد,30.543,31.207,Quwisna,مركز قويسنا,quwisna-eg1708,30.56,31.163,Menoufia,المنوفية
Mit Bashar,ميتبشار,30.526,31.399,Minya al-Qamh,مركز منيا القمح,minya-al-qamh-eg1314,30.507,31.369,Sharkia,الشرقية
Mit Tamama,ميتتمامة,31.142,31.621,Minya Al-Nasr,مركز منية النصر,minya-al-nasr-eg1214,31.154,31.707,Dakahlia,الدقهلية
Mit Gaber,ميت جابر,30.461,31.44,Bilbis,مركز بلبيس,bilbis-eg1308,30.408,31.531,Sharkia,الشرقية
Mit Garrah,ميتجراح,30.992,31.571,El Mansora,مركز المنصورة,el-mansora-eg1203,31.053,31.467,Dakahlia,الدقهلية
Mit Habib,ميت حبيب,30.451,31.508,Bilbis,مركز بلبيس,bilbis-eg1308,30.408,31.531,Sharkia,الشرقية
Mit Habib El-Sharqiya,ميت حبيب الشرقية,30.88,31.214,Samannud,مركز سمنود,samannud-eg1610,30.95,31.221,Gharbia,الغربية
Mit Habeish El-Bahariya,ميتحبيش البحرية,30.782,31.031,Tanta,مركز طنطا,tanta-eg1603,30.809,30.932,Gharbia,الغربية
Mit Habeish El-Qibliya,ميتحبيش القبلية,30.759,31.039,Tanta,مركز طنطا,tanta-eg1603,30.809,30.932,Gharbia,الغربية
Mit Hadeed,ميت حديد,31.118,31.675,Minya Al-Nasr,مركز منية النصر,minya-al-nasr-eg1214,31.154,31.707,Dakahlia,الدقهلية
Mit Halfa,ميتحلفا,30.157,31.245,Qalyub,مركز قليوب,qalyub-eg1410,30.207,31.214,Kalyoubia,القليوبية
Mit Hamal,ميتحمل,30.433,31.527,Bilbis,مركز بلبيس,bilbis-eg1308,30.408,31.531,Sharkia,الشرقية
Mit Haway,ميتحواي,30.803,31.116,Santa,مركز السنطة,santa-eg1604,30.773,31.119,Gharbia,الغربية
Mit Khodeir,ميتخضير,31.157,31.895,Manzala,مركز المنزلة,manzala-eg1207,31.153,31.958,Dakahlia,الدقهلية
Mit Khalaf,ميتخلف,30.547,31.053,Shibin al-Kum,مركز شبين الكوم,shibin-al-kum-eg1702,30.561,30.954,Menoufia,المنوفية
Mit Khamis wa Kafr El-Mogi,ميتخميسوكفر الموجي,31.044,31.362,El Mansora,مركز المنصورة,el-mansora-eg1203,31.053,31.467,Dakahlia,الدقهلية
Mit Kheiroun,ميتخيرون,31.017,31.447,El Mansora,مركز المنصورة,el-mansora-eg1203,31.053,31.467,Dakahlia,الدقهلية
Mit Damsis wa Kafr Abu Garg,ميتدمسيسوكفرأبوجرج,30.828,31.237,Aga,مركز أجا,aga-eg1204,30.895,31.313,Dakahlia,الدقهلية
Mit Rady,ميت راضي,30.505,31.222,Banha,مركز بنها,banha-eg1402,30.443,31.248,Kalyoubia,القليوبية
Mit Rabia,ميتربيعة,30.464,30.996,Minuf,مركز منوف,minuf-eg1709,30.46,30.881,Menoufia,المنوفية
Mit Rabia El-Beida,ميتربيعة البيضاء,30.455,31.538,Bilbis,مركز بلبيس,bilbis-eg1308,30.408,31.531,Sharkia,الشرقية
Mit Rabia El-Dalala,ميتربيعة الدلله,30.54,31.441,Minya al-Qamh,مركز منيا القمح,minya-al-qamh-eg1314,30.507,31.369,Sharkia,الشرقية
Mit Radein,ميتردين,30.572,31.622,Abu Hammad,مركز أبو حماد,abu-hammad-eg1304,30.543,31.649,Sharkia,الشرقية
Mit Rakab,ميتركاب,30.547,31.56,Zaqaziq,مركز الزقازيق,zaqaziq-eg1303,30.587,31.581,Sharkia,الشرقية
Mit Raheena,ميترهينة,29.852,31.249,Badrashain,مركز البدرشين,badrashain-eg2110,29.824,31.258,Giza,الجيزة
Mit Zafer,ميتزافر,30.647,31.495,Zaqaziq,مركز الزقازيق,zaqaziq-eg1303,30.587,31.581,Sharkia,الشرقية
Mit Zanqar,ميتزنقر,31.166,31.404,Talkha,مركز طلخا,talkha-eg1211,31.109,31.383,Dakahlia,الدقهلية
Mit Serag,ميتسراج,30.528,31.081,Quwisna,مركز قويسنا,quwisna-eg1708,30.56,31.163,Menoufia,المنوفية
Mit Saadan,ميت سعدان,31.085,31.633,Dikirnis,مركز دكرنس,dikirnis-eg1209,31.093,31.78,Dakahlia,الدقهلية
Mit Soheil,ميتسهيل,30.43,31.409,Minya al-Qamh,مركز منيا القمح,minya-al-qamh-eg1314,30.507,31.369,Sharkia,الشرقية
Mit Sharaf,ميت شرف,31.079,31.624,Dikirnis,مركز دكرنس,dikirnis-eg1209,31.093,31.78,Dakahlia,الدقهلية
Mit Sherif,ميتشريف,31.171,31.869,Manzala,مركز المنزلة,manzala-eg1207,31.153,31.958,Dakahlia,الدقهلية
Mit Sherif,ميتشريف,30.977,30.844,Basyun,مركز بسيون,basyun-eg1608,30.959,30.827,Gharbia,الغربية
Mit Shamas,ميتشماس,29.935,31.255,Giza,مركز الجيزة,giza-eg2109,29.943,31.213,Giza,الجيزة
Mit Dhafer,ميتضافر,31.078,31.556,Dikirnis,مركز دكرنس,dikirnis-eg1209,31.093,31.78,Dakahlia,الدقهلية
Mit Aasem,ميتعاصم,31.123,31.708,Minya Al-Nasr,مركز منية النصر,minya-al-nasr-eg1214,31.154,31.707,Dakahlia,الدقهلية
Mit Aasem,ميتعاصم,30.433,31.19,Banha,مركز بنها,banha-eg1402,30.443,31.248,Kalyoubia,القليوبية
Mit Afiya,ميتعافية,30.604,31.058,Shibin al-Kum,مركز شبين الكوم,shibin-al-kum-eg1702,30.561,30.954,Menoufia,المنوفية
Mit Adlan,ميتعدلان,31.017,31.61,Bany Abeed,مركز بنى عبيد,bany-abeed-eg1218,31.024,31.648,Dakahlia,الدقهلية
Mit Azzoun,ميتعزون,31.029,31.517,El Mansora,مركز المنصورة,el-mansora-eg1203,31.053,31.467,Dakahlia,الدقهلية
Mit Afif,ميتعفيف,30.39,31.099,Al-Bagur,مركز الباجور,al-bagur-eg1704,30.413,31.032,Menoufia,المنوفية
Mit Aqaba,ميتعقبة,30.059,31.195,Al-Aguza,قسم العجوزة,al-aguza-eg2102,30.059,31.204,Giza,الجيزة
Mit Ali,ميت علي,30.999,31.487,El Mansora,مركز المنصورة,el-mansora-eg1203,31.053,31.467,Dakahlia,الدقهلية
Mit Antar,ميتعنتر,31.086,31.405,Talkha,مركز طلخا,talkha-eg1211,31.109,31.383,Dakahlia,الدقهلية
Mit Awam,ميتعوام,31.016,31.491,El Mansora,مركز المنصورة,el-mansora-eg1203,31.053,31.467,Dakahlia,الدقهلية
Mit Eiyad,ميت عياد,31.077,31.26,Nebro,مركز نبروة,nebro-eg1221,31.129,31.297,Dakahlia,الدقهلية
Mit Ghorab,ميت غراب,30.895,31.407,Sinbillawin,مركز السنبلاوين,sinbillawin-eg1205,30.883,31.513,Dakahlia,الدقهلية
Mit Ghareeta,ميتغريطة,30.933,31.493,Sinbillawin,مركز السنبلاوين,sinbillawin-eg1205,30.883,31.513,Dakahlia,الدقهلية
Mit Ghazal,ميتغز ال,30.729,31.048,Santa,مركز السنطة,santa-eg1604,30.773,31.119,Gharbia,الغربية
Mit Fares,ميت فارس,30.635,31.033,Birkat Al-Sab,مركز بركة السبع,birkat-al-sab-eg1706,30.651,31.108,Menoufia,المنوفية
Mit Fadala,ميتفض الة,30.868,31.327,Aga,مركز أجا,aga-eg1204,30.895,31.313,Dakahlia,الدقهلية
Mit Qadous,ميتقادوس,29.922,31.215,Giza,مركز الجيزة,giza-eg2109,29.943,31.213,Giza,الجيزة
Mit Kardak,ميتكردك,30.071,31.211,Imbaba,قسم امبابه,imbaba-eg2101,30.083,31.21,Giza,الجيزة
Mit Kinana wa Kafr Shoman,ميتكنانةوكفرشومان,30.382,31.26,Tukh,مركز طوخ,tukh-eg1408,30.344,31.19,Kalyoubia,القليوبية
Mit Lowza,ميتلوزة,30.983,31.561,El Mansora,مركز المنصورة,el-mansora-eg1203,31.053,31.467,Dakahlia,الدقهلية
Mit Mohsen,ميتمحسن,30.748,31.282,Mit Ghamr,مركز ميت غمر,mit-ghamr-eg1213,30.708,31.338,Dakahlia,الدقهلية
Mit Mahmoud,ميتمحمود,31.017,31.591,El Mansora,مركز المنصورة,el-mansora-eg1203,31.053,31.467,Dakahlia,الدقهلية
Mit Marg Salseil,ميتمرجاسلسيل,31.217,31.828,Gamaliyya,مركز الجمالية,gamaliyya-eg1215,31.205,31.852,Dakahlia,الدقهلية
Mit Mazah,ميتمزاح,31.084,31.443,El Mansora,مركز المنصورة,el-mansora-eg1203,31.053,31.467,Dakahlia,الدقهلية
Mit Masoud,ميت مسعود,30.843,31.3,Aga,مركز أجا,aga-eg1204,30.895,31.313,Dakahlia,الدقهلية
Mit Masoud,ميت مسعود,30.525,31.051,Shibin al-Kum,مركز شبين الكوم,shibin-al-kum-eg1702,30.561,30.954,Menoufia,المنوفية
Mit Maaned,ميتمعاند,30.854,31.298,Aga,مركز أجا,aga-eg1204,30.895,31.313,Dakahlia,الدقهلية
Mit Maala,ميتمعلا,30.392,31.407,Bilbis,مركز بلبيس,bilbis-eg1308,30.408,31.531,Sharkia,الشرقية
Mit Mousa,ميتموسي,30.622,31.015,Shibin al-Kum,مركز شبين الكوم,shibin-al-kum-eg1702,30.561,30.954,Menoufia,المنوفية
Mit Meimoun,ميتميمون,30.79,31.146,Santa,مركز السنطة,santa-eg1604,30.773,31.119,Gharbia,الغربية
Mit Nabt,ميتنابت,31.03,31.326,Talkha,مركز طلخا,talkha-eg1211,31.109,31.383,Dakahlia,الدقهلية
Mit Nagi,ميتناجي,30.674,31.292,Mit Ghamr,مركز ميت غمر,mit-ghamr-eg1213,30.708,31.338,Dakahlia,الدقهلية
Mit Nama,ميتنما,30.142,31.234,Qalyub,مركز قليوب,qalyub-eg1410,30.207,31.214,Kalyoubia,القليوبية
Mit Yazeed,ميتيزيد,30.51,31.338,Minya al-Qamh,مركز منيا القمح,minya-al-qamh-eg1314,30.507,31.369,Sharkia,الشرقية
Mit Yazeed,ميتيزيد,30.862,31.134,Santa,مركز السنطة,santa-eg1604,30.773,31.119,Gharbia,الغربية
Mit Yazeed,ميتيزيد,30.812,30.717,Kum Hamada,مركز كوم حمادة,kum-hamada-eg1813,30.654,30.774,Behera,البحيرة
Mit Yaeesh wa Kofourha,ميتيعيشوكفورها,30.615,31.339,Mit Ghamr,مركز ميت غمر,mit-ghamr-eg1213,30.708,31.338,Dakahlia,الدقهلية
Meidan El-Saa,ميدان الساعة,30.786,31.011,Tanta 1,قسم أول طنطا,tanta-1-eg1601,30.795,31.014,Gharbia,الغربية
Meidum,ميدوم,29.355,31.177,Al Wasta,مركز الواسطى,al-wasta-eg2205,29.324,31.17,Beni Suef,بنى سويف
Meir,مير,27.436,30.758,Al-Qusia,مركز القوصية,al-qusia-eg2509,27.403,30.826,Assiut,أسيوط
Min - Hogmin,مين - هوجمين,29.438,31.063,Tamya,مركز طامية,tamya-eg2306,29.467,30.982,Fayoum,الفيوم
Mina Damietta El-Gadeed,ميناء دمياط الجديد,31.466,31.778,Police Department Port of Damietta,إداره شرطه ميناء دمياط الجديد,police-department-port-of-damietta-eg1108,31.466,31.778,Damietta,دمياط
Nader,نادر,30.536,30.859,Al-Shuhada,مركز الشهداء,al-shuhada-eg1705,30.601,30.87,Menoufia,المنوفية
Nadi El-Sekka El-Hadeed,نادي السكة الحديد,30.04,31.317,Madinat Nasr-2,قسم ثانمدينةنصر,madinat-nasr-2-eg0127,30.048,31.309,Cairo,القاهرة
Nasser,ناصر,31.075,31.64,Dikirnis,مركز دكرنس,dikirnis-eg1209,31.093,31.78,Dakahlia,الدقهلية
Nasser,ناصر,30.966,31.166,El Mahalla El Kobra 1,قسم أول المحلة الكبرى,el-mahalla-el-kobra-1-eg1605,30.972,31.172,Gharbia,الغربية
Nasser,ناصر,26.533,31.706,Suhag-2,قسم ثان سوهاج,suhag-2-eg2602,26.543,31.703,Suhag,سوهاج
Nasser El-Thawra,ناصر الثورة,25.337,30.344,Al-Kharga Oasis,مركز الواحات الخارجة,al-kharga-oasis-eg3201,24.964,31.013,New Valley,الوادى الجديد
Natoura,ناطورة,30.805,31.664,Kafr Saqr,مركز كفر صقر,kafr-saqr-eg1313,30.837,31.675,Sharkia,الشرقية
Namoul,نامول,30.309,31.233,Tukh,مركز طوخ,tukh-eg1408,30.344,31.19,Kalyoubia,القليوبية
Nahya,ناهيا,30.053,31.139,Kardasa,مركز كرداسة,kardasa-eg2120,30.051,31.134,Giza,الجيزة
Nay,ناي,30.204,31.254,Qalyub,مركز قليوب,qalyub-eg1410,30.207,31.214,Kalyoubia,القليوبية
Nabteit,نبتيت,30.383,31.362,Mashtul Al-Suq,مركز مشتول السوق,mashtul-al-suq-eg1316,30.361,31.383,Sharkia,الشرقية
Nabil El-Waqqad,نبيل الوقاد,30.499,30.671,Badr,مركز بدر,badr-eg1818,30.547,30.679,Behera,البحيرة
Natma,نتما,30.755,30.773,Kum Hamada,مركز كوم حمادة,kum-hamada-eg1813,30.654,30.774,Behera,البحيرة
Nagrig,نجريج,30.98,30.87,Basyun,مركز بسيون,basyun-eg1608,30.959,30.827,Gharbia,الغربية
Nag' El-Sheikh Ahmed Nour El-Din,نجع الشيخ احمد نورالدين,26.055,32.296,Nag Hammadi,مركز نجع حمادى,nag-hammadi-eg2708,26.085,32.297,Qena,قنا
Nag' El-Hag Salam,نجع الحاجسلام,26.053,32.114,Farshut,مركز فرشوط,farshut-eg2710,26.056,32.149,Qena,قنا
Nag' El-Sheikh Ali,نجع الشيخ علي,26.136,32.386,Dishna,مركز دشنا,dishna-eg2706,26.142,32.444,Qena,قنا
Nag' El-Eisawiya,نجع العيساوية,27.232,31.059,Assuit,مركز أسيوط,assuit-eg2503,27.117,31.232,Assiut,أسيوط
Nag' El-Ghabashi,نجع الغباشي,26.328,31.841,Girga,مركز جرجا,girga-eg2610,26.307,31.867,Suhag,سوهاج
Nag' El-Naggar,نجع النجار,26.585,31.649,Suhag,مركز سوهاج,suhag-eg2603,26.547,31.655,Suhag,سوهاج
Nag' Bardis,نجعبرديس,26.297,31.97,Al-Balyana,مركز البلينا,al-balyana-eg2605,26.241,31.944,Suhag,سوهاج
Nag' Tamam,نجعتمام,26.611,31.618,Suhag,مركز سوهاج,suhag-eg2603,26.547,31.655,Suhag,سوهاج
Nag' Geziret Faw,نجعجزيرةفاو,26.909,31.488,Al- Badari,مركز البدارى,al-badari-eg2506,26.946,31.456,Assiut,أسيوط
Nag' Hamad,نجعحمد,26.818,31.471,Tahta,مركز طهطا,tahta-eg2614,26.785,31.42,Suhag,سوهاج
Nag' Khodeir,نجعخضير,27.477,30.731,Dayrut,مركز ديروط,dayrut-eg2510,27.537,30.782,Assiut,أسيوط
Nag' Zoreiq,نجعزريق,26.981,31.437,Al- Badari,مركز البدارى,al-badari-eg2506,26.946,31.456,Assiut,أسيوط
Nag' Sabaa,نجعسبع,27.252,31.063,Assuit,مركز أسيوط,assuit-eg2503,27.117,31.232,Assiut,أسيوط
Nag' Saeed,نجعسعيد,26.132,32.37,Dishna,مركز دشنا,dishna-eg2706,26.142,32.444,Qena,قنا
Nag' Taye',نجعطايع,26.659,31.622,Al-Maragha,مركز المراغة,al-maragha-eg2606,26.669,31.588,Suhag,سوهاج
Nag' Abd El-Rasoul Abu Hasouba,نجععبد الرسولأبوحسوبة,27.26,31.083,Assuit,مركز أسيوط,assuit-eg2503,27.117,31.232,Assiut,أسيوط
Nag' Azzouz,نجععزوز,26.127,32.357,Dishna,مركز دشنا,dishna-eg2706,26.142,32.444,Qena,قنا
Nag' Mazen Gharb,نجعمازنغرب,26.244,31.924,Al-Balyana,مركز البلينا,al-balyana-eg2605,26.241,31.944,Suhag,سوهاج
Nag' Markab,نجعمركب,27.694,30.789,Markz Mallawi,مركز ملوى,markz-mallawi-eg2412,27.775,30.801,Menia,المنيا
Nogou' El-Sawamaa Gharb,نجوع الصوامعة غرب,26.758,31.535,Tahta,مركز طهطا,tahta-eg2614,26.785,31.42,Suhag,سوهاج
Nogou' El-Rayayna,نجوع الرياينة,26.701,31.672,Saqulta,مركز ساقلته,saqulta-eg2612,26.692,31.663,Suhag,سوهاج
Nogou' El-Sadadra,نجوع السدادرة,26.923,31.385,Sidfa,مركز صدفا,sidfa-eg2511,26.943,31.38,Assiut,أسيوط
Nogou' El-Shatb,نجوع الشطب,24.459,32.931,Daraw,مركز دراو,daraw-eg2806,24.326,33.001,Aswan,أسوان
Nogou' El-Sawamaa Sharq,نجوع الصوامعة شرق,26.649,31.733,Akhmim,مركز أخميم,akhmim-eg2604,26.551,31.715,Suhag,سوهاج
Nogou' El-Arab,نجوع العرب,29.636,31.329,Saf,مركز الصف,saf-eg2111,29.62,31.305,Giza,الجيزة
Nogou' El-Maadi,نجوع المعادي,26.893,31.491,Al- Badari,مركز البدارى,al-badari-eg2506,26.946,31.456,Assiut,أسيوط
Nogou' Beni Hussein,نجوعبنيحسين,27.245,31.051,Assuit,مركز أسيوط,assuit-eg2503,27.117,31.232,Assiut,أسيوط
Nogou' Beni Wasel,نجوعبنيواصل,26.686,31.684,Saqulta,مركز ساقلته,saqulta-eg2612,26.692,31.663,Suhag,سوهاج
Nogou' Mazen Sharq,نجوعمازنشرق,26.304,32.024,Dar al-Salam,مركز دار السلام,dar-al-salam-eg2608,26.274,32.043,Suhag,سوهاج
Nogoum,نجوم,30.773,31.565,Kafr Saqr,مركز كفر صقر,kafr-saqr-eg1313,30.837,31.675,Sharkia,الشرقية
Nageer wa Mit Sheddad,نجيروميتشداد,31.143,31.565,Dikirnis,مركز دكرنس,dikirnis-eg1209,31.093,31.78,Dakahlia,الدقهلية
Nageela,نجيلة,30.991,32.823,Rummana,قسم رمانة,rummana-eg3410,30.957,32.699,North Sinai,شمال سيناء
Nahw Abandar,نحوعبندار,26.347,31.817,Girga,مركز جرجا,girga-eg2610,26.307,31.867,Suhag,سوهاج
Nadeeba,نديبة,30.98,30.397,Damanhur,مركز دمنهور,damanhur-eg1802,31.032,30.527,Behera,البحيرة
Nazaly Ganoub,نز اليجانوب,27.42,30.854,Al-Qusia,مركز القوصية,al-qusia-eg2509,27.403,30.826,Assiut,أسيوط
Nazaly Taha,نز اليطحا,28.216,30.697,Markz Samalut,مركز سمالوط,markz-samalut-eg2408,28.285,30.629,Menia,المنيا
Nazza,نزة,26.707,31.485,Guhayna Al-Gharbiyya,مركز جهينة الغربية,guhayna-al-gharbiyya-eg2611,26.689,31.471,Suhag,سوهاج
Nazza El-Hager,نزة الحاجر,26.695,31.466,Guhayna Al-Gharbiyya,مركز جهينة الغربية,guhayna-al-gharbiyya-eg2611,26.689,31.471,Suhag,سوهاج
Nazza El-Mahzamein,نزة المحزمين,26.717,31.459,Guhayna Al-Gharbiyya,مركز جهينة الغربية,guhayna-al-gharbiyya-eg2611,26.689,31.471,Suhag,سوهاج
Nazlet El-Qadi,نزلة القاضى,26.763,31.404,Tahta,مركز طهطا,tahta-eg2614,26.785,31.42,Suhag,سوهاج
Nazlet Bakhoum,نزلة باخوم,27.034,31.365,Sahil Silim,مركز ساحل سليم,sahil-silim-eg2507,27.093,31.349,Assiut,أسيوط
Nazlet Obeid,نزلة عبيد,28.178,30.76,Markz Al Minya,مركز المنيا,markz-al-minya-eg2402,28.101,30.641,Menia,المنيا
Nazlet Abu Seleim,نزلة أبو سليم,29.095,31.128,Bani Swayf,مركز بنى سويف,bani-swayf-eg2202,29.098,31.042,Beni Suef,بنى سويف
Nazlet Ahmed Younes,نزلةأحمديونس,28.598,30.743,Markz Maghagha,مركز مغاغة,markz-maghagha-eg2410,28.641,30.794,Menia,المنيا
Nazlet Asmant,نزلةأسمنت,27.899,30.718,Markz Abu Qurqas,مركز ابو قرقاص,markz-abu-qurqas-eg2404,27.939,30.77,Menia,المنيا
Nazlet Aqfahas,نزلةأقفهص,28.786,30.846,Al Fashn,مركز الفشن,al-fashn-eg2204,28.809,30.827,Beni Suef,بنى سويف
Nazlet El-Ashtar,نزلة الأشطر,29.939,31.205,Giza,مركز الجيزة,giza-eg2109,29.943,31.213,Giza,الجيزة
Nazlet El-Badraman,نزلة البدرمان,27.678,30.752,Markz Dir Mawas,مركز دير مواس,markz-dir-mawas-eg2407,27.655,30.79,Menia,المنيا
Nazlet El-Barqi,نزلة البرقي,28.755,30.822,Al Fashn,مركز الفشن,al-fashn-eg2204,28.809,30.827,Beni Suef,بنى سويف
Nazlet El-Batran,نزلة البطران,29.973,31.157,Al-Ahram,قسم الأهرام,al-ahram-eg2106,29.99,31.136,Giza,الجيزة
Nazlet El-Guneidi,نزلة الجنيدي,29.252,31.193,Al Wasta,مركز الواسطى,al-wasta-eg2205,29.324,31.17,Beni Suef,بنى سويف
Nazlet El-Horeishy,نزلة الحريشي,29.338,30.783,Fayyum,مركز الفيوم,fayyum-eg2302,29.3,30.955,Fayoum,الفيوم
Nazlet El-Hasayba,نزلة الحسايبة,27.63,30.845,Markz Dir Mawas,مركز دير مواس,markz-dir-mawas-eg2407,27.655,30.79,Menia,المنيا
Nazlet El-Daleel,نزلة الدليل,28.481,30.828,Markz Bani Mazar,مركز بنى مزار,markz-bani-mazar-eg2406,28.518,30.731,Menia,المنيا
Nazlet El-Doweik,نزلة الدويك,26.812,31.358,Tama,مركز طما,tama-eg2613,26.874,31.422,Suhag,سوهاج
Nazlet El-Deeb,نزلة الديب,28.921,30.89,Sumusta,مركز سمسطا,sumusta-eg2208,28.951,30.866,Beni Suef,بنى سويف
Nazlet El-Zawya,نزلة الزاوية,28.896,30.88,Biba,مركز ببا,biba-eg2207,28.951,30.967,Beni Suef,بنى سويف
Nazlet El-Sarw,نزلة السرو,27.883,30.824,Markz Abu Qurqas,مركز ابو قرقاص,markz-abu-qurqas-eg2404,27.939,30.77,Menia,المنيا
Nazlet El-Saadna,نزلة السعادنة,29.167,31.012,Bani Swayf,مركز بنى سويف,bani-swayf-eg2202,29.098,31.042,Beni Suef,بنى سويف
Nazlet El-Samman,نزلة السمان,29.971,31.144,Al-Ahram,قسم الأهرام,al-ahram-eg2106,29.99,31.136,Giza,الجيزة
Nazlet El-Sherif,نزلة الشريف,28.983,30.966,Biba,مركز ببا,biba-eg2207,28.951,30.967,Beni Suef,بنى سويف
Nazlet El-Shobak,نزلة الشوبك,29.771,31.276,Badrashain,مركز البدرشين,badrashain-eg2110,29.824,31.258,Giza,الجيزة
Nazlet El-Sheikh Shahata,نزلة الشيخشحاتة,27.044,31.349,Sahil Silim,مركز ساحل سليم,sahil-silim-eg2507,27.093,31.349,Assiut,أسيوط
Nazlet El-Aarein,نزلة العارين,30.774,31.749,Abu Kabir,مركز أبوكبير,abu-kabir-eg1305,30.733,31.69,Sharkia,الشرقية
Nazlet El-Aamoudein,نزلة العامودين,28.225,30.689,Markz Samalut,مركز سمالوط,markz-samalut-eg2408,28.285,30.629,Menia,المنيا
Nazlet El-Aarein Qibli,نزلة العرينقبلي,27.75,30.747,Markz Mallawi,مركز ملوى,markz-mallawi-eg2412,27.775,30.801,Menia,المنيا
Nazlet El-Assara,نزلة العصارة,27.205,31.198,Alfath,مركز الفتح,alfath-eg2513,27.218,31.212,Assiut,أسيوط
Nazlet El-Awamer,نزلة العوامر,27.564,30.839,Dayrut,مركز ديروط,dayrut-eg2510,27.537,30.782,Assiut,أسيوط
Nazlet El-Fallaheen,نزلة الفلاحين,28.17,30.699,Markz Al Minya,مركز المنيا,markz-al-minya-eg2402,28.101,30.641,Menia,المنيا
Nazlet El-Qadadeeh,نزلة القداديح,27.307,31.142,Abnub,مركز أبنوب,abnub-eg2504,27.295,31.106,Assiut,أسيوط
Nazlet El-Qadeem,نزلة القديم,26.922,31.355,Al-Ghanayem,مركز الغنايم,al-ghanayem-eg2508,26.922,31.329,Assiut,أسيوط
Nazlet El-Masharqa,نزلة المشارقة,29.054,30.976,Ahnasya,مركز أهناسيا,ahnasya-eg2206,29.102,30.943,Beni Suef,بنى سويف
Nazlet El-Malek,نزلة الملك,27.052,31.35,Sahil Silim,مركز ساحل سليم,sahil-silim-eg2507,27.093,31.349,Assiut,أسيوط
Nazlet El-Mamaleek,نزلة المم اليك,29.141,30.925,Ahnasya,مركز أهناسيا,ahnasya-eg2206,29.102,30.943,Beni Suef,بنى سويف
Nazlet Awlad El-Sheikh,نزلة أولاد الشيخ,28.422,30.737,Markz Matay,مركز مطاى,markz-matay-eg2409,28.431,30.71,Menia,المنيا
Nazlet Awlad El-Sheikh,نزلة أولاد الشيخ,28.68,30.887,Markz Maghagha,مركز مغاغة,markz-maghagha-eg2410,28.641,30.794,Menia,المنيا
Nazlet Awlad Goweid,نزلةأولادجويد,27.948,30.796,Markz Abu Qurqas,مركز ابو قرقاص,markz-abu-qurqas-eg2404,27.939,30.77,Menia,المنيا
Nazlet Awlad Mohamed,نزلة أولاد محمد,26.908,31.325,Al-Ghanayem,مركز الغنايم,al-ghanayem-eg2508,26.922,31.329,Assiut,أسيوط
Nazlet Awlad Morgan,نزلةأولادمرجان,27.652,30.749,Markz Dir Mawas,مركز دير مواس,markz-dir-mawas-eg2407,27.655,30.79,Menia,المنيا
Nazlet Baqour,نزلةباقور,27.093,31.304,Abu Tig,مركز أبوتيج,abu-tig-eg2505,27.037,31.289,Assiut,أسيوط
Nazlet Badawi,نزلةبدوي,27.534,30.816,Dayrut,مركز ديروط,dayrut-eg2510,27.537,30.782,Assiut,أسيوط
Nazlet Bashir,نزلةبشير,29.331,30.788,Fayyum,مركز الفيوم,fayyum-eg2302,29.3,30.955,Fayoum,الفيوم
Nazlet Balhasa,نزلةبلهاسة,28.665,30.812,Markz Maghagha,مركز مغاغة,markz-maghagha-eg2410,28.641,30.794,Menia,المنيا
Nazlet Beni Khalaf,نزلةبنيخلف,28.633,30.741,Markz Maghagha,مركز مغاغة,markz-maghagha-eg2410,28.641,30.794,Menia,المنيا
Nazlet Bahgat,نزلةبهجت,30.028,31.183,Bulaq Al-DakrUr,قسم بولاق الدكرور,bulaq-al-dakrur-eg2105,30.03,31.19,Giza,الجيزة
Nazlet Targam,نزلةترجم,29.343,31.263,Atfeh,مركز أطفيح,atfeh-eg2115,29.343,31.25,Giza,الجيزة
Nazlet Tanda,نزلةتندة,27.663,30.77,Markz Mallawi,مركز ملوى,markz-mallawi-eg2412,27.775,30.801,Menia,المنيا
Nazlet Touna,نزلةتونة,27.799,30.737,Markz Mallawi,مركز ملوى,markz-mallawi-eg2412,27.775,30.801,Menia,المنيا
Nazlet Gereis,نزلةجريس,27.898,30.758,Markz Abu Qurqas,مركز ابو قرقاص,markz-abu-qurqas-eg2404,27.939,30.77,Menia,المنيا
Nazlet Harz,نزلةحرز,27.86,30.761,Markz Abu Qurqas,مركز ابو قرقاص,markz-abu-qurqas-eg2404,27.939,30.77,Menia,المنيا
Nazlet Hussein Ali,نزلة حسين علي,28.128,30.763,Markz Al Minya,مركز المنيا,markz-al-minya-eg2402,28.101,30.641,Menia,المنيا
Nazlet Hamzawi,نزلةحمزاوي,27.85,30.821,Markz Mallawi,مركز ملوى,markz-mallawi-eg2412,27.775,30.801,Menia,المنيا
Nazlet Hanna Hanna,نزلةحناحنا,28.859,30.903,Al Fashn,مركز الفشن,al-fashn-eg2204,28.809,30.827,Beni Suef,بنى سويف
Nazlet Khalaf,نزلةخلف,30.022,31.186,Bulaq Al-DakrUr,قسم بولاق الدكرور,bulaq-al-dakrur-eg2105,30.03,31.19,Giza,الجيزة
Nazlet Khalaf,نزلةخلف,29.049,30.891,Ahnasya,مركز أهناسيا,ahnasya-eg2206,29.102,30.943,Beni Suef,بنى سويف
Nazlet Khalaf,نزلةخلف,28.489,30.727,Markz Bani Mazar,مركز بنى مزار,markz-bani-mazar-eg2406,28.518,30.731,Menia,المنيا
Nazlet Khayal,نزلةخي ال,30.754,31.635,Abu Kabir,مركز أبوكبير,abu-kabir-eg1305,30.733,31.69,Sharkia,الشرقية
Nazlet Dahrout,نزلةدهروط,28.598,30.807,Markz Maghagha,مركز مغاغة,markz-maghagha-eg2410,28.641,30.794,Menia,المنيا
Nazlet Romeih,نزلةرميح,27.33,30.929,Manfalut,مركز منفلوط,manfalut-eg2512,27.294,30.951,Assiut,أسيوط
Nazlet Saw,نزلةساو,27.547,30.734,Dayrut,مركز ديروط,dayrut-eg2510,27.537,30.782,Assiut,أسيوط
Nazlet Sarqana,نزلةسرقنا,27.587,30.786,Dayrut,مركز ديروط,dayrut-eg2510,27.537,30.782,Assiut,أسيوط
Nazlet Saeed,نزلةسعيد,28.946,30.906,Sumusta,مركز سمسطا,sumusta-eg2208,28.951,30.866,Beni Suef,بنى سويف
Nazlet Saeed,نزلةسعيد,27.66,30.869,Markz Dir Mawas,مركز دير مواس,markz-dir-mawas-eg2407,27.655,30.79,Menia,المنيا
Nazlet Shadi,نزلةشادي,28.213,30.622,Markz Samalut,مركز سمالوط,markz-samalut-eg2408,28.285,30.629,Menia,المنيا
Nazlet Shawish,نزلةشاويش,29.136,31.005,Ahnasya,مركز أهناسيا,ahnasya-eg2206,29.102,30.943,Beni Suef,بنى سويف
Nazlet Sharmoukh,نزلةشرموخ,27.848,30.8,Markz Mallawi,مركز ملوى,markz-mallawi-eg2412,27.775,30.801,Menia,المنيا
Nazlet Shiha,نزلةشيحة,28.62,30.701,Markz Maghagha,مركز مغاغة,markz-maghagha-eg2410,28.641,30.794,Menia,المنيا
Nazlet Zaher,نزلةظاهر,27.518,30.812,Dayrut,مركز ديروط,dayrut-eg2510,27.537,30.782,Assiut,أسيوط
Nazlet Abdel-Elah,نزلةعبد ال اله,27.16,31.185,Assuit,مركز أسيوط,assuit-eg2503,27.117,31.232,Assiut,أسيوط
Nazlet Abdalla,نزلةعبد اللا,27.57,30.834,Dayrut,مركز ديروط,dayrut-eg2510,27.537,30.782,Assiut,أسيوط
Nazlet Abdallah,نزلة عبدالله,26.882,31.426,Tama,مركز طما,tama-eg2613,26.874,31.422,Suhag,سوهاج
Nazlet Abdel-Masih,نزلةعبد المسيح,27.702,30.728,Markz Dir Mawas,مركز دير مواس,markz-dir-mawas-eg2407,27.655,30.79,Menia,المنيا
Nazlet Arab Guheina,نزلة عرب جهينة,30.308,31.362,Shibin al-Qanatir,مركز شبين القناطر,shibin-al-qanatir-eg1405,30.296,31.307,Kalyoubia,القليوبية
Nazlet Ali,نزلة علي,26.734,31.426,Guhayna Al-Gharbiyya,مركز جهينة الغربية,guhayna-al-gharbiyya-eg2611,26.689,31.471,Suhag,سوهاج
Nazlet Ali Kilani,نزلةعليكيلاني,28.937,30.946,Biba,مركز ببا,biba-eg2207,28.951,30.967,Beni Suef,بنى سويف
Nazlet Alian,نزلة عليان,29.676,31.315,Saf,مركز الصف,saf-eg2111,29.62,31.305,Giza,الجيزة
Nazlet Amara,نزلةعمارة,26.793,31.375,Tahta,مركز طهطا,tahta-eg2614,26.785,31.42,Suhag,سوهاج
Nazlet Amro,نزلة عمرو,28.439,30.837,Markz Bani Mazar,مركز بنى مزار,markz-bani-mazar-eg2406,28.518,30.731,Menia,المنيا
Nazlet Farag Allah Meti,نزلةفرج اللهمتي,28.156,30.755,Markz Al Minya,مركز المنيا,markz-al-minya-eg2402,28.101,30.641,Menia,المنيا
Nazlet Farag Mahmoud,نزلةفرجمحمود,27.515,30.798,Dayrut,مركز ديروط,dayrut-eg2510,27.537,30.782,Assiut,أسيوط
Nazlet Qarar wa Guheina,نزلةقراروجهينة,27.318,30.906,Manfalut,مركز منفلوط,manfalut-eg2512,27.294,30.951,Assiut,أسيوط
Nazlet Mohamed Samhan,نزلةمحمدسمهان,27.644,30.853,Markz Dir Mawas,مركز دير مواس,markz-dir-mawas-eg2407,27.655,30.79,Menia,المنيا
Nazlet Mahmoud,نزلةمحمود,27.664,30.739,Markz Dir Mawas,مركز دير مواس,markz-dir-mawas-eg2407,27.655,30.79,Menia,المنيا
Nazlet Ma'arek,نزلةمعارك,29.036,31.04,Bani Swayf,مركز بنى سويف,bani-swayf-eg2202,29.098,31.042,Beni Suef,بنى سويف
Nazlet Makin,نزلةمكين,27.863,30.827,Markz Abu Qurqas,مركز ابو قرقاص,markz-abu-qurqas-eg2404,27.939,30.77,Menia,المنيا
Nazlet Ramadan,نزله رمضان,28.677,30.746,Markz Al Idwa,مركز العدوة,markz-al-idwa-eg2405,28.696,30.74,Menia,المنيا
Nazlet Mostafa Abdel-Halim,نزله مصطفى عبدالحليم,27.577,30.786,Dayrut,مركز ديروط,dayrut-eg2510,27.537,30.782,Assiut,أسيوط
Nesreen,نسرين,29.017,33.546,Abu Radis,قسم أبو رديس,abu-radis-eg3503,29.049,33.598,South Sinai,جنوب سيناء
Nesim 2,نسيم 2,31.002,31.546,El Mansora,مركز المنصورة,el-mansora-eg1203,31.053,31.467,Dakahlia,الدقهلية
Nesha Tashmal Kafr El-Bashabsha wa Kafr El-Hawarni,نشا_تشملكفر البشابشةوكفر الحوارني,31.141,31.289,Nebro,مركز نبروة,nebro-eg1221,31.129,31.297,Dakahlia,الدقهلية
Nashrat,نشرت,31.084,30.836,Qillin,مركز قلين,qillin-eg1509,31.085,30.817,Kafr El-Shikh,كفر الشيخ
Nashwa,نشوة,30.502,31.474,Zaqaziq,مركز الزقازيق,zaqaziq-eg1303,30.587,31.581,Sharkia,الشرقية
Nashil,نشيل,30.972,31.022,Qutur,مركز قطور,qutur-eg1611,30.971,30.97,Gharbia,الغربية
Nosra,نصره,31.15,31.016,Kafr Al-Shaykh,مركز كفر الشيخ,kafr-al-shaykh-eg1502,31.2,31.016,Kafr El-Shikh,كفر الشيخ
Netaq Madinet Faisal wal Sabah,نطاقمدينتيفيصل والصباح,30.118,32.181,Faysal,قسم فيصل,faysal-eg0404,30.118,32.181,Suez,السويس
Nazaret El-Ensha,نظارة الانشا,31.115,30.599,Al-Rahmaniyya,مركز الرحمانية,al-rahmaniyya-eg1815,31.106,30.584,Behera,البحيرة
Nazaret El-Rawda,نظارة الروضة,31.138,30.58,Al-Mahmudiyya,مركز المحمودية,al-mahmudiyya-eg1806,31.197,30.488,Behera,البحيرة
Nazaret El-Sa'eideya,نظارة السعيدية,31.147,30.542,Al-Mahmudiyya,مركز المحمودية,al-mahmudiyya-eg1806,31.197,30.488,Behera,البحيرة
Nazaret El-Masa'ada,نظارة المسعدة,31.126,30.514,Al-Mahmudiyya,مركز المحمودية,al-mahmudiyya-eg1806,31.197,30.488,Behera,البحيرة
Nazaret El-Manshiya,نظارة المنشية,31.088,30.516,Al-Rahmaniyya,مركز الرحمانية,al-rahmaniyya-eg1815,31.106,30.584,Behera,البحيرة
Nazaret El-Minya,نظارة المنيا,31.105,30.581,Al-Rahmaniyya,مركز الرحمانية,al-rahmaniyya-eg1815,31.106,30.584,Behera,البحيرة
Nazaret Samadis,نظارةسماديس,31.116,30.571,Al-Rahmaniyya,مركز الرحمانية,al-rahmaniyya-eg1815,31.106,30.584,Behera,البحيرة
Na'im,نعيم,29.127,31.096,Bani Swayf,مركز بنى سويف,bani-swayf-eg2202,29.098,31.042,Beni Suef,بنى سويف
Nafya,نفيا,30.761,31.012,Tanta,مركز طنطا,tanta-eg1603,30.809,30.932,Gharbia,الغربية
Nafisha,نفيشة,30.537,32.289,Ismailiyya,مركز الاسماعيلية,ismailiyya-eg1904,30.426,32.183,Ismailia,الإسماعيلية
Naqbas,نقباس,30.453,31.242,Banha,مركز بنها,banha-eg1402,30.443,31.248,Kalyoubia,القليوبية
Naqarha,نقرها,31.054,30.465,Damanhur,قسم دمنهور,damanhur-eg1801,31.049,30.463,Behera,البحيرة
Naqnaq,نقنق,26.212,32.097,Dar al-Salam,مركز دار السلام,dar-al-salam-eg2608,26.274,32.043,Suhag,سوهاج
Naqita,نقيطة,31.01,31.361,El Mansora,مركز المنصورة,el-mansora-eg1203,31.053,31.467,Dakahlia,الدقهلية
Nekla El-Enab,نكلا العنب,30.914,30.756,Itay Al-Barud,مركز إيتاى البارود,itay-al-barud-eg1807,30.886,30.656,Behera,البحيرة
Nekla,نكلة,30.171,31.057,Imbaba,مركز إمبابة,imbaba-eg2113,30.22,30.963,Giza,الجيزة
Nemra El-Basal,نمرة البصل,31.054,31.07,El Mahalla El Kobra,مركز المحله الكبرى,el-mahalla-el-kobra-eg1607,31.017,31.13,Gharbia,الغربية
Nemra 7 Bahari,نمره 7 بحرى,24.498,32.963,Kum Umbu,مركز كوم امبو,kum-umbu-eg2804,24.48,32.947,Aswan,أسوان
Nemra 7 Qebli,نمره 7 قبلى,24.468,32.978,Kum Umbu,مركز كوم امبو,kum-umbu-eg2804,24.48,32.947,Aswan,أسوان
Nena wa Behnena,نناوبهننا,29.027,30.942,Ahnasya,مركز أهناسيا,ahnasya-eg2206,29.102,30.943,Beni Suef,بنى سويف
Nahtay,نهطاي,30.72,31.196,Zifta,مركز زفتى,zifta-eg1609,30.728,31.215,Gharbia,الغربية
Nawag,نواج,30.876,31.006,Tanta,مركز طنطا,tanta-eg1603,30.809,30.932,Gharbia,الغربية
Nawara,نوارة,29.23,30.716,Atsa,مركز أطسا,atsa-eg2304,29.208,30.767,Fayoum,الفيوم
Naway,نواي,27.817,30.768,Markz Mallawi,مركز ملوى,markz-mallawi-eg2412,27.775,30.801,Menia,المنيا
Noub Tarif,نوب طريف,30.899,31.44,Sinbillawin,مركز السنبلاوين,sinbillawin-eg1205,30.883,31.513,Dakahlia,الدقهلية
Noub Taha,نوبطحا,30.256,31.298,Shibin al-Qanatir,مركز شبين القناطر,shibin-al-qanatir-eg1405,30.296,31.307,Kalyoubia,القليوبية
Noubar,نوبار,31.182,29.903,Karmuz,قسم كرموز,karmuz-eg0208,31.179,29.904,Alexandria,الاسكندرية
Nouba,نوبة,30.483,31.545,Bilbis,مركز بلبيس,bilbis-eg1308,30.408,31.531,Sharkia,الشرقية
Nousa El-Bahr,نوسا البحر,30.982,31.333,Aga,مركز أجا,aga-eg1204,30.895,31.313,Dakahlia,الدقهلية
Nousa El-Gheit,نوسا الغيط,30.968,31.326,Aga,مركز أجا,aga-eg1204,30.895,31.313,Dakahlia,الدقهلية
Nawi,نوي,30.227,31.27,Shibin al-Qanatir,مركز شبين القناطر,shibin-al-qanatir-eg1405,30.296,31.307,Kalyoubia,القليوبية
Nuweiba El-Tarabin,نويبع الترابين,29.129,34.662,Nuweiba,قسم نويبع,nuweiba-eg3507,29.314,34.312,South Sinai,جنوب سيناء
Nuweiba El-Muzayna,نويبع المزينة,29.043,34.597,Nuweiba,قسم نويبع,nuweiba-eg3507,29.314,34.312,South Sinai,جنوب سيناء
Neida,نيدة,26.594,31.722,Akhmim,مركز أخميم,akhmim-eg2604,26.551,31.715,Suhag,سوهاج
Harbashant,هربشنت,28.878,30.912,Biba,مركز ببا,biba-eg2207,28.951,30.967,Beni Suef,بنى سويف
Harbit,هربيط,30.734,31.632,Abu Kabir,مركز أبوكبير,abu-kabir-eg1305,30.733,31.69,Sharkia,الشرقية
Heryet Razna,هريةرزنة,30.603,31.547,Zaqaziq,مركز الزقازيق,zaqaziq-eg1303,30.587,31.581,Sharkia,الشرقية
Heryet El-Gharbeya,هريت الغربية,29.289,30.739,Atsa,مركز أطسا,atsa-eg2304,29.208,30.767,Fayoum,الفيوم
Hala,هلا,30.597,31.293,Mit Ghamr,مركز ميت غمر,mit-ghamr-eg1213,30.708,31.338,Dakahlia,الدقهلية
Helya,هلية,28.935,30.923,Biba,مركز ببا,biba-eg2207,28.951,30.967,Beni Suef,بنى سويف
Hehya,ههيا,28.162,30.636,Markz Al Minya,مركز المنيا,markz-al-minya-eg2402,28.101,30.641,Menia,المنيا
Hou,هو,26.015,32.29,Nag Hammadi,مركز نجع حمادى,nag-hammadi-eg2708,26.085,32.297,Qena,قنا
Hawara El-Maqta',هوارة المقطع,29.265,30.896,Fayyum,مركز الفيوم,fayyum-eg2302,29.3,30.955,Fayoum,الفيوم
Hawara Adlan,هوارةعدلان,29.213,30.963,Fayyum,مركز الفيوم,fayyum-eg2302,29.3,30.955,Fayoum,الفيوم
Hour,هور,27.873,30.742,Markz Mallawi,مركز ملوى,markz-mallawi-eg2412,27.775,30.801,Menia,المنيا
Hourin,هورين,30.653,31.141,Birkat Al-Sab,مركز بركة السبع,birkat-al-sab-eg1706,30.651,31.108,Menoufia,المنوفية
Heit,هيت,30.38,30.976,Minuf,مركز منوف,minuf-eg1709,30.46,30.881,Menoufia,المنوفية
Wabour El-Nour,وابور النور,30.794,31.017,Tanta 1,قسم أول طنطا,tanta-1-eg1601,30.795,31.014,Gharbia,الغربية
Wahat El-Amal,واحة الأمل,26.672,28.163,Al Farafra Oasis,مركز الفرافرة,al-farafra-oasis-eg3203,27.205,26.76,New Valley,الوادى الجديد
Wadi El-Rayyan - Ezbet Fathy,وادى الريان - عزبة فتحى,29.276,30.583,Yousef El sadeq,مركز يوسف الصديق,yousef-el-sadeq-eg2307,29.353,30.586,Fayoum,الفيوم
Wadi El-Naqra,وادى النقره,24.537,33.069,Nasr,مركز نصر,nasr-eg2805,24.373,32.932,Aswan,أسوان
Wadi Homs,وادى حمص,29.028,34.288,Nuweiba,قسم نويبع,nuweiba-eg3507,29.314,34.312,South Sinai,جنوب سيناء
Wadi Abadi 1,وادى عبادى 1,25.062,32.947,Adfu,مركز أدفو,adfu-eg2803,25.061,32.957,Aswan,أسوان
Wadi Abadi 2,وادى عبادى 2,25.066,32.957,Adfu,مركز أدفو,adfu-eg2803,25.061,32.957,Aswan,أسوان
Wadi Abadi 3,وادى عبادى 3,25.055,32.952,Adfu,مركز أدفو,adfu-eg2803,25.061,32.957,Aswan,أسوان
Wadi Abadi 4,وادى عبادى 4,25.061,32.964,Adfu,مركز أدفو,adfu-eg2803,25.061,32.957,Aswan,أسوان
Wadi Ghaboura,وادى غبورة,28.795,33.478,Al-Tur,قسم الطور,al-tur-eg3501,28.365,33.753,South Sinai,جنوب سيناء
Wadi El-Keid,وادي الكيد,28.341,34.192,Sharm el-Sheikh,قسم شرم الشيخ,sharm-el-sheikh-eg3505,28.08,34.203,South Sinai,جنوب سيناء
Wadi Abu Khosheib,واديأبوخشيب,28.821,34.37,Dahab,قسم دهب,dahab-eg3506,28.73,34.451,South Sinai,جنوب سيناء
Wadi El-Khariza,وادي الخريزة,28.049,34.372,Sharm el-Sheikh,قسم شرم الشيخ,sharm-el-sheikh-eg3505,28.08,34.203,South Sinai,جنوب سيناء
Wadi El-Raha,وادي الراحة,28.798,33.907,Sant Katrin,قسم سانت كاترين,sant-katrin-eg3504,28.66,34.052,South Sinai,جنوب سيناء
Wadi El-Tar,وادي الطر,28.941,33.629,Abu Radis,قسم أبو رديس,abu-radis-eg3503,29.049,33.598,South Sinai,جنوب سيناء
Wadi El-Arab,وادي العرب,24.602,33.007,Nasr,مركز نصر,nasr-eg2805,24.373,32.932,Aswan,أسوان
Wadi El-Omr,وادي العمر,30.744,34.407,Qasima,قسم القسيمة,qasima-eg3411,30.464,34.301,North Sinai,شمال سيناء
Wadi El-Maleiz,وادي المليز,30.097,33.435,Al-Hasna,قسم الحسنة,al-hasna-eg3406,30.288,33.542,North Sinai,شمال سيناء
Wadi El-Nasb,وادي النصب,28.719,34.174,Sant Katrin,قسم سانت كاترين,sant-katrin-eg3504,28.66,34.052,South Sinai,جنوب سيناء
Wadi El-Natroun,وادي النطرون,30.378,30.396,Wadi Al-NatrUn,مركز وادى النطرون,wadi-al-natrun-eg1814,30.43,30.313,Behera,البحيرة
Wadi Tal,واديت ال,29.165,33.098,Abu Radis,قسم أبو رديس,abu-radis-eg3503,29.049,33.598,South Sinai,جنوب سيناء
Wadi Ramouz,واديرموز,28.512,33.85,Al-Tur,قسم الطور,al-tur-eg3501,28.365,33.753,South Sinai,جنوب سيناء
Wadi Sadr,واديسدر,29.64,32.809,Ras Sidr,قسم رأس سدر,ras-sidr-eg3502,29.599,33.317,South Sinai,جنوب سيناء
Wadi Sadri,واديسدري,28.963,33.394,Abu Radis,قسم أبو رديس,abu-radis-eg3503,29.049,33.598,South Sinai,جنوب سيناء
Wadi Sa'al,واديسع ال,28.889,34.242,Sant Katrin,قسم سانت كاترين,sant-katrin-eg3504,28.66,34.052,South Sinai,جنوب سيناء
Wadi Sahab,واديسهب,28.832,33.752,Sant Katrin,قسم سانت كاترين,sant-katrin-eg3504,28.66,34.052,South Sinai,جنوب سيناء
Wadi Saghir,واديصغير,28.944,34.425,Nuweiba,قسم نويبع,nuweiba-eg3507,29.314,34.312,South Sinai,جنوب سيناء
Wadi Karim wal Dabbah,واديكريم والدباح,25.972,33.746,Qusir,قسم القصير,qusir-eg3102,25.957,33.951,Red Sea,البحر الأحمر
Wadi Mosai'ed,واديمصيعد,28.479,33.796,Al-Tur,قسم الطور,al-tur-eg3501,28.365,33.753,South Sinai,جنوب سيناء
Wadi Mandar,واديمندر,28.218,34.164,Sharm el-Sheikh,قسم شرم الشيخ,sharm-el-sheikh-eg3505,28.08,34.203,South Sinai,جنوب سيناء
Waqed,واقد,30.694,30.739,Kum Hamada,مركز كوم حمادة,kum-hamada-eg1813,30.654,30.774,Behera,البحيرة
Wagran,وجران,28.529,33.798,Al-Tur,قسم الطور,al-tur-eg3501,28.365,33.753,South Sinai,جنوب سيناء
Wardan,وردان,30.29,30.895,Imbaba,مركز إمبابة,imbaba-eg2113,30.22,30.963,Giza,الجيزة
Warwara,ورورة,30.496,31.185,Banha,مركز بنها,banha-eg1402,30.443,31.248,Kalyoubia,القليوبية
Wana El-Qass,ونا القس,29.288,31.139,Al Wasta,مركز الواسطى,al-wasta-eg2205,29.324,31.17,Beni Suef,بنى سويف
Wenina El-Sharqeya,ونينة الشرقية,26.523,31.666,Suhag,مركز سوهاج,suhag-eg2603,26.547,31.655,Suhag,سوهاج
Wenina El-Gharbeya,ونينة الغربية,26.506,31.682,Suhag,مركز سوهاج,suhag-eg2603,26.547,31.655,Suhag,سوهاج
Ya'qoub,يعقوب,26.256,31.882,Al-Balyana,مركز البلينا,al-balyana-eg2605,26.241,31.944,Suhag,سوهاج
Youssef,يوسف,30.592,31.501,Zaqaziq 2,قسم ثان الزقازيق,zaqaziq-2-eg1302,30.601,31.519,Sharkia,الشرقية
