name_en,name_ar,lat,lon,parent_name_local
Al-Jazira,الجزيره,31.083,31.536,مركز دكرنس
Al-Jihad 4,الجهاد 4,28.751,30.726,مركز العدوة
Umm Al-Rida Al-Jadida,أم الرضا الجديدة,31.413,31.621,مركز كفر سعد
Ras Muhammad,رأس محمد,27.754,34.241,قسم شرم الشيخ
Mubarak,مبارك,30.859,31.363,مركز السنبلاوين
Mintaqat Al-Sahel Al-Shamali,منطقة الساحل الشمالى,30.861,29.281,قسم الساحل الشمالى-جزء
Habran,حبران,28.643,33.67,قسم الطور
Misir,مسير,31.057,31.004,مركز كفر الشيخ
Miar,ميعر,28.608,33.779,قسم الطور
23 Yulyu,23يوليو,30.17,31.344,مركز الخانكة
25 Yanayir Al-Siyahiya,25 يناير السياحية,30.853,28.889,قسم مارينا العلمين السياحية
6 October,6 أكتوبر,31.253,30.334,مركز إدكو
6 October,6 أكتوبر,30.998,32.673,قسم رمانة
Aba Al-Waqf,أبا الوقف,28.578,30.779,مركز مغاغة
Abar Al-Malik,آبار الملك,26.599,31.743,مركز أخميم
Abar Al-Waqf,آبار الوقف,26.622,31.744,مركز أخميم
Abtuk,أبتوك,30.947,30.727,مركز شبراخيت
Abjaj Al-Hatab,أبجاج الحطب,28.457,30.638,مركز مطاى
Abjij,أبجيج,29.287,30.807,مركز الفيوم
Abkhas,ابخاص,30.429,31.066,مركز الباجور
Abrash,أبراش,30.419,31.369,مركز مشتول السوق
Abrak Al-Hamam,أبراك الحمام,30.826,30.661,مركز إيتاى البارود
Ibrahim,ابراهيم,28.336,30.689,مركز سمالوط
Ibrahim Hassan,إبراهيم حسن,31.055,31.854,مركز أولاد صقر
Ibrahim Hassanein,إبراهيم حسنين,31.276,32.322,قسم الشرق
Ibrahim Farrag,ابراهيم فراج,26.54,31.689,قسم اول سوهاج
Ibrahimiya Muhanna,ابراهيميةمهنا,30.808,30.732,مركز كوم حمادة
Abraq,أبرق,23.861,34.644,قسم شلاتين
Abrim,ابريم,24.536,33.006,مركز نصر
Abstawa,أبستوا,31.079,31.23,مركز نبروة
Absuj,أبسوج,28.869,30.878,مركز الفشن
Absum Al-Sharqiya,أبسوم الشرقية,30.783,30.622,مركز كوم حمادة
Absum Al-Gharbiya,أبسوم الغربية,30.78,30.611,مركز كوم حمادة
Abshadat,أبشادات,27.854,30.747,مركز ملوى
Abshadi,أبشادي,30.623,30.843,مركز الشهداء
Abshaq Al-Ghazal,ابشاق الغز ال,28.475,30.737,مركز بنى مزار
Abshan,أبشان,31.182,31.148,مركز بيلا
Abshawai Al-Malaq,ابشاواي الملق,30.936,31.03,مركز قطور
Abshana wa Bani Musa,أبشناوبنيموسي,29.158,31.058,مركز بنى سويف
Abshish,أبشيش,30.468,31.088,مركز الباجور
Abto,أبطو,31.199,30.746,مركز دسوق
Abtuga,أبطوجة,28.531,30.751,مركز بنى مزار
Ab'adiya Al-Rawda,أبعادية الروضة,31.077,30.888,مركز كفر الشيخ
Ab'adiya Damanhur,أبعاديةدمنهور,31.037,30.403,مركز دمنهور
Ibn Al-Rashid,ابن الرشيد,30.071,31.236,قسم روضالفرج
Abnahas,أبنهس,30.574,31.12,مركز قويسنا
Abnud,أبنود,26.056,32.792,مركز قنا
Abhit Al-Hajar,أبهيت الحجر,29.411,30.835,مركز سنورس
Abu Al-Akhdar,أبو الأخضر,31.087,31.905,مركز المنزلة
Abu Al-Ata,أبو العطا,30.737,30.197,مركز ابوالمطامير
Abu Al-Fita,أبو الفيته,31.095,34.11,قسم الشيخ زويد
Abu Al-Nawm,ابو النوم,31.184,30.083,مركز كفر الدوار
Abu Al-Hawl wa Abu Bakr Al-Siddiq,أبو الهول و أبو بكر الصديق,26.889,27.751,مركز الفرافرة
Abu Basal,أبو بصل,31.352,31.481,مركز بلقاس
Abu Bakr Al-Siddiq,أبو بكر الصديق,30.551,30.636,مركز بدر
Abu Jarida,أبو جريدة,31.29,31.736,مركز فارسكور
Abu Khuzam,ابو خزام,26.127,32.342,مركز نجع حمادى
Abu Dawud,أبو داود,30.921,31.585,مركز تمى الأمديد
Abu Rashid,أبو راشد,31.36,31.604,مركز كفر سعد
Abu Sanna,ابو سنة,30.152,31.216,مركز قليوب
Abu Sharouf - Al-Kafrawi,أبو شروف - الكفراوى,29.048,25.546,مركز سيوة
Abu Taha,أبو طة,31.118,31.723,مركز دكرنس
Abu Ashour,أبو عاشور,30.499,31.903,مركز التل الكبير
Abu Uwaynat,ابو عوينات,31.001,31.735,مركز أولاد صقر
Abu Ayyad,ابو عياد,31.392,31.541,مركز كفر سعد
Abu Qatada wa Tashmal Nawfal Al-Jadida wa Nawfal Al-Qadima,أبو قتادة و تشمل نوفل الجديدة ونوفل القديمة,30.021,31.204,قسم بولاق الدكرور
Abu Marzouq,أبو مرزوق,31.572,26.059,قسم سيدى برانى
Abu Mazhour,أبو مزهور,31.465,26.105,قسم سيدى برانى
Abu Minqar,أبو منقار,26.709,27.861,مركز الفرافرة
Abu Hurayra,ابو هريرة,26.958,27.88,مركز الفرافرة
Abu Shusha,أبوشوشة,31.199,29.885,قسم الجمرك
Abu Ahmad,أبو أحمد,31.314,30.836,مركز سيدى سالم
Abu Al-Jahour,أب والجهور,30.725,31.117,مركز السنطة
Abu Al-Hassan,أب والحسن,31.269,32.301,قسم العرب
Abu Al-Khawi,أب والخاوي,30.59,30.788,مركز كوم حمادة
Abu Al-Khidr,أب والخذر,31.091,30.365,مركز ابوحمص
Abu Al-Rish Bahari,أب والريشبحري,24.203,32.878,مركز أسوان
Abu Al-Rish Qibli,أب والريشقبلي,24.141,32.894,مركز أسوان
Abu Al-Sahma,أب والسحما,31.035,30.584,مركز شبراخيت
Abu Al-Saud,أب والسعود,29.367,30.944,مركز الفيوم
Abu Al-Saud wa Al-Madabigh,أب والسعود والمدابغ,30.017,31.237,مصرالقديمة
Abu Al-Saliqa,أب والسليقة,31.351,25.23,قسم السلوم
Abu Al-Shaqaf,أب والشقاف,30.888,30.429,مركز حوش عيسى
Abu Al-Shuquq,أب والشقوق,30.833,31.617,مركز كفر صقر
Abu Al-Safa,أبو الصفا,27.907,30.74,مركز ابو قرقاص
Abu Al-Sayr,أب والصير,30.914,31.541,مركز تمى الأمديد
Abu Al-Abbas,أب والعباس,29.534,31.233,مركز العياط
Abu Al-Abbas,أب والعباس,28.513,30.75,مركز بنى مزار
Abu Al-Araj,أب والعراج,31.075,33.955,قسم الشيخ زويد
Abu Al-Ala,أب والعلا,30.056,31.232,قسم بولاق
Abu Al-Ghur,أب والغر,30.778,30.86,مركز كفر الزيات
Abu Al-Gheit,أب والغيط,30.152,31.185,مركز القناطر الخيرية
Abu Al-Fida,أب والفدا,30.068,31.22,قسم الزمالك
Abu Al-Matamir Al-Bahariya,أبوالمطامير البحرية,30.884,30.104,مركز ابوالمطامير
Abu Al-Maati Al-Baz,أب والمعاطي الباز,31.025,31.735,مركز بنى عبيد
Abu Al-Najah,أب والنجاه,31.143,31.177,مركز المحله الكبرى
Abu Al-Nawatir,أب والنواتير,31.225,29.955,قسم سيدى جابر
Abu Al-Hadar,أب والهدر,27.608,30.749,مركز ديروط
Abu Bisht,أبوبشت,28.632,30.715,مركز مغاغة
Abu Bakr Al-Siddiq,أبو بكر الصديق,26.632,31.49,مركز جهينة الغربية
Abu Tamada,أبوتمادة,31.161,30.939,مركز كفر الشيخ
Abu Jurj,أبوجرج,28.53,30.79,مركز بنى مزار
Abu Ja'da,أبوجعدة,29.295,33.055,قسم رأس سدر
Abu Jalal,أبوجل ال,31.278,31.557,مركز شربين
Abu Jandir,أبوجندير,29.242,30.682,مركز أطسا
Abu Hariz,أبوحريز,30.877,31.7,مركز كفر صقر
Abu Hasiba,ابوحسيبة,28.415,30.806,مركز مطاى
Abu Kharash,أبوخراش,31.068,30.59,مركز الرحمانية
Abu Khurs,أبوخرص,27.005,31.25,مركز أبوتيج
Abu Khalqa,أبوخلقة,27.645,30.741,مركز دير مواس
Abu Khalifa,أبوخليفة,30.664,32.222,مركز القنطرة
Abu Khalil,أبوخليل,27.358,30.863,مركز القوصية
Abu Khawda,أبوخودة,30.066,31.271,قسم الظاهر
Abu Dawud Al-Inab,أبوداود العنب,30.881,31.371,مركز أجا
Abu Daraz,أبودراز,31.225,30.613,مركز فوه
Abu Durra,أبودرة,31.013,30.631,مركز شبراخيت
Abu Dishisha,أبودشيشة,31.312,31.358,مركز بلقاس
Abu Dafiya,أبودفية,29.192,30.816,مركز أطسا
Abu Danqash,أبودنقاش,29.289,30.674,مركز أبشواى
Abu Diyab Sharq,أبوديابشرق,26.196,32.545,مركز دشنا
Abu Diyab Gharb,أبوديابغرب,26.174,32.551,مركز دشنا
Abu Rajwan Al-Bahari,أبورجوان البحري,29.812,31.279,مركز البدرشين
Abu Rajwan Al-Qibli,أبورجوان القبلي,29.78,31.262,مركز البدرشين
Abu Raqaba,أبورقبة,30.277,31.027,مركز أشمون
Abu Rawash,أبورواش,30.07,31.085,مركز كرداسة
Abu Ruwaish,أبورويش,29.673,31.236,مركز العياط
Abu Riya,أبورية,31.26,30.962,مركز الرياض
Abu Zurayba,أبوزريبة,31.477,25.341,قسم السلوم
Abu Zaabal,أبوزعبل,30.266,31.359,مركز الخانكة
Abu Zeid,أبوزيد,30.793,31.259,مركز أجا
Abu Sa'ifa,أبوسعيفة,30.86,30.526,مركز الدلنجات
Abu Sultan,أبوسلطان,30.41,32.322,مركز فايد
Abu Sanita,أبوسنيطة,30.405,31.053,مركز الباجور
Abu Sayyidhum,أبوسيدهم,28.344,30.634,مركز سمالوط
Abu Sila,أبوسيلة,28.485,34.052,قسم سانت كاترين
Abu Shahata,أبوشحاتة,28.406,30.789,مركز مطاى
Abu Sharban,أبوشربان,28.971,30.951,مركز ببا
Abu Sharif,أبوشريف,31.383,31.297,مركز بلقاس
Abu Shanar,أبوشنار,31.266,34.188,قسم رفح
Abu Shusha,أبوشوشة,26.169,32.059,مركز أبو طشت
Abu Samada,أبوصمادة,30.802,30.584,مركز الدلنجات
Abu Suweir Al-Balad,أبوصوير البلد,30.587,32.133,مركز الاسماعيلية
Abu Suweir Al-Mahatta,أبوصوير المحطة,30.583,32.194,مركز الاسماعيلية
Abu Suweira,أبوصويرة,29.575,32.893,قسم رأس سدر
Abu Sir,أبوصير,30.935,29.497,قسم برج العرب
Abu Sir,أبوصير,29.899,31.215,مركز البدرشين
Abu Sir Al-Malaq,أبوصير الملق,29.242,31.098,مركز الواسطى
Abu Sir Dafnu,أبوصيردفنو,29.255,30.815,مركز أطسا
Abu Sirina,أبوصيرينا,30.926,31.231,مركز سمنود
Abu Talib,أبو طالب,29.409,30.945,مركز طامية
Abu Taha,أبوطه,31.28,31.42,مركز بلقاس
Abu Tawala,أبوط والة,30.583,31.353,مركز منيا القمح
Abu Tawila,أبوطويلة,31.075,34.028,قسم الشيخ زويد
Abu Aziz,أبوعزيز,28.421,30.819,مركز مطاى
Abu Aziz,أبوعزيز,26.597,31.565,مركز المراغة
Abu Aliwa,أبو عليوة,31.245,30.821,مركز سيدى سالم
Abu Amouri,أبوعموري,26.017,32.214,مركز نجع حمادى
Abu Awali wa Mansha'atuha,أبوع واليومنشأتها,30.296,30.932,مركز أشمون
Abu Eid,أبوعيد,30.759,31.422,مركز ديرب نجم
Abu Ghalib,أبو غالب,30.264,30.94,مركز إمبابة
Abu Gharaqid,أبوغراقد,28.956,33.33,قسم أبو رديس
Abu Ghusun,أبوغصون,24.282,35.335,قسم مرسى علم
Abu Ghunaima,أبوغنيمة,31.276,30.634,مركز سيدى سالم
Abu Qaramit,أبوقراميط,30.838,31.556,مركز السنبلاوين
Abu Qurqas,أبو قرقاص,27.934,30.835,مركز ابو قرقاص
Abu Qalta,أبوقلته,27.807,30.734,مركز ملوى
Abu Qir Al-Sharqiya,أبو قير الشرقية,31.324,30.068,قسم المنتزة
Abu Qir Al-Gharbiya,أبو قير الغربية,31.309,30.061,قسم المنتزة
Abu Karim,أبوكريم,27.594,30.696,مركز ديروط
Abu Kasah,أبوكساه,29.386,30.703,مركز أبشواى
Abu Kals,أبوكلس,30.611,30.847,مركز الشهداء
Abu Al-Hawl Al-Bahariya,أبوله والبحرية,31.454,26.699,قسم مرسى مطروح
Abu Al-Hawl Al-Janoubiya,أبوله والجنوبية,31.309,26.837,قسم مرسى مطروح
Abu Marqiq,أبومرقيق,31.177,27.751,قسم مرسى مطروح
Abu Masoud,أبو مسعود,30.947,30.519,مركز الدلنجات
Abu Mashhour,أبومشهور,30.698,31.058,مركز بركة السبع
Abu Mashifa,أبومشيفة,31.347,25.861,قسم سيدى برانى
Abu Mustafa,أبو مصطفي,31.36,30.876,مركز الرياض
Abu Mina Bahari,أبومناعبحري,26.147,32.355,مركز دشنا
Abu Mina Sharq,أبومناعشرق,26.181,32.479,مركز دشنا
Abu Mina Gharb,أبومناعغرب,26.151,32.438,مركز دشنا
Abu Mina Qibli,أبومناعقبلي,26.157,32.476,مركز دشنا
Abu Manjouj,أبو من ج و ج,30.934,30.743,مركز شبراخيت
Abu Nashaba,أبونشابة,30.383,30.861,مركز السادات
Abu Hur,أبوهور,24.645,32.942,مركز نصر
Abu Yasin,أبوياسين,30.71,31.633,مركز أبوكبير
Abu Yahya,أبويحيي,31.024,30.589,مركز شبراخيت
Abwan,أبوان,28.397,30.723,مركز مطاى
Abu Stail,ابوسطيل,31.58,26.008,قسم سيدى برانى
Abu Sunbul,أبوسنبل,24.438,33.021,مركز نصر
Abwit,أبويط,29.324,31.14,مركز الواسطى
Abirmad,أبيرماد,23.452,35.442,قسم شلاتين
Ibya Al-Hamra,ابيا الحمراء,30.857,30.548,مركز الدلنجات
Abyar,أبيار,30.845,30.852,مركز كفر الزيات
Abyana,أبيانة,31.325,30.528,مركز مطوبس
Abij,أبيج,30.886,30.773,مركز كفر الزيات
Abis 7_8_9_10,ابيس 7_8_9_10,31.183,29.949,قسم محرم بك
Abis wa Khurshid,أبيس وخورشيد,31.198,29.996,قسم ثان الرمل
Abis 1,أبيس 1,31.171,30.003,مركز كفر الدوار
Abis 3,أبيس 3,31.151,30.002,مركز كفر الدوار
Abis 4,أبيس 4,31.131,29.998,مركز كفر الدوار
Abis 5,أبيس 5,31.11,29.986,مركز كفر الدوار
Abis 6,أبيس 6,31.088,29.972,مركز كفر الدوار
Abis El-Mostagadda,أبيس المستجدة,31.138,30.058,مركز كفر الدوار
Abyouqa,أبيوقا,31.167,30.731,مركز دسوق
Abyouqa,أبيوقا,30.797,30.606,مركز كوم حمادة
Abyouha,أبيوها,27.979,30.814,مركز ابو قرقاص
Atrees,أتريس,30.325,30.878,مركز إمبابة
Atqa,أتقا,27.8,30.759,مركز ملوى
Atdelim,أتليدم,27.882,30.782,مركز ابو قرقاص
Atmeeda,أتميدة,30.759,31.349,مركز ميت غمر
Athar El-Nabi,أثر النبي,29.992,31.242,مصرالقديمة
Athariyat Fadel,أثرياتفاضل,30.932,30.539,مركز إيتاى البارود
Agehour El-Raml,أجهور الرمل,30.501,31.152,مركز قويسنا
Agehour El-Soghra,أجهور الصغري,30.264,31.146,مركز القناطر الخيرية
Agehour El-Kobra,أجهور الكبري,30.296,31.149,مركز طوخ
Ahmed El-Mansy,احمد المنسي,30.998,31.151,قسم ثان المحلة الكبرى
Ahmed Badawy,احمد بدوى,30.66,29.95,قسم غرب النوبارية
Ahmed Ramy,أحمد رامى,30.723,30.53,مركز الدلنجات
Ahmed Shawqy,أحمد شوقى,30.727,30.277,مركز ابوالمطامير
Ahmed Oraby,أحمد عرابى,30.423,30.678,مركز بدر
Akhtab,أخطاب,30.841,31.318,مركز أجا
Akhnawy El-Zallaqa,أخناوي الزلاقة,30.807,31.042,مركز طنطا
Adrasia,ادراسية,29.11,30.915,مركز أهناسيا
Adreega,أدريجة,31.2,30.965,مركز كفر الشيخ
Adshay,ادشاي,30.775,30.886,مركز كفر الزيات
Adfa,أدفا,26.573,31.636,مركز سوهاج
Edfu Qebly,ادفو قبلى,24.928,32.848,مركز أدفو
Edfeena,أدفينا,31.294,30.51,مركز رشيد
Adqaq El-Mesk,أدقاق المسك,28.416,30.752,مركز مطاى
Adam,أدم,30.224,29.787,قسم غرب النوبارية
Admo,أدمو,28.142,30.65,مركز المنيا
Adandan,أدندان,24.4,32.969,مركز نصر
Adandan,أدندان,22.446,32.365,مركز أبوسنبل
Ard El-Lewaa,أرض اللواء,30.055,31.188,مركز كرداسة
Arqitous El-Hamad,أرقيطوسيلحمد,31.085,25.266,قسم السلوم
Armania,أرمانية,30.942,30.694,مركز إيتاى البارود
Armana,ارمنا,24.514,33.048,مركز نصر
Arymoun,أريمون,31.198,30.899,مركز كفر الشيخ
Ishaqa,إسحاقة,31.126,31.001,مركز كفر الشيخ
Asdeema,أسديمة,30.896,30.838,مركز كفر الزيات
Asreega,أسريجة,30.411,31.083,مركز الباجور
Astal,أسط ال,28.381,30.67,مركز سمالوط
Astonha,أسطنها,30.468,31.117,مركز الباجور
Asaad,آسعد,30.097,31.246,قسم الساحل
Iskan Mubarak Lel-Shabab,اسكان مبارك للشباب,29.986,31.421,قسم ثالث القاهرة الجديدة
Askar,أسكر,29.539,31.297,مركز الصف
Alexandria El-Gadeeda,اسكندرية الجديدة,31.116,31.828,مركز المنزلة
Asla,أسلا,28.329,33.872,قسم الطور
Ismania,إسمانية,30.952,30.708,مركز شبراخيت
Asmant,أسمنت,27.904,30.691,مركز ابو قرقاص
Asmant,أسمنت,25.806,29.023,مركز الوحات الداخلة
Asmo El-Arous,أسم والعروس,27.637,30.762,مركز دير مواس
Asneet,أسنيت,30.538,31.249,مركز كفر شكر
Ashrouba,أشروبة,28.512,30.703,مركز بنى مزار
Ashkar,أشكر,30.751,31.821,مركز فاقوس
Ashleem,أشليم,30.523,31.121,مركز قويسنا
Ashleema,أشليمة,30.886,30.747,مركز إيتاى البارود
Ashmant,أشمنت,29.198,31.181,مركز ناصر
Ashmoun El-Romman,أشمون الرمان,31.09,31.646,مركز دكرنس
Ashnaway,أشناواي,30.801,31.067,مركز السنطة
Ashneen El-Nasara,أشنين النصاري,28.612,30.772,مركز مغاغة
Astobary,اصطباري,30.505,31.05,مركز شبين الكوم
Asfoun,أصفون,25.401,32.529,مركز إسنا
Atsa,أطسا,28.219,30.737,مركز سمالوط
Atlas G,أطلس ج,30.008,31.336,قسم الخليفة
Atlamees,أطلميس,30.944,30.501,مركز الدلنجات
Atnouh,أطنوح,31.187,27.778,قسم مرسى مطروح
Atneya,أطنيه,28.654,30.828,مركز مغاغة
Atwab,أطواب,29.385,31.215,مركز الواسطى
Atwal El-Waqf,أعط والوقف,28.553,30.745,مركز بنى مزار
Aghroumy,أغرومي,29.162,25.736,مركز سيوة
Aftomiya El-Gharbeya,أفطمية الغربية,25.996,28.695,مركز الوحات الداخلة
Aftima El-Sharqeya,أفطيمة الشرقية,25.986,28.81,مركز الوحات الداخلة
Aftima El-Qeblya,أفطيمة القبلية,25.954,28.736,مركز الوحات الداخلة
Aflaqa,أفلاقة,31.075,30.505,مركز دمنهور
Afneesh,أفنيش,31.057,31.259,مركز نبروة
Afwa,أفوة,29.346,31.199,مركز الواسطى
Aqsas,أقصاص,26.671,31.628,مركز المراغة
Aqtya,أقطية,30.975,32.801,قسم رمانة
Aqfahass,أقفهص,28.791,30.829,مركز الفشن
Aqlit,اقليت,24.512,32.886,مركز كوم امبو
Akadeemeyat El-Shorta w El-Mirage,اكاديميه الشرطه و الميراج,30.06,31.428,قسم ثان القاهرة الجديدة
Akrash,أكراش,30.761,31.517,مركز ديرب نجم
Akwa,أكوة,30.702,31.47,مركز ديرب نجم
Akwa El-Hessa,أكوة الحصة,30.74,30.838,مركز كفر الزيات
Akyad El-Bahareya,أكياد البحرية,30.731,31.902,مركز فاقوس
Akyad El-Qeblya,أكياد القبلية,30.71,31.931,مركز فاقوس
Akyad Dagwy,أكياددجوي,30.366,31.113,مركز طوخ
El-Abageya,الأباجية,30.017,31.299,قسم الخليفة
El-Ibrahimia,الابراهيمية,31.18,30.656,مركز دسوق
El-Ibrahimia,الابراهيمية,30.958,30.594,مركز إيتاى البارود
El-Ibrahimia El-Bahareya,الإبراهيميه البحريه,31.392,31.628,مركز كفر سعد
El-Ibrahimia El-Qeblya,الإبراهيميه القبليه,31.375,31.629,مركز كفر سعد
El-Abreeqgy,الأبريقجي,31.078,30.612,مركز الرحمانية
El-Abtal,الأبط ال,30.826,32.328,قسم القنطرة شرق
El-Abadeya El-Bahareya,الأبعادية البحرية,31.5,31.052,مركز الحامول
El-Abqaeen,الأبقعين,30.841,30.352,مركز حوش عيسى
El-Ablaq,الأبلق,26.991,31.351,مركز صدفا
El-Abyary,الأبياري,30.342,31.232,مركز طوخ
El-Etihad,الاتحاد,31.131,31.831,مركز ميت سلسيل
El-Ataka,الأتكة,29.844,32.485,قسم عتاقة
El-Atlat,الأتلات,28.448,30.749,مركز مطاى
El-Ahaywa Sharq,الأحايوةشرق,26.461,31.826,مركز أخميم
El-Ahaywa Gharb,الأحايوةغرب,26.448,31.801,مركز العسيرات
El-Ahrar,الأحرار,24.961,32.786,مركز أدفو
El-Ahrar,الأحرار,31.013,32.559,قسم رمانة
El-Ahraz,الأحراز,30.705,31.614,مركز أبوكبير
El-Ahraz,الأحراز,30.34,31.307,مركز شبين القناطر
El-Ehsania,الاحسانية,30.673,31.561,مركز ههيا
El-Ahmadeya,الاحمدية,31.2,31.963,مركز المنزلة
El-Ahmadeya,الأحمدية,31.193,31.585,مركز شربين
El-Ahmadeen,الأحمدين,30.059,31.231,قسم بولاق
El-Ahyaa,الأحياء,27.427,33.609,قسم ثان الغردقة
El-Akharasa,الأخارسة,30.83,32.24,مركز القنطرة
El-Ekhsas,الاخصاص,29.709,31.294,مركز الصف
El-Ekhsas,الاخصاص,30.191,31.092,مركز إمبابة
El-Ekhsas,الاخصاص,28.111,30.725,قسم المنيا
El-Ekhsas,الأخصاص,29.391,30.9,مركز سنورس
El-Akhmas,الأخماس,30.408,30.834,مركز السادات
El-Akhmiyeen,الأخميين,30.675,31.768,مركز فاقوس
El-Akhmiyeen,الأخميين,30.173,31.152,مركز القناطر الخيرية
El-Akhywa,الاخيوة,30.797,31.975,مركز الحسينية
El-Edara,الادارة,27.81,30.793,مركز ملوى
El-Adabeya,الأدبية,29.793,32.437,قسم عتاقة
El-Arbaeen,الأربعين,31.249,31.718,مركز فارسكور
El-Azhar,الأزهر,30.047,31.262,قسم الجمالية
El-Esbaeya,الأسباعية,28.817,33.977,قسم سانت كاترين
El-Estad,الاستاد,30.069,31.307,قسم ثانمدينةنصر
El-Asadeya,الأسدية,30.612,31.707,مركز أبو حماد
El-Ismailia,الاسماعيلية,30.047,31.236,قسم قصر النيل
El-Ismailia,الاسماعيلية,28.201,30.75,مركز المنيا
El-Ismailia Sharq? Raqm? Sabeqan?,الاسماعيليةشرق?رقم?سابقا?,30.918,32.407,قسم القنطرة شرق
El-Ismailia,الإسماعيليه,31.368,31.691,مركز كفر سعد
El-Eshara,الإشارة,30.593,31.511,قسم ثان الزقازيق
El-Ashraf,الأشراف,24.935,32.804,مركز أدفو
El-Ashraf El-Bahareya,الأشراف البحرية,26.187,32.594,مركز قنا
El-Ashraf El-Sharqeya,الأشراف الشرقية,26.096,32.786,مركز قنا
El-Ashraf El-Gharbeya,الأشراف الغربية,26.081,32.778,مركز قنا
El-Ashraf El-Qeblya,الأشراف القبلية,26.105,32.773,مركز قنا
El-Ashrak,الأشراك,31.06,30.612,مركز الرحمانية
El-Ashmouneen,الأشمونين,27.782,30.817,مركز ملوى
El-Aslab,الأصلاب,31.04,30.675,مركز شبراخيت
El-Eslah,الإصلاح,26.23,31.985,مركز البلينا
El-Eslah El-Zeraei,الاصلاح الزرراعي,30.165,31.239,مركز قليوب
El-Atarsha,الأطارشة,30.444,31.05,مركز الباجور
El-Etezaz,الإعتزاز,28.193,30.564,مركز سمالوط
El-Aaras,الأعراس,30.481,31.387,مركز منيا القمح
El-Aaqab,الأعقاب,24.285,32.909,مركز أسوان
El-Aalam,الأعلام,29.337,30.869,مركز الفيوم
El-Eghana,الإغانة,26.863,31.358,مركز طما
El-Aqadema,الأقادمة,27.03,31.253,مركز أبوتيج
El-Aqalta,الأق التة,25.695,32.612,مركز الأقصر
El-Aqawaz,الاقواز,29.639,31.31,مركز الصف
El-Akrad,الأكراد,27.231,31.148,مركز الفتح
El-Imam El-Hussein,الإمام الحسين,30.742,30.424,مركز الدلنجات
El-Imam El-Ghazaly,الإمام الغزالى,30.722,30.483,مركز الدلنجات
El-Imamein,الإمامين,30.008,31.257,قسم الخليفة
El-Omaraa,الأمراء,31.185,30.051,مركز كفر الدوار
El-Amal,الامل,30.833,30.06,مركز ابوالمطامير
El-Amal,الأمل,28.106,30.609,مركز المنيا
El-Amir Kab,الأمير كاب,24.595,32.931,مركز نصر
El-Amireya,الأميرية,30.109,31.27,قسم الزاويةالحمراء
El-Amireya,الأميرية,26.144,32.095,مركز أبو طشت
El-Anboteen,الأنبوطين,30.784,31.075,مركز السنطة
El-Angab,الأنجب,30.371,30.928,مركز أشمون
El-Andalus,الاندلس,29.977,31.666,قسم ثالث القاهرة الجديدة
El-Ansha,الأنشا,31.114,31.234,مركز المحله الكبرى
El-Ansha w El-Moneera,الانشا والمنيرة,30.036,31.237,قسم السيدة زينب
El-Ansasya,الانشاصية,30.84,31.337,مركز أجا
El-Ansheta,الانشطه,29.989,31.383,قسم ثالث القاهرة الجديدة
El-Ansar,الأنصار,29.127,30.893,مركز أهناسيا
El-Ansar,الأنصار,27.396,30.779,مركز القوصية
El-Anwar w Oshash El-Baroud,الأنوروعشش البارود,30.017,31.233,مصرالقديمة
El-Ahtam,الأهتم,31.093,33.813,قسم ثالث العريش
El-Orman,الأورمان,30.945,31.408,مركز السنبلاوين
El-Awsat Samhoud,الأوسطسمهود,26.162,32.092,مركز أبو طشت
El-Awsat Qamoula,الأوسطقمولا,25.809,32.746,مركز نقادة
El-Eiman,الايمان,30.756,29.959,مركز ابوالمطامير
El-Eiman,الأيمان,24.985,32.784,مركز أدفو
El-Eiman 1,الإيمان 1,30.639,30.735,مركز بدر
El-Eiman 2,الإيمان 2,30.663,30.729,مركز بدر
El-Eiman 3,الإيمان 3,30.683,30.691,مركز بدر
El-Bab El-Gadeed Sharqy,الباب الجديدشرقي,31.186,29.912,قسم محرم بك
El-Bab El-Gadeed w Mansha,الباب الجديدومنشا,31.192,29.908,قسم محرم بك
El-Bagehour,الباجهور,28.664,30.757,مركز العدوة
El-Bageya bel-Sheikh Youssef,الباجيةب الشيخيوسف,26.478,31.784,مركز المنشأة
El-Baroud Sharq,البارود شرق,26.945,31.387,مركز صدفا
El-Baroud Gharb,البارود غرب,26.95,31.397,مركز صدفا
El-Baskeya,الباسكية,26.264,31.948,مركز البلينا
El-Bateneya,الباطنية,30.043,31.264,قسم الدرب الأحمر
El-Bagha,الباغة,29.502,33.025,قسم رأس سدر
El-Batanoun w Hessetha,البتانونوحصتها,30.623,30.983,مركز شبين الكوم
El-Bateya,البتية,30.35,31.35,مركز مشتول السوق
El-Bagalat,البجلات,31.171,31.637,مركز منية النصر
El-Bahary Samhoud,البحريسمهود,26.159,32.006,مركز أبو طشت
El-Bahary Qamoula,البحريقمولا,25.838,32.738,مركز نقادة
El-Bakhanees,البخانيس,31.186,30.883,مركز كفر الشيخ
El-Bakhayta,البخايتة,26.594,31.622,مركز سوهاج
El-Badala,البد الة,31.103,31.443,مركز المنصورة
El-Badrawi,البدراوي,31.334,31.594,مركز كفر سعد
El-Badraman,البدرمان,27.698,30.741,مركز دير مواس
El-Badanganeya,البدنجانية,30.704,31.125,مركز السنطة
El-Baragil,البراجيل,30.076,31.163,مركز أوسيم
El-Baragil,البراجيل,27.82,30.747,مركز ملوى
El-Barad,البراد,30.084,31.25,قسم الساحل
El-Baradea wa Khalwetha,البرادعةوخلوتها,30.238,31.162,مركز القناطر الخيرية
El-Barashiya,البراشية,31.259,31.709,مركز فارسكور
El-Baramoun,البرامون,31.119,31.457,مركز المنصورة
El-Baranqa,البرانقة,30.426,31.078,مركز الباجور
El-Baranqa,البرانقة,28.989,31.004,مركز ببا
El-Barani,البراني,29.408,31.009,مركز طامية
El-Baraniya,البرانية,30.235,31.0,مركز أشمون
El-Barahma,البراهمة,26.024,32.8,مركز قفط
El-Barba,البربا,27.949,30.743,مركز ابو قرقاص
El-Barba,البربا,26.903,31.37,مركز صدفا
El-Barba,البربا,26.339,31.835,مركز جرجا
Alberth,آلبرث,30.887,34.296,قسم رفح
El-Borg,البرج,31.593,31.043,مركز البرلس
El-Borg,البرج,29.182,31.073,مركز ناصر
El-Bargaya,البرجاية,28.152,30.723,مركز المنيا
El-Barsha,البرشا,27.73,30.883,مركز ملوى
El-Barghouti,البرغوتي,29.474,31.23,مركز العياط
El-Barqi,البرقي,28.771,30.829,مركز الفشن
El-Baraka,البركة,31.205,29.882,قسم الجمرك
El-Baraka,البركة,27.755,30.751,مركز ملوى
El-Barmabal,البرمبل,29.321,31.257,مركز أطفيح
El-Barnougi,البرنوجي,30.942,30.38,مركز دمنهور
El-Barouk,البروك,30.209,34.117,قسم نخل
El-Bariya,البرية,31.233,30.945,مركز الرياض
El-Barigat,البريجات,30.494,30.823,مركز كوم حمادة
El-Barima,البريمة,28.897,33.328,قسم أبو رديس
El-Basatin,البساتين,30.894,31.271,مركز أجا
El-Basatin,البساتين,30.981,30.434,مركز دمنهور
El-Basatin - El-Awamer Sabeqan,البساتين-العوامر سابقا,31.4,31.745,مركز كفر سعد
El-Basatin El-Sharqiya,البساتين الشرقية,29.984,31.301,قسم البساتين
El-Basatin El-Gharbiya,البساتين الغربية,29.985,31.262,قسم البساتين
El-Bustan,البستان,30.101,31.329,قسم مصرالجديدة
El-Bustan,البستان,30.77,30.523,مركز الدلنجات
El-Bustan Qibli El-Noubariya,البستان قبلى النوبارية,30.746,30.481,مركز الدلنجات
El-Bustan wa Kafr Tabikha,البستانوكفرطبيخة,31.377,31.76,مركز دمياط
El-Basqalon,البسقلون,28.694,30.735,مركز العدوة
El-Baslaqoun,البسلقون,31.015,30.12,مركز كفر الدوار
El-Basyouniya,البسيونية,29.322,30.992,مركز الفيوم
El-Bashayer,البشاير,31.235,30.987,مركز الرياض
El-Bashmour,البشمور,31.132,31.595,مركز دكرنس
El-Bashandi,البشندى,25.814,28.853,مركز الوحات الداخلة
El-Bashnini,البشنيني,30.822,31.501,مركز السنبلاوين
El-Basayela,البصايلة,31.123,32.075,مركز المنزلة
El-Basrat,البصراط,31.197,31.908,مركز المنزلة
El-Basaliya El-Wusta,البصليه الوسطى,25.113,32.768,مركز أدفو
El-Basaliya Qibli,البصليه قبلى,25.103,32.788,مركز أدفو
El-Batakha,البطاخ,26.624,31.562,مركز المراغة
El-Boeirat,البعيرات,25.712,32.625,مركز الأقصر
El-Baghala,البغ الة,30.028,31.242,قسم السيدة زينب
El-Baghdadi,البغدادي,25.648,32.624,مركز الأقصر
El-Baqaashin,البقاشين,30.539,31.28,مركز كفر شكر
El-Baqli,البقلي,30.03,31.257,قسم الخليفة
El-Baqliya,البقلية,30.957,31.427,مركز المنصورة
El-Bakatoush,البكاتوش,31.069,30.812,مركز قلين
El-Bakarsha,البكارشة,30.923,31.867,مركز الحسينية
El-Bakariya,البكارية,30.837,31.496,مركز السنبلاوين
El-Bakriya,البكرية,29.03,30.971,مركز ببا
El-Balabish El-Mostagedda,البلابيش المستجدة,26.225,32.131,مركز دار السلام
El-Balabish Bahari,البلابيشبحري,26.24,32.112,مركز دار السلام
El-Balabish Qibli,البلابيشقبلي,26.166,32.157,مركز دار السلام
El-Balashoun,البلاشون,30.437,31.438,مركز بلبيس
El-Balaazetin,البلاعزتين,28.63,30.699,مركز مغاغة
El-Balaqsa,البلاقسة,30.044,31.245,قسم عابدين
El-Balakous,البلاكوس,30.747,30.708,مركز كوم حمادة
El-Balamoun,البلامون,30.832,31.449,مركز السنبلاوين
El-Balayza,البلايزة,27.033,31.241,مركز أبوتيج
El-Balqatriya,البلقطرية,31.194,29.887,قسم الجمرك
El-Buleida,البليدة,29.681,31.276,مركز العياط
El-Banna wa Ezabha,البناوعزبها,31.336,31.071,مركز الحامول
El-Banahwa,البناهوة,30.842,32.265,مركز القنطرة
El-Banawan,البناوان,31.093,31.08,مركز المحله الكبرى
El-Bana'een,البنائين,31.589,31.081,مركز البرلس
El-Bandariya,البندارية,30.723,30.951,مركز تلا
El-Bandara,البندرة,30.822,31.133,مركز السنطة
El-Bandira,البنديرة,31.141,31.522,مركز المنصورة
El-Benhawi,البنهاوي,30.058,31.265,قسم باب الشعرية
El-Bahsamoun,البهسمون,29.064,30.88,مركز أهناسيا
El-Bahansa El-Gharbiya wa Kafr El-Mansoura,البهنسا الغربيةوكفر المنصورة,28.548,30.656,مركز بنى مزار
El-Bahoufrik,البهوفريك,30.948,31.369,مركز أجا
El-Bahi,البهي,30.92,30.565,مركز إيتاى البارود
El-Bawarik,البواريك,26.471,31.795,مركز المنشأة
El-Boura,البورة,27.206,31.07,مركز أسيوط
El-Boursa,البورصة,30.801,31.003,قسم أول طنطا
El-Boursa wa Kafr Ashari,البورصةوكفرعشري,31.182,29.886,قسم مينا البصل
El-Bouha,البوها,30.773,31.323,مركز ميت غمر
El-Bouha,البوها,30.775,31.654,مركز كفر صقر
El-Bayadi wa El-Qarya,البياضي والقرية,26.357,31.882,قسم جرجا
El-Bayadiya,البياضية,30.884,32.229,مركز القنطرة
El-Bayadiya,البياضية,27.787,30.878,مركز ملوى
El-Bayadiya,البياضية,26.96,31.445,مركز البدارى
El-Bayadiya bel-Nazir,البياضيةب الناظر,26.533,31.783,مركز المنشأة
El-Bayraqdar,البيرقدار,30.058,31.27,قسم الجمالية
El-Bayroum,البيروم,30.75,31.784,مركز فاقوس
El-Beida,البيضا,30.941,31.564,مركز تمى الأمديد
El-Beida,البيضا,31.162,30.058,مركز كفر الدوار
El-Bitash Sharq,البيطاششرق,31.107,29.793,قسم الدخيلة
El-Bitash Gharb,البيطاشغرب,31.131,29.787,قسم الدخيلة
El-Baylouq,البيلوق,30.947,31.294,مركز أجا
El-Bayhou,البيهو,28.255,30.73,مركز سمالوط
El-Bayoum,البيوم,30.627,31.391,مركز الزقازيق
El-Tabaniya,التبنية,28.327,28.688,قسم الواحاتالبحرية
El-Tebbin El-Bahariya,التبين البحرية,29.779,31.297,قسم التبين
El-Tebbin El-Qibliya,التبين القبلية,29.773,31.296,قسم التبين
El-Tatalya,التت الية,27.343,30.835,مركز القوصية
El-Tagammu El-Khamis,التجمع الخامس,30.009,31.422,قسم أول القاهرة الجديدة
El-Tahrir,التحرير,30.977,31.174,قسم أول المحلة الكبرى
El-Tahrir,التحرير,28.601,30.651,مركز مغاغة
El-Tahrir,التحرير,26.87,31.421,مركز طما
El-Taramisa,الترامسة,26.135,32.698,مركز قنا
El-Torgoman,الترجمان,30.058,31.24,قسم بولاق
El-Terea,الترعة,25.208,32.655,مركز إسنا
El-Terea El-Boulaqiya,الترعة البولاقية,30.076,31.252,قسم شبرا
El-Tafteesh,التفتيش,31.31,30.481,مركز رشيد
El-Taqaddom,التقدم,30.856,32.517,قسم القنطرة شرق
El-Tell El-Kebir,التل الكبير,30.607,30.567,مركز بدر
El-Telal El-Ahmar,التل الأحمر,30.662,32.343,قسم القنطرة شرق
El-Telal El-Kebir,التل الكبير,30.517,31.85,مركز التل الكبير
El-Teloul,التلول,31.041,33.339,قسم بئر العبد
El-Tellein,التلين,30.564,31.357,مركز منيا القمح
El-Tamama,التمامة,31.136,30.223,مركز كفر الدوار
El-Tamad,التمد,29.741,34.36,قسم نخل
El-Tamad El-Hagar,التمد الحجر,30.955,31.485,مركز السنبلاوين
El-Tamraziya,التمرازية,31.203,29.885,قسم الجمرك
El-Temsah,التمساح,30.612,32.315,قسم أول الاسماعيلية
El-Temsahiya,التمساحية,27.379,30.803,مركز القوصية
El-Tanagha,التناغا,27.031,31.379,مركز ساحل سليم
El-Tawader,التوادر,26.266,31.924,مركز البلينا
El-Tawfiq,التوفيق,30.073,31.321,قسم أول مدينة نصر
El-Tawfiq 7,التوفيق 7,28.579,30.639,مركز مغاغة
El-Tawfiqiya,التوفيقية,31.228,30.052,قسم المنتزة
El-Tawfiqiya,التوفيقية,31.378,31.692,مركز كفر سعد
El-Tawfiqiya,التوفيقية,30.813,30.735,مركز إيتاى البارود
El-Tawfiqiya,التوفيقية,29.376,30.812,مركز سنورس
El-Tawfiqiya,التوفيقية,28.367,30.76,مركز سمالوط
El-Touma,التومه,31.001,33.928,قسم الشيخ زويد
El-Tounsi,التونسي,30.006,31.271,قسم الخليفة
El-Thawra,الثورة,29.238,34.335,قسم نويبع
El-Gabriya,الجابرية,31.014,31.079,مركز المحله الكبرى
El-Gamaa,الجامع,30.597,31.504,قسم ثان الزقازيق
El-Gamaa El-Tawfiqi,الجامع التوفيقي,31.269,32.3,قسم العرب
El-Gamaa El-Abbasi,الجامع العباسي,31.268,32.303,قسم العرب
El-Gamaa El-Amrikiya wa Rawda,الجامعه الامريكيه و روضه,30.011,31.611,قسم أول القاهرة الجديدة
El-Gawli,الجاولي,27.25,31.029,مركز منفلوط
El-Gabab,الجباب,26.893,31.394,مركز طما
El-Gabal El-Asfar,الجبل الاصفر,30.202,31.395,مركز الخانكة
El-Gablaw,الجبلاو,26.13,32.759,مركز قنا
El-Gablaya,الجبلاية,30.058,31.22,قسم الزمالك
El-Gubeirat,الجبيرات,26.751,31.411,مركز طهطا
El-Gedod wa El-Labban - El-Warsha,الجدد و اللبان - الورشه,31.194,29.89,قسم اللبان
El-Gedi,الجدي,30.052,33.1,قسم الحسنة
El-Gediya,الجدية,31.357,30.405,مركز رشيد
El-Gedida,الجديدة,30.544,31.379,مركز منيا القمح
El-Gedida,الجديدة,31.291,30.425,مركز رشيد
El-Gedida,الجديدة,25.83,28.898,مركز الوحات الداخلة
El-Garadat,الجرادات,31.075,30.322,مركز ابوحمص
El-Gorn,الجرن,31.092,30.309,مركز ابوحمص
El-Garnous,الجرنوس,28.58,30.714,مركز بنى مزار
El-Gereidat,الجريدات,26.809,31.432,مركز طهطا
El-Gazazra,الجزازرة,26.72,31.549,مركز المراغة
El-Gazaer,الجزائر,28.335,30.744,مركز سمالوط
El-Gezira El-Khadra,الجزيرة الخضراء,30.476,31.903,مركز التل الكبير
El-Gezira Bahari,الجزيرة بحرى,29.058,31.086,قسم بنى سويف
El-Gezira Qibli,الجزيرة قبلى,29.067,31.104,قسم بنى سويف
El-Gezira El-Gedida,الجزيرة الجديدة,30.041,31.242,قسم عابدين
El-Gezira El-Khadra,الجزيرة الخضراء,31.449,30.432,مركز مطوبس
El-Gezira El-Sharqiya,الجزيرة الشرقية,30.405,31.093,مركز الباجور
El-Gezira El-Sharqiya,الجزيرة الشرقية,28.914,31.001,مركز ببا
El-Gezira El-Shaqra,الجزيرة الشقراء,29.616,31.287,مركز الصف
El-Gaar,الجعار,30.481,30.165,مركز وادى النطرون
El-Gaafra,الجعافرة,31.146,31.824,مركز ميت سلسيل
El-Gaafra,الجعافرة,30.646,31.779,مركز فاقوس
El-Gaafra,الجعافرة,30.202,31.289,مركز شبين القناطر
El-Gaafra,الجعافرة,29.245,30.778,مركز أطسا
El-Gaafra,الجعافرة,24.357,32.918,مركز دراو
El-Gaafariya,الجعفرية,30.484,31.671,مركز أبو حماد
El-Gaafariya,الجعفرية,30.684,31.099,مركز السنطة
El-Gafadoun,الجفادون,28.839,30.796,مركز الفشن
El-Gafgafa,الجفجافة,30.256,33.307,قسم الحسنة
El-Gafira,الجفيرة,31.072,28.151,مركز الضبعة
El-Galaa,الجلاء,31.259,32.285,قسم المناخ
El-Galaa,الجلاء,28.237,30.69,مركز سمالوط
El-Galatma,الجلاتمة,30.172,31.116,مركز إمبابة
El-Galladeen,الجلادين,30.064,31.235,قسم بولاق
El-Galawiya,الجلاوية,26.743,31.607,مركز ساقلته
El-Galayela,الجلايلة,30.835,31.518,مركز السنبلاوين
El-Gamaliya,الجم الية,30.053,31.266,قسم الجمالية
El-Gamaliya,الجم الية,30.823,31.962,مركز الحسينية
El-Gamaliya,الجم الية,25.854,32.759,مركز قوص
El-Gamamla,الجماملة,31.149,32.045,مركز المنزلة
El-Gamla,الجملة,29.565,31.256,مركز العياط
El-Gamhoud,الجمهود,28.825,30.784,مركز الفشن
El-Gomhouriya,الجمهورية,29.512,30.929,مركز طامية
El-Gameiza,الجميزة,30.797,31.133,مركز السنطة
El-Ganayen,الجناين,30.961,32.755,قسم رمانة
El-Gindiya,الجندية,28.568,30.813,مركز بنى مزار
El-Ganzouri,الجنزوري,30.058,31.275,قسم الظاهر
El-Gineina,الجنينة,31.104,31.687,مركز منية النصر
El-Gineina El-Saghira w Kom Bekir,الجنينة الصغيرةوكومبكير,31.191,29.891,قسم اللبان
El-Gineina El-Kabira w Souq El-Ma'iz,الجنينة الكبيرةوسوق المعيز,31.194,29.894,قسم اللبان
El-Gineina w El-Shubbak,الجنينة والشباك,24.551,33.016,مركز نصر
El-Gihad,الجهاد,24.996,32.779,مركز أدفو
El-Gawabir,الجوابر,30.062,31.236,قسم بولاق
El-Gawabir,الجوابر,31.157,31.817,مركز ميت سلسيل
El-Gawadiya,الجوادية,31.221,31.419,مركز بلقاس
El-Gawashna,الجواشنة,30.793,31.461,مركز ديرب نجم
El-Gawaheen,الجواهين,26.329,31.78,مركز جرجا
El-Goura,الجورة,30.973,34.135,قسم الشيخ زويد
El-Gawsaq,الجوسق,30.431,31.503,مركز بلبيس
El-Golf,الجولف,30.077,31.331,قسم أول مدينة نصر
El-Gawhariya,الجوهرية,30.795,30.966,مركز طنطا
El-Gawa,الجوى,30.796,29.389,قسم الحمام
El-Gweira,الجويرة,30.871,29.444,قسم برج العرب
El-Gayyar,الجيار,30.397,30.84,مركز السادات
El-Giyara,الجيارة,30.06,31.246,قسم الأزبكية
El-Giza,الجيزة,30.016,31.334,قسم الخليفة
El-Giza,الجيزة,25.929,28.849,مركز الوحات الداخلة
El-Gilani,الجيلاني,29.434,30.696,مركز أبشواى
El-Hag Qandil,الحاجقنديل,27.63,30.88,مركز دير مواس
El-Hager,الحاجر,31.073,30.099,مركز كفر الدوار
El-Hager,الحاجر,30.278,30.926,مركز إمبابة
El-Hager bi Awlad Yahya,الحاجربأولاديحيي,26.323,31.993,مركز دار السلام
El-Hadqa,الحادقة,29.269,30.839,مركز الفيوم
El-Hara,الحارة,28.363,28.757,قسم الواحاتالبحرية
El-Hara El-Wase'a w El-Takhshiba,الحارة الواسعة والتخشيبة,31.191,29.89,قسم اللبان
El-Hakimiya,الحاكمية,30.624,31.348,مركز ميت غمر
El-Hamidiya,الحامدية,29.144,30.843,مركز أطسا
El-Hamoul,الحامول,30.475,30.973,مركز منوف
El-Hamouli,الحامولي,29.293,30.607,مركز يوسف الصديق
El-Habalsa,الحب الصة,27.42,30.765,مركز القوصية
El-Habash,الحبش,30.743,31.562,مركز الأبراهيمية
El-Hubeil,الحبيل,25.669,32.658,مركز الأقصر
El-Hubeil - Qaryet El-Sayyadeen,الحبيل - قرية الصيادين,28.28,33.582,قسم الطور
El-Hubeil w El-Shalouliya,الحبيل والشلولية,26.189,31.944,مركز البلينا
El-Hubeilat El-Sharqiya,الحبيلات الشرقية,26.122,32.135,مركز أبو طشت
El-Hubeilat El-Gharbiya,الحبيلات الغربية,26.114,32.065,مركز أبو طشت
El-Hatahta,الحتاحتة,28.238,30.709,مركز سمالوط
El-Haggagiya,الحجاجية,30.686,31.807,مركز فاقوس
El-Haggagiya El-Mostagedda,الحجاجية المستجدة,30.639,31.829,مركز فاقوس
El-Hagara,الحجارة,29.943,31.283,قسم طره
El-Hagari,الحجاري,31.204,29.881,قسم الجمرك
El-Higaziya,الحجازية,30.85,31.899,مركز الحسينية
El-Hagayza,الحجايزة,30.852,31.612,مركز السنبلاوين
El-Hagar,الحجر,29.132,30.657,مركز أطسا
El-Hagar El-Mahrouq,الحجر المحروق,30.908,30.487,مركز الدلنجات
El-Hagz,الحجز,26.229,31.938,مركز البلينا
El-Hagz Bahari,الحجز بحرى,25.16,32.738,مركز أدفو
El-Hagz Qibli,الحجزقبلي,25.119,32.808,مركز أدفو
El-Hogairat,الحجيرات,26.157,32.545,مركز قنا
El-Haddad,الحداد,30.9,30.863,مركز بسيون
El-Hadada,الحدادة,31.062,31.751,مركز بنى عبيد
El-Haddadi w 'Ezabha,الحداديوعزبها,31.356,30.802,مركز سيدى سالم
El-Hadayed,الحدايد,29.744,32.398,قسم عتاقة
El-Hada'eq,الحدائق,30.076,31.273,قسم حدائقالقبة
El-Hodoud,الحدود,31.165,30.878,مركز كفر الشيخ
El-Hadiqa,الحديقة,26.869,31.38,مركز طما
El-Hadiqa El-Dawliya,الحديقة الدولية,30.049,31.335,قسم أول مدينة نصر
El-Hadein,الحدين,30.728,30.635,مركز كوم حمادة
El-Harabi,الحرابي,31.059,28.249,مركز الضبعة
El-Haragiya,الحراجية,25.951,32.798,مركز قوص
El-Haradna,الحرادنة,27.405,30.805,مركز القوصية
El-Haradna,الحرادنة,26.709,31.656,مركز ساقلته
El-Harafsha,الحرافشة,26.725,31.474,مركز جهينة الغربية
El-Haraniya,الحرانية,29.964,31.171,مركز الجيزة
El-Harga,الحرجة,29.217,31.018,مركز ناصر
El-Harga bil-Qor'an,الحرجةب القرعان,26.235,31.888,مركز البلينا
El-Harga Bahari,الحرجةبحري,26.22,31.921,مركز البلينا
El-Harga Qibli,الحرجةقبلي,26.205,31.931,مركز البلينا
El-Herfa,الحرفة,31.108,30.277,مركز ابوحمص
El-Herfa,الحرفة,30.854,30.27,مركز حوش عيسى
El-Horreya,الحرية,31.125,31.771,مركز دكرنس
El-Horreya,الحرية,30.463,31.693,مركز أبو حماد
El-Horreya,الحرية,30.818,30.035,مركز ابوالمطامير
El-Haridiya,الحريدية,26.697,31.581,مركز المراغة
El-Haridiya El-Bahariya,الحريدية البحرية,26.771,31.45,مركز طهطا
El-Hariri,الحريرى,30.585,31.512,قسم اول الزقازيق
El-Haririya El-Qibliya,الحريرية القبلية,26.772,31.466,مركز طهطا
El-Horeizat El-Sharqiya,الحريزات الشرقية,26.467,31.777,مركز المنشأة
El-Horeizat El-Gharbiya,الحريزات الغربية,26.464,31.757,مركز المنشأة
El-Horreya,الحريه,27.788,30.789,مركز ملوى
El-Hazaniya,الحزانية,30.224,31.293,مركز شبين القناطر
El-Husamda,الحسامدة,26.867,31.446,مركز طما
El-Hassanat,الحسانات,26.111,32.124,مركز أبو طشت
El-Hassani,الحساني,27.259,31.044,مركز أسيوط
El-Hassaniya,الحسانية,27.923,30.733,مركز ابو قرقاص
El-Hassaniya,الحسانيه,30.3,31.212,قسم قها
El-Hassaniyeen,الحسانيين,30.175,31.105,مركز إمبابة
El-Hasayna,الحساينة,30.357,31.302,مركز شبين القناطر
El-Hasana,الحسنة,26.9,31.404,مركز طما
El-Haswa,الحسوة,28.963,33.697,قسم أبو رديس
El-Husseynat,الحسينات,31.223,34.129,قسم رفح
El-Husseiniya,الحسينية,29.242,30.669,مركز أطسا
El-Husseiniya,الحسينية,28.496,30.814,مركز بنى مزار
El-Husseiniya,الحسينيه,31.368,31.666,مركز كفر سعد
El-Husseiniya,الحسينيه,30.586,31.52,قسم اول الزقازيق
El-Hasafa,الحصافة,30.308,31.269,مركز شبين القناطر
El-Hasayna,الحصاينة,30.912,31.52,مركز السنبلاوين
El-Hessa,الحصة,30.39,31.221,مركز طوخ
El-Hesas,الحصص,31.218,31.488,مركز شربين
El-Hasfa,الحصفة,31.344,30.936,مركز الرياض
El-Haswa,الحصوة,30.895,31.595,مركز السنبلاوين
El-Haswa,الحصوة,30.763,31.734,مركز أبوكبير
El-Haswa,الحصوة,30.328,31.291,مركز طوخ
El-Hataba,الحطابة,30.031,31.263,قسم الخليفة
El-Hefnawiya,الحفناوية,26.077,32.192,مركز نجع حمادى
El-Hefeir w El-Amal - El-Markaziya,الحفير و الأمل - المركزية,31.442,31.486,مركز بلقاس
El-Hakamna,الحكامنة,29.106,31.062,مركز بنى سويف
El-Hekr,الحكر,30.61,32.263,قسم ثان الاسماعيلية
El-Hikma,الحكمه,30.588,31.507,قسم ثان الزقازيق
El-Halabiya,الحلابية,29.047,31.05,مركز بنى سويف
El-Halafi,الحلافي,26.171,31.991,مركز البلينا
El-Hallaqi,الحلاقي,31.285,31.009,مركز كفر الشيخ
El-Hallaqi,الحلاقي,26.836,31.386,مركز طما
El-Halamsha,الحلامشة,30.664,31.114,مركز بركة السبع
El-Halawat,الحلاوات,30.7,31.557,مركز الأبراهيمية
El-Hella,الحلة,25.301,32.577,مركز إسنا
El-Hella,الحلة,25.91,32.743,مركز قوص
El-Half,الحلف,29.389,31.251,مركز أطفيح
El-Half El-Gharbi,الحلف الغربي,29.397,31.245,مركز أطفيح
El-Halfaya Bahari,الحلفايةبحري,26.033,32.33,مركز نجع حمادى
El-Halfaya Qibli,الحلفايةقبلي,26.049,32.385,مركز نجع حمادى
El-Helmiya,الحلمية,30.034,31.255,قسم الخليفة
El-Helmiya,الحلمية,30.499,31.647,مركز أبو حماد
El-Helmiya,الحلمية,28.36,30.69,مركز سمالوط
El-Halwasi,الحلواصي,30.247,31.044,مركز أشمون
El-Halwagi,الحلوجي,31.2,29.883,قسم الجمرك
El-Hama,الحما,26.88,31.44,مركز طما
El-Hammad,الحماد,31.508,31.294,مركز البرلس
El-Hammad,الحماد,31.339,30.446,مركز رشيد
El-Hammadiya,الحمادية,26.595,31.664,مركز سوهاج
El-Hammadiyeen,الحماديين,30.744,31.701,مركز أبوكبير
El-Hammadiyeen,الحماديين,30.792,31.897,مركز الحسينية
El-Hammam,الحمام,29.233,31.021,مركز ناصر
El-Hammam,الحمام,27.269,31.188,مركز أبنوب
El-Hammamiya,الحمامية,31.017,30.504,مركز دمنهور
El-Hamaysha,الحمايشة,28.327,30.721,مركز سمالوط
El-Hamr w El-Ga'afra,الحمر والجعافرة,25.935,32.768,مركز قوص
El-Hamra,الحمرا,31.185,30.834,مركز كفر الشيخ
El-Hamra,الحمراء,30.43,30.313,مركز وادى النطرون
El-Hamrawein,الحمراوين,26.504,34.055,قسم القصير
El-Hamzawi,الحمزاوي,30.048,31.259,قسم الجمالية
El-Hemma,الحمه,30.285,33.403,قسم الحسنة
El-Humeidat,الحميدات,26.145,32.734,قسم قنا
El-Humeidat,الحميدات,25.396,32.572,مركز إسنا
El-Hamidiya,الحميدية,31.148,31.73,مركز منية النصر
El-Hamidiya,الحميدية,30.488,31.359,مركز منيا القمح
El-Hamidiya El-Gedida,الحميدية الجديدة,29.348,30.779,مركز الفيوم
El-Hanafi,الحنفي,30.036,31.247,قسم السيدة زينب
El-Hawatka,الحواتكة,27.254,30.991,مركز منفلوط
El-Hawarta,الحوارتة,28.164,30.758,مركز المنيا
El-Hawarni,الحوارني,31.37,31.732,مركز فارسكور
El-Hawasliya,الحواصلية,28.024,30.781,مركز المنيا
El-Hawamda,الحوامدة,30.87,31.693,مركز كفر صقر
El-Hawamdiya El-Gedida,الحوامدية الجديدة,31.055,31.208,مركز المحله الكبرى
El-Hawawsha,الحواوشة,30.986,31.383,مركز المنصورة
El-Hawawish,الحواويش,26.592,31.766,مركز أخميم
El-Howa,الحوة,31.467,31.207,مركز بيلا
El-Houta,الحوتة,31.181,31.961,مركز المنزلة
El-Houta,الحوتة,30.871,30.709,مركز إيتاى البارود
El-Houtiya,الحوتية,30.057,31.209,قسم العجوزة
El-Hawd El-Tawil,الحوض الطويل,30.477,31.417,مركز منيا القمح
El-Howta El-Sharqiya,الحوطا الشرقية,27.572,30.859,مركز ديروط
El-Howta El-Gharbiya,الحوطا الغربية,27.579,30.847,مركز ديروط
El-Houma,الحومة,29.344,31.165,مركز الواسطى
El-Huweihi,الحويحي,30.768,30.021,مركز ابوالمطامير
El-Huweishi - El-Lehyan,الحويشى - اللحيان,29.107,33.37,قسم أبو رديس
El-Hayy w El-Mansha,الحى والمنشى,29.62,31.325,مركز الصف
El-Hayy El-Sabe',الحي السابع,30.048,31.326,قسم ثانمدينةنصر
El-Hayy El-Sades,الحي السادس,30.045,31.324,قسم ثانمدينةنصر
El-Hayy El-Asher,الحي العاشر,30.016,31.382,قسم أول مدينة نصر
El-Heiba,الحيبة,28.783,30.922,مركز الفشن
El-Khadimiya,الخادمية,31.18,31.05,مركز كفر الشيخ
El-Khazindar,الخازندار,31.207,31.332,مركز نبروة
El-Khazindara,الخازندارة,30.084,31.255,قسم الساحل
El-Khassa,الخاصة,30.082,31.285,قسم حدائقالقبة
El-Khaldiya,الخ الدية,29.424,30.671,مركز أبشواى
El-Kharanqa,الخرانقة,25.89,32.759,مركز قوص
El-Kharba - Abu Sa'dan,الخربة - أبو سعدان,31.014,32.914,قسم بئر العبد
El-Kharas,الخرس,30.54,31.361,مركز منيا القمح
El-Khartoum,الخرطوم,30.5,30.646,مركز بدر
El-Kharqaniya,الخرقانية,30.172,31.175,مركز القناطر الخيرية
El-Kharman,الخرمان,29.326,31.233,مركز أطفيح
El-Kharnafash,الخرنفش,30.05,31.261,قسم الجمالية
El-Kharrouba,الخروبة,30.934,33.813,قسم الشيخ زويد
El-Khoreiqat,الخريقات,31.209,25.202,قسم السلوم
El-Khazzafeen,الخزافين,31.134,34.213,قسم رفح
El-Khazan,الخزان,30.033,31.273,منشأةناصر
El-Khazindariya,الخزندارية,26.794,31.538,مركز طهطا
El-Khashashna,الخشاشنة,31.075,31.58,مركز دكرنس
El-Khisha,الخشة,30.406,31.343,مركز مشتول السوق
El-Khadariya,الخضارية,30.734,31.546,مركز الأبراهيمية
El-Khadra,الخضرة,31.2,30.069,مركز كفر الدوار
El-Khadra Qelti El-Saghira Sabeqan,الخضرة_قلتي الصغريسابقا,30.366,31.032,مركز الباجور
El-Khodeiri,الخضيرى,31.213,31.761,مركز منية النصر
El-Khodeiri,الخضيري,31.15,30.984,مركز كفر الشيخ
Al-Khattara,الخطارة,30.635,31.802,مركز فاقوس
Al-Khattara,الخطارة,25.923,32.721,مركز نقادة
Al-Khatatba,الخطاطبة,30.376,30.84,مركز السادات
Al-Khotairy,الخطيري,30.059,31.23,قسم بولاق
Al-Khafga,الخفجة,30.075,34.208,قسم نخل
Al-Khilafiya,الخلافية,26.324,31.9,مركز جرجا
Al-Khalala,الخل الة,31.315,31.331,مركز بلقاس
Al-Khalayfa,الخلايفة,31.176,31.97,مركز المنزلة
Al-Khalij,الخليج,31.022,31.493,مركز المنصورة
Al-Khalifa,الخليفة,30.028,31.253,قسم الخليفة
Al-Khalifiya,الخليفيه,31.374,31.773,مركز دمياط
Al-Khaliliya,الخليلية,30.882,30.471,مركز الدلنجات
Al-Khamsa,الخمسة,30.951,31.633,مركز تمى الأمديد
Al-Khanansa,الخنانسة,26.427,31.755,مركز المنشأة
Al-Khanansa Gharb,الخنانسةغرب,26.415,31.737,مركز المنشأة
Al-Khawass,الخواص,30.057,31.267,قسم الجمالية
Al-Khawaled,الخ والد,31.291,30.842,مركز سيدى سالم
Al-Khawaled,الخ والد,30.835,30.734,مركز إيتاى البارود
Al-Khawaled,الخ والد,27.082,31.371,مركز ساحل سليم
Al-Khawaled,الخ والد,26.159,32.03,مركز أبو طشت
Al-Khokha wa al-Qanaya,الخوخة والقناية,30.003,31.229,مصرالقديمة
Al-Khor,الخور,30.254,31.016,مركز أشمون
Al-Khor,الخور,31.271,25.717,قسم سيدى برانى
Al-Khouly,الخولى,26.562,31.694,قسم اول سوهاج
Al-Khiyariya,الخيارية,31.09,31.434,مركز المنصورة
Al-Khiyam wa Jazirat Naqnaq,الخياموجزيرةنقنق,26.205,32.056,مركز دار السلام
Al-Khais,الخيس,30.537,31.591,مركز أبو حماد
Al-Dakhla,الداخلة,31.197,27.807,قسم مرسى مطروح
Al-Dakhli,الداخلي,30.71,30.768,مركز كوم حمادة
Al-Damos,الدامص,31.282,25.963,قسم سيدى برانى
Al-Dawoudiya,الداودية,30.041,31.256,قسم الدرب الأحمر
Al-Dawoudiya,الداوودية,28.151,30.768,مركز المنيا
Al-Da'ira al-Gumrukiya,الدائرة الجمركيه,29.882,32.619,إدارة شرطة ميناء السويس
Al-Da'ira al-Gumrukiya,الدائرة الجمركية,31.18,29.876,اداره شرطه ميناء الأسكندريه
Al-Da'ira al-Gumrukiya,الدائرة الجمركية,31.254,32.301,إدارة شرطة ميناء بورسعيد
Al-Dababya,الدبابية,30.602,31.073,مركز بركة السبع
Al-Dabbous wa Kafr Latif,الدبوسوكفرلطيف,30.917,31.279,مركز أجا
Al-Dakhila,الدخيله,31.124,29.818,قسم الدخيلة
Al-Dirasa,الدراسة,30.047,31.269,قسم الجمالية
Al-Darb,الدرب,26.029,32.249,مركز نجع حمادى
Al-Darb al-Ahmar,الدرب الأحمر,30.041,31.261,قسم الدرب الأحمر
Al-Darb al-Gadid,الدرب الجديد,30.034,31.244,قسم السيدة زينب
Al-Darmaliya,الدرملية,30.944,30.587,مركز إيتاى البارود
Al-Darawteen,الدروتين,31.129,31.346,مركز نبروة
Al-Daqanwa,الدقانوة,31.139,32.004,مركز المنزلة
Al-Dokki,الدقي,30.042,31.208,قسم الدقي
Al-Dikka,الدكة,24.601,32.921,مركز نصر
Al-Dalaton wa Rizqat Shams al-Din,الدلاتونورزقةشمس الدين,30.498,31.035,مركز شبين الكوم
Al-Dalagmon,الدلجمون,30.812,30.832,مركز كفر الزيات
Al-Damayra,الدمايرة,31.27,31.415,مركز بلقاس
Al-Demerdash,الدمرداش,30.073,31.274,قسم الوايلي
Al-Demokrat,الدمقراط,25.574,32.455,مركز أرمنت
Al-Damiyyin,الدميين,30.691,31.762,مركز فاقوس
Al-Danabiq,الدنابيق,31.053,31.454,مركز المنصورة
Al-Danaqla,الدناقلة,26.369,31.772,مركز المنشأة
Al-Danawiya,الدناوية,29.72,31.243,مركز العياط
Al-Dahar,الدهار,27.468,33.593,قسم ثان الغردقة
Al-Dahashna,الدهاشنة,30.472,31.549,مركز بلبيس
Al-Dahayma,الدهايمه,31.391,31.573,مركز كفر سعد
Al-Dahtamoun,الدهتمون,30.688,31.716,مركز أبوكبير
Al-Dahsa,الدهسة,26.043,32.151,مركز فرشوط
"Al-Dawagen 1, 2, 3","الدواجن 1, 2, 3",30.665,30.146,مركز ابوالمطامير
Al-Dawakhliya,الدواخلية,30.975,31.132,مركز المحله الكبرى
Al-Dawalta,الد والطة,29.121,31.069,مركز بنى سويف
Al-Dawawin,الدواوين,30.043,31.239,قسم عابدين
Al-Dawawin,الدواوين,30.803,31.013,قسم أول طنطا
Al-Domen,الدومين,31.334,31.471,مركز بلقاس
Al-Dawiya,الدوية,29.057,31.067,مركز بنى سويف
Al-Duweir,الدوير,26.964,31.337,مركز صدفا
Al-Duweirat,الدويرات,26.426,31.776,مركز المنشأة
Al-Diabat,الديابات,26.588,31.789,مركز أخميم
Al-Diabya,الديابية,29.294,31.205,مركز الواسطى
Al-Diabya,الديابية,25.503,32.505,مركز إسنا
Al-Didamoun,الديدمون,30.738,31.807,مركز فاقوس
Al-Deir,الدير,30.892,31.301,مركز أجا
Al-Deir,الدير,30.339,31.28,مركز طوخ
Al-Deir,الدير,25.346,32.568,مركز إسنا
Al-Deir,الدير,26.049,32.757,مركز قنا
Al-Deir al-Sharqi,الدير الشرقي,26.076,32.749,مركز قنا
Al-Disa,الديسة,31.043,31.676,مركز بنى عبيد
Al-Dismi,الديسمي,29.494,31.277,مركز الصف
Al-Diyoura,الديورة,30.01,31.24,مصرالقديمة
Al-Diyouniya,الديونية,30.654,31.322,مركز ميت غمر
Al-Diraa al-Bahari,الذراع البحرى,30.879,29.362,قسم الحمام
Al-Diraa al-Bahari,الذراع البحري,31.064,29.725,قسم العامرية
Al-Diraa al-Bahari,الذراع البحري,31.027,29.651,قسم برج العرب
Al-Rashda,الراشدة,25.832,28.945,مركز الوحات الداخلة
Al-Raheb,الراهب,30.527,31.032,مركز شبين الكوم
Al-Rahebin,الراهبين,30.983,31.221,مركز سمنود
Al-Raba'iyyin,الرباعيين,30.778,31.594,مركز كفر صقر
Al-Rabadan,الربدان,30.965,30.737,مركز شبراخيت
Al-Rob',الربع,30.959,31.542,مركز تمى الأمديد
Al-Rob' Souq al-Talāt,الربع_سوق التلات,31.563,31.104,مركز البرلس
Al-Rob'maya,الربعماية,30.567,31.382,مركز منيا القمح
Al-Rabi'a,الربيعة,31.087,31.81,مركز دكرنس
Al-Ragabya,الرجابية,30.745,31.156,مركز السنطة
Al-Ragdiya,الرجدية,30.841,31.052,مركز طنطا
Al-Rehab wa al-Mustathmeroun,الرحاب و المستثمرون,30.063,31.505,قسم ثان القاهرة الجديدة
Al-Rahamna,الرحامنة,31.289,31.757,مركز فارسكور
Al-Rahba,الرحبة,28.646,34.057,قسم سانت كاترين
Al-Rahba wa al-Gibali,الرحبة والجبالى,29.083,31.085,قسم بنى سويف
Al-Rahmaniya,الرحمانية,30.641,31.369,مركز ميت غمر
Al-Rahmaniya,الرحمانية,30.652,31.711,مركز أبوكبير
Al-Rahmaniya,الرحمانية,27.618,30.826,مركز دير مواس
Al-Rahmaniya Qibli,الرحمانيةقبلي,26.076,32.292,مركز نجع حمادى
Al-Rakha',الرخاء,28.166,30.574,مركز سمالوط
Al-Ridisia Bahari,الرديسية بحري,24.987,32.902,مركز أدفو
Al-Rizqa,الرزقة,31.056,30.322,مركز ابوحمص
Al-Rizqa,الرزقة,26.117,32.152,مركز أبو طشت
Al-Riziqat,الرزيقات,25.616,32.454,مركز أرمنت
Al-Riziqat al-Qibliya,الرزيقات القبلية,25.585,32.455,مركز أرمنت
Al-Rizimat,الرزيمات,30.948,30.256,مركز حوش عيسى
Al-Rashayda,الرشايدة,26.372,31.787,مركز العسيرات
Al-Rasif,الرصيف,31.414,30.925,مركز الرياض
Al-Rida,الرضا,30.799,30.011,مركز ابوالمطامير
Al-Raghama,الرغامة,31.289,30.948,مركز الرياض
Al-Rafsha,الرفشة,26.105,32.075,مركز أبو طشت
Al-Raqaqna,الرقاقنة,26.344,31.784,مركز جرجا
Al-Raqaba,الرقبة,24.377,32.897,مركز دراو
Al-Raqqa al-Bahariya,الرقة البحرية,29.433,31.21,مركز أطفيح
Al-Raqqa al-Gharbiya,الرقة الغربية,29.431,31.188,مركز العياط
Al-Raqqa al-Qibliya,الرقة القبلية,29.411,31.236,مركز أطفيح
Al-Rikabiya,الركابية,31.414,31.592,مركز كفر سعد
Al-Ramadi Bahari,الرماديبحري,24.879,32.86,مركز أدفو
Al-Ramadi Qibli,الرماديقبلي,24.756,32.918,مركز أدفو
Al-Ramali,الرم الي,30.598,31.145,مركز قويسنا
Al-Ramtha,الرمثة,29.092,33.42,قسم أبو رديس
Al-Ramziya,الرمزية,30.866,31.576,مركز السنبلاوين
Al-Ramla,الرملة,31.277,31.374,مركز بلقاس
Al-Ramla,الرملة,30.434,31.166,مركز بنها
Al-Ramla,الرملة,31.438,25.176,قسم السلوم
Al-Ramla - Wadi al-Bida',الرملة - وادى البدع,29.041,33.236,قسم أبو رديس
Al-Ramli,الرملي,30.054,31.257,قسم الموسكي
Al-Ramliya,الرملية,30.888,31.045,مركز طنطا
Al-Rahawi,الرهاوي,30.199,31.037,مركز إمبابة
Al-Rawateb,الرواتب,26.149,32.077,مركز أبو طشت
Al-Rouby,الروبى,28.331,30.62,مركز سمالوط
Al-Roubyat,الروبيات,29.426,31.006,مركز طامية
Al-Rawda,الرودة,31.215,31.977,مركز المنزلة
Al-Rawda,الروضة,30.911,31.418,مركز السنبلاوين
Al-Rawda,الروضة,31.136,31.414,مركز طلخا
Al-Rawda,الروضة,30.461,31.562,مركز بلبيس
Al-Rawda,الروضة,30.672,31.824,مركز فاقوس
Al-Rawda,الروضة,31.368,30.688,مركز سيدى سالم
Al-Rawda,الروضة,30.667,31.073,مركز بركة السبع
Al-Rawda,الروضة,29.458,30.994,مركز طامية
Al-Rawda,الروضة,28.38,30.684,مركز سمالوط
Al-Rawda,الروضة,28.447,30.689,مركز مطاى
Al-Rawda,الروضة,27.794,30.846,مركز ملوى
Al-Rawda,الروضة,31.053,33.423,قسم بئر العبد
Al-Rawda wa al-Miqyas,الروضة والمقياس,30.012,31.226,مصرالقديمة
Al-Rawqa,الروقة,30.953,30.559,مركز إيتاى البارود
Al-Ruweigat,الرويجات,27.045,31.418,مركز ساحل سليم
Al-Ruweheb,الرويهب,26.487,31.747,مركز المنشأة
Al-Riyah,الرياح,30.474,31.183,قسم بنها
Al-Riyah wa Yatba'ha al-Ballah,الرياحويتبعها البلاح,30.781,32.226,مركز القنطرة
Al-Riyadh,الرياض,31.378,31.706,مركز كفر سعد
Al-Riyadh,الرياض,31.156,31.74,مركز منية النصر
Al-Riyadh,الرياض,30.645,31.392,مركز الزقازيق
Al-Riyadh,الرياض,30.699,31.746,مركز أبوكبير
Al-Riyadh,الرياض,30.65,31.241,مركز زفتى
Al-Riyadh,الرياض,29.218,31.148,مركز ناصر
Al-Riyadh,الرياض,27.521,30.734,مركز ديروط
Al-Riyada,الرياضة,31.214,29.934,قسم سيدى جابر
Al-Rayayna,الرياينة,31.012,30.953,مركز قطور
Al-Rayayna,الرياينة,25.63,32.478,مركز أرمنت
Al-Rayayna al-Mu'allaq,الرياينة المعلق,26.888,31.413,مركز طما
Al-Rayayna bil-Hager,الرياينةب الحاجر,26.722,31.637,مركز ساقلته
Al-Rayayna bil-Katkata,الرياينةب الكتكاتة,26.703,31.649,مركز ساقلته
Al-Rayhani,الريحانى,30.055,31.249,قسم الأزبكية
Al-Raydaniya,الريدانية,31.084,31.459,مركز المنصورة
Al-Rirmoun,الريرمون,27.761,30.858,مركز ملوى
Al-Raysan,الريسان,30.539,33.788,قسم الحسنة
Al-Rayna,الرينة,29.933,32.836,قسم رأس سدر
Al-Ra'isiya,الرئيسية,26.053,32.353,مركز نجع حمادى
Al-Ra'isiya,الرئيسيه,24.906,32.987,مركز أدفو
Al-Zara,الزارة,26.43,31.787,مركز المنشأة
Al-Zawya,الزاوية,27.072,31.215,مركز أسيوط
Al-Zawya al-Hamra,الزاوية الحمراء,30.726,31.778,مركز فاقوس
Al-Zawya al-Hamra al-Balad,الزاوية الحمراء البلد,30.087,31.266,قسم الشرابية
Al-Zawya al-Hamra Masaken,الزاوية الحمراءمساكن,30.095,31.27,قسم الزاويةالحمراء
Al-Zawya al-Khadra,الزاوية الخضراء,28.88,30.895,مركز الفشن
Al-Zawya al-Khadra,الزاوية الخضراء,29.407,30.846,مركز سنورس
Al-Zabou,الزبو,28.477,28.877,قسم الواحاتالبحرية
Al-Zarabi,الزرابي,29.047,31.074,مركز بنى سويف
Al-Zarabi,الزرابي,26.993,31.274,مركز أبوتيج
Al-Zara'ib,الزرائب,26.135,32.136,مركز أبو طشت
Al-Zarzamoun,الزرزمون,30.648,31.618,مركز ههيا
Al-Zuriqi,الزريقي,30.935,31.442,مركز السنبلاوين
Al-Za'atra,الزعاترة,31.194,31.606,مركز الزرقا
Al-Za'faran,الزعفران,30.077,31.292,قسم الوايلي
Al-Za'faran,الزعفران,31.271,31.155,مركز الحامول
Al-Za'farana wa Tashmal al-Adira,الزعفرانةوتشمل الأديرة,29.148,32.622,قسم رأس غارب
Al-Za'farani,الزعفراني,30.702,30.708,مركز كوم حمادة
Al-Zughayrat,الزغيرات,31.469,26.541,قسم مرسى مطروح
Al-Zaqaziq al-Bahariya,الزقازيق البحريه,30.609,31.527,قسم ثان الزقازيق
Al-Zaqaziq al-Qibliya,الزقازيق القبليه,30.598,31.516,قسم ثان الزقازيق
Al-Zammar,الزمار,30.979,31.491,مركز المنصورة
Al-Zanqour,الزنقور,26.274,31.852,مركز جرجا
Al-Zankaloun,الزنكلون,30.577,31.445,مركز الزقازيق
Al-Zahhar,الزهار,30.06,31.242,قسم الأزبكية
Al-Zahayra,الزهايرة,30.916,31.492,مركز السنبلاوين
Al-Zahraa,الزهراء,29.941,31.386,قسم طره
Al-Zahraa,الزهراء,31.239,31.443,مركز بلقاس
Al-Zahraa,الزهراء,30.52,31.547,مركز الزقازيق
Al-Zahraa - Mit Abu Ghalib Sabiqan,الزهراء - ميت ابو غالب سابقا,31.305,31.657,مركز كفر سعد
Al-Zahraa wa Masakin Al-Hilmiya,الزهراءومساكن الحلمية,30.124,31.339,قسم عينشمس
Al-Zuhur,الزهور,31.266,32.266,قسم الزهور
Al-Zahwiyyin,الزهويين,30.267,31.275,مركز شبين القناطر
Al-Zuhayri,الزهيرى,31.032,31.633,مركز بنى عبيد
Al-Zawatna Al-Bahariya,الزواتنة البحرية,26.292,31.9,مركز جرجا
Al-Zawatna Al-Qibliya,الزواتنة القبلية,26.3,31.936,مركز جرجا
Al-Zawamil,الزوامل,30.361,31.431,مركز بلبيس
Al-Zawawa,الزواوعة,30.713,34.033,قسم الشيخ زويد
Al-Zawayda,الزوايدة,25.975,32.764,مركز نقادة
Al-Zawayda,الزوايدة,31.537,26.225,قسم سيدى برانى
Al-Zawra,الزورة,28.611,30.673,مركز مغاغة
Al-Zawk Al-Sharqiya,الزوك الشرقية,26.447,31.752,مركز المنشأة
Al-Zawk Al-Gharbiya,الزوك الغربية,26.44,31.732,مركز المنشأة
Al-Zumrutiya,الزومروتية,30.586,31.315,مركز كفر شكر
Al-Zayyat,الزيات,25.3,30.569,مركز الواحات الخارجة
Al-Zayyat,الزيات,31.143,27.632,قسم مرسى مطروح
Al-Zaytoun,الزيتون,29.175,31.151,مركز ناصر
Al-Zaytoun,الزيتون,31.073,28.111,مركز الضبعة
Al-Zaytoun Al-Bahariya,الزيتون البحرية,30.109,31.318,قسم الزيتون
Al-Zaytoun Al-Sharqiya,الزيتون الشرقية,30.102,31.313,قسم الزيتون
Al-Zaytoun Al-Gharbiya,الزيتون الغربية,30.109,31.309,قسم الزيتون
Al-Zaytoun Al-Qibliya,الزيتون القبلية,30.094,31.303,قسم الزيتون
Al-Zaydiya,الزيدية,30.104,31.14,مركز أوسيم
Al-Zira,الزيرة,27.036,31.259,مركز أبوتيج
Al-Zayni,الزيني,31.039,30.308,مركز ابوحمص
Al-Zayniya Bahari,الزينيةبحري,25.757,32.69,مركز شرطة طيبة
Al-Zayniya Qibli,الزينيةقبلي,25.746,32.677,مركز شرطة طيبة
Al-Saha,الساحة,30.047,31.246,قسم عابدين
Al-Sahel,الساحل,30.091,31.24,قسم الساحل
Al-Sahel,الساحل,30.406,31.111,مركز بنها
Al-Sahel,الساحل,31.323,30.416,مركز رشيد
Al-Sahel Al-Shamali,الساحل الشمالى,30.935,29.475,الساحل الشمالى
Al-Sahel Al-Shamali,الساحل الشمالى,30.921,28.824,قسم مارينا العلمين السياحية
Al-Sahel Al-Bahari_Baloush,الساحل البحري_بلوش,31.591,31.096,مركز البرلس
Al-Sahel Al-Qibli_Al-Wahhabiya,الساحل القبلي_ الوهابية,31.571,31.082,مركز البرلس
Al-Sahel Bahari,الساحل بحري,26.277,31.973,مركز البلينا
Al-Sahel Qibli,الساحلقبلي,26.256,31.982,مركز البلينا
Al-Sadat,السادات,29.722,32.385,قسم عتاقة
Al-Sadat,السادات,31.032,33.054,قسم بئر العبد
Al-Salmiya,الس المية,31.356,31.764,مركز فارسكور
Al-Salmiya,الس المية,31.191,30.604,مركز فوه
Al-Saba'in,السباعين,30.037,31.243,قسم السيدة زينب
Al-Sabtiya,السبتية,30.07,31.231,قسم بولاق
Al-Sabkha,السبخا,30.967,31.375,مركز أجا
Al-Sabkhawiya,السبخاوية,31.306,31.472,مركز بلقاس
Al-Sab' Abar Al-Sharqiya,السبعآبار الشرقية,30.557,32.231,مركز الاسماعيلية
Al-Sab' Abar Al-Gharbiya,السبعآبار الغربية,30.564,32.149,مركز الاسماعيلية
Al-Subu',السبوع,23.876,33.025,مركز أسوان
Al-Subu' - Tahjir,السبوع - تهجير,24.568,33.008,مركز نصر
Al-Subuwiyat,السبويات,30.898,25.058,قسم السلوم
Al-Sabil,السبيل,30.169,31.099,مركز إمبابة
Al-Sabil,السبيل,24.535,32.921,مركز كوم امبو
Al-Sabil,السبيل,31.271,25.514,قسم السلوم
Al-Sabil,السبيل,31.075,33.546,قسم رابع العريش
Al-Stamouni,الستاموني,31.372,31.376,مركز بلقاس
Al-Stayta,الستايتة,31.135,31.87,مركز المنزلة
Al-Stamana,الستمانة,30.818,30.263,مركز حوش عيسى
Al-Sag'iya,السجاعية,30.975,31.068,مركز المحله الكبرى
Al-Sahhala,السح الة,28.004,30.829,مركز ابو قرقاص
Al-Sokhna,السخنة,30.5,30.78,مركز بدر
Al-Sadd,السد,30.266,31.246,مركز قليوب
Al-Sudus,السدس,30.744,31.528,مركز الأبراهيمية
Al-Sarariya,السرارية,28.351,30.777,مركز سمالوط
Al-Sarraqna,السراقنا,27.406,30.788,مركز القوصية
Al-Sarai,السراي,31.266,32.294,قسم المناخ
Al-Sarayat,السرايات,30.066,31.283,قسم الوايلي
Al-Sarayat Al-Sharqiya,السرايات الشرقية,30.061,31.293,قسم ثانمدينةنصر
Al-Sarsi,السرسى,30.882,31.586,مركز السنبلاوين
Al-Sarugiya,السروجية,30.038,31.256,قسم الدرب الأحمر
Al-Sa'adat,السعادات,30.461,31.621,مركز بلبيس
Al-Sa'ada,السعادة,30.553,31.598,مركز الزقازيق
Al-Sa'ada,السعادة,26.83,31.436,مركز طما
Al-Sa'da,السعدة,29.176,30.807,مركز أطسا
Al-Sa'diya,السعدية,31.229,31.555,مركز شربين
Al-Sa'diya,السعدية,30.534,31.701,مركز أبو حماد
Al-Sa'diya,السعدية,28.469,30.753,مركز بنى مزار
Al-Sa'diyyin,السعديين,30.463,31.364,مركز منيا القمح
Al-Sa'raniya,السعرانية,31.144,30.144,قسم كفرالدوار
Al-Sa'udiya,السعودية,30.97,31.6,مركز تمى الأمديد
Al-Sa'udiya,السعودية,29.551,31.224,مركز العياط
Al-Sa'idiya,السعيدية,30.407,31.483,مركز بلبيس
Al-Sa'idiya,السعيدية,29.448,30.783,مركز سنورس
Al-Sa'idiya Al-Bahariya,السعيدية البحرية,31.392,31.667,مركز كفر سعد
Al-Sa'idiya Al-Qibliya,السعيدية القبلية,31.381,31.671,مركز كفر سعد
Al-Safayna,السفاينة,30.389,31.196,مركز طوخ
Al-Saqala,السق الة,27.353,33.661,قسم أول الغردقة
Al-Saqayyin,السقايين,30.04,31.248,قسم عابدين
Al-Saqriya,السقرية,26.435,31.716,مركز المنشأة
Al-Sakadra,السكادرة,31.113,33.931,قسم الشيخ زويد
Al-Sakaska,السكاسكة,31.112,33.828,قسم أول العريش
Al-Sakakra,السكاكرة,30.692,31.633,مركز ههيا
Al-Sakakini,السكاكيني,30.064,31.267,قسم الظاهر
Al-Sikka Al-Jadida wal Tartoushi,السكة الجديدة والطرطوشي,31.19,29.886,قسم اللبان
Al-Sukkariya,السكرية,30.644,31.014,مركز شبين الكوم
Al-Siksaka,السكساكة,26.925,31.457,مركز طما
Al-Salatna,السلاطنة,30.736,31.768,مركز فاقوس
Al-Salam,السلام,31.248,32.286,قسم الضواحى
Al-Salam,السلام,31.22,31.7,مركز الزرقا
Al-Salam,السلام,30.81,31.257,مركز أجا
Al-Salam,السلام,31.074,31.747,مركز دكرنس
Al-Salam,السلام,31.297,31.582,مركز شربين
Al-Salam,السلام,30.364,31.527,مركز بلبيس
Al-Salam,السلام,30.461,30.812,مركز السادات
Al-Salam,السلام,30.725,30.005,مركز ابوالمطامير
Al-Salam,السلام,28.461,30.729,مركز بنى مزار
Al-Salam,السلام,28.288,30.662,مركز سمالوط
Al-Salam,السلام,30.788,29.118,قسم الحمام
Al-Salam,السلام,31.004,32.802,قسم رمانة
Al-Salam - Al-Ghabiya,السلام - الغبية,29.937,34.087,قسم نخل
Al-Salam - Kafr Tanboul Al-Jadid Sabiqan,السلام - كفر طنبول الجديد سابقا,30.853,31.411,مركز السنبلاوين
Al-Salam Al-Jadida? Tashmal Al-Buhayrat Al-Murra?,السلام الجديدة?تشمل البحيرات المرة?,30.631,32.412,قسم القنطرة شرق
Al-Salam Al-Sharqiya,السلام الشرقية,30.172,31.422,قسم السلام
Al-Salam Al-Gharbiya,السلام الغربية,30.175,31.41,قسم السلام
Al-Salamoun,السلامون,30.649,31.665,مركز ههيا
Al-Salamouni,السلاموني,26.613,31.77,مركز أخميم
Al-Salamiya,السلامية,30.89,31.254,مركز أجا
Al-Slayma,السلايمة,31.051,33.825,قسم ثالث العريش
Al-Salkhana,السلخانة,30.775,30.985,قسم ثان طنطا
Al-Sultan Barqouq,السلطانبرقوق,30.051,31.283,منشأةناصر
Al-Sultan Hassan,السلطانحسن,27.952,30.693,مركز ابو قرقاص
Al-Sultani,السلطاني,28.968,30.964,مركز ببا
Al-Silk,السلك,27.985,34.378,قسم شرم الشيخ
Al-Salmani,السلماني,26.221,31.893,مركز البلينا
Al-Salmaniya,السلمانية,30.193,31.292,مركز شبين القناطر
Al-Salmiya Al-Hayit,السلمية الحايط,26.075,32.273,مركز نجع حمادى
Al-Sulaymat,السليمات,26.097,32.101,مركز أبو طشت
Al-Samahiya Al-Kubra,السماحية الكبري,31.25,31.399,مركز بلقاس
Al-Samara,السمارة,30.931,31.634,مركز تمى الأمديد
Al-Samarna,السمارنة,26.629,31.528,مركز المراغة
Al-Sama'na,السماعنة,30.78,31.832,مركز فاقوس
Al-Samaniya,السمانية,26.055,32.407,مركز نجع حمادى
Al-Samta,السمطا,26.203,32.003,مركز البلينا
Al-Samta Bahari,السمطابحري,26.137,32.515,مركز دشنا
Al-Samta Qibli,السمطاقبلي,26.136,32.542,مركز دشنا
Al-Samlawiya,السملاوية,30.717,31.181,مركز زفتى
Al-Sanagra,السناجرة,30.521,31.632,مركز أبو حماد
Al-Sanariya,السنارية,28.463,30.72,مركز بنى مزار
Al-Sanaqra,السناقرة,30.946,29.586,قسم برج العرب
Al-Sananiya,السنانية,31.457,31.791,مركز دمياط
Al-Sunbat,السنباط,29.318,30.779,مركز الفيوم
Al-Sinbillawin,السنبلاوين,27.919,30.806,مركز ابو قرقاص
Al-Sandabisi,السندبيسي,30.059,31.235,قسم بولاق
Al-Sanqari,السنقارى,23.879,33.032,مركز أسوان
Al-Sanqari - Tahjir,السنقارى - تهجير,24.575,33.041,مركز نصر
Al-Sahrij,السهريج,27.351,30.934,مركز منفلوط
Al-Sawahl,السواحل,31.41,31.772,مركز كفر سعد
Al-Sawalm,الس والم,31.282,31.644,مركز كفر سعد
Al-Sawalm,الس والم,27.683,30.811,مركز دير مواس
Al-Sawalm,الس والم,26.786,31.505,مركز طهطا
Al-Sawalm Al-Bahariya,الس والم البحرية,27.294,31.099,مركز أبنوب
Al-Sawahga,السواهجة,27.776,30.762,مركز ملوى
Al-Soubraki,السوبركي,30.819,31.62,مركز كفر صقر
Al-Suwaynat,السوينات,31.415,26.972,قسم مرسى مطروح
Al-Siyala Sharq,السي الةشرق,31.21,29.882,قسم الجمرك
Al-Siyala Gharb,السي الةغرب,31.208,29.881,قسم الجمرك
Al-Sayyida,السيدة,30.031,31.24,قسم السيدة زينب
Al-Sayyida Aisha,السيدة عائشة,30.026,31.257,قسم الخليفة
Al-Sayfa,السيفا,30.309,31.125,مركز طوخ
Al-Siliyin,السيليين,29.404,30.792,مركز سنورس
Al-Siyouf Bahari,السيوف بحرى,31.254,29.98,قسم المنتزة
Al-Siyouf Qibli_Tashmal Ezbet Dirbala,السيوف قبلى_تشمل عزبة درباله,31.24,30.002,قسم المنتزة
Al-Shamiya,الشامية,27.066,31.357,مركز ساحل سليم
Al-Shawriya,الشاورية,26.052,32.325,مركز نجع حمادى
Al-Shabanat,الشبانات,30.579,31.583,مركز الزقازيق
Al-Shabrawin,الشبراوين,30.657,31.565,مركز ههيا
Al-Shaboul,الشبول,31.16,31.985,مركز المنزلة
Al-Shubaykat,الشبيكات,31.204,25.62,قسم سيدى برانى
Al-Shaga'a,الشجاعة,30.535,30.115,قسم غرب النوبارية
Al-Sharabga,الشرابجة,31.074,33.85,قسم ثالث العريش
Al-Sharabiya,الشرابية,30.069,31.258,قسم الشرابية
Al-Sharawna,الشراونة,24.911,32.834,مركز أدفو
Al-Sharayna,الشراينة,28.28,30.707,مركز سمالوط
Al-Shurafa wal Atiyat,الشرفا والعطيات,29.741,31.293,مركز الصف
Al-Sharqaya,الشرقاية,30.801,31.681,مركز كفر صقر
Al-Sharqi Bahgoura,الشرقيبهجورة,26.102,32.212,مركز نجع حمادى
Al-Sharqi Samhoud,الشرقيسمهود,26.185,32.103,مركز أبو طشت
Al-Sharikat,الشركات,30.077,31.318,قسم أول مدينة نصر
Al-Sharika,الشركة,31.3,31.432,مركز بلقاس
Al-Sharika 17,الشركة 17,25.657,31.011,مركز الواحات الخارجة
Al-Sharika 53,الشركة 53,25.781,30.859,مركز الواحات الخارجة
Al-Sharika 55,الشركة 55,25.519,30.603,مركز الواحات الخارجة
Al-Sharika 8,الشركة 8,25.369,31.159,مركز الواحات الخارجة
Al-Sharnabiya,الشرنبيه,31.023,28.361,مركز الضبعة
Al-Sharif,الشريف,26.551,31.693,قسم اول سوهاج
Al-Sharifiya,الشريفية,31.173,31.963,مركز المنزلة
Al-Shutout,الشطوط,31.459,31.237,مركز بيلا
Al-Sha'ala,الشع الة,30.844,31.426,مركز السنبلاوين
Al-Sha'aniya,الشعانية,26.095,32.33,مركز نجع حمادى
Al-Sha'rani,الشعراني,30.053,31.26,قسم الجمالية
Al-Sha'rani,الشعراني,25.901,32.745,مركز قوص
Al-Sha'rawiya,الشعراوية,28.273,30.716,مركز سمالوط
Al-Sha'ira,الشعيرة,30.845,30.716,مركز إيتاى البارود
Al-Shaghaniya,الشغانية,30.442,31.515,مركز بلبيس
Al-Shaghab,الشغب,25.528,32.492,مركز إسنا
El-Shaghabah,الشغبة,27.148,31.253,مركز أسيوط
El-Shaqqah,الشقة,31.141,30.813,مركز قلين
El-Shaqr,الشقر,30.518,31.279,مركز كفر شكر
El-Shaqr,الشقر,28.81,30.888,مركز الفشن
El-Shuqayfi,الشقيفي,26.097,32.149,مركز أبو طشت
El-Shallaq,الشلاق,31.067,33.895,قسم الشيخ زويد
El-Shamarqah,الشمارقة,31.134,31.037,مركز كفر الشيخ
El-Shamasimah,الشماسمة,31.335,30.457,مركز رشيد
El-Shamashirji,الشماشرجي,30.067,31.249,قسم شبرا
El-Shamammah,الشمامة,30.82,29.227,قسم الحمام
El-Shambaki,الشمبكي,30.058,31.254,قسم باب الشعرية
El-Shamarliyouz Zawiyat El-A'raj,الشمرليوزاوية الأعرج,31.202,29.885,قسم الجمرك
El-Shamout,الشموت,30.434,31.212,مركز بنها
El-Shinawi,الشناوي,31.2,31.461,مركز شربين
El-Shanayinah,الشناينة,26.926,31.371,مركز صدفا
El-Shanbab,الشنباب,29.821,31.241,مركز البدرشين
El-Shantour,الشنطور,28.966,30.854,مركز سمسطا
El-Shahabiyah,الشهابية,31.544,31.287,مركز البرلس
El-Shahadah,الشهاده,25.213,32.688,مركز أدفو
El-Shuhadaa,الشهداء,26.364,31.788,مركز العسيرات
El-Shuhadaa,الشهداء,31.012,32.572,قسم رمانة
El-Shahid As'ad Khayr,الشهيد اسعد خير,30.82,30.194,مركز ابوالمطامير
El-Shahid Rizq Darwish,الشهيد رزق درويش,30.765,30.095,مركز ابوالمطامير
El-Shahid Fikri - Abjoul,الشهيد فكرى - أبجول,30.686,31.081,مركز بركة السبع
El-Shahid Fouad Oweis,الشهيد فؤاد عويس,30.637,30.116,مركز ابوالمطامير
El-Shahid Mohamed Sabah,الشهيد محمد صباح,30.801,29.975,مركز ابوالمطامير
El-Shahid Mohamed Abdel Mawla,الشهيد محمد عبدالمولى,30.683,30.09,مركز ابوالمطامير
El-Shahid Mohamed Farag,الشهيد محمد فرج,30.83,30.156,مركز ابوالمطامير
El-Shahid Gawad Husni,الشهيدجوادحسني,31.019,30.312,مركز ابوحمص
El-Shahid Abdel Moneim Riyad,الشهيدعبد المنعمرياض,26.714,31.415,مركز جهينة الغربية
El-Shahidi,الشهيدي,31.141,31.084,مركز المحله الكبرى
El-Shawadfi El-Laqani,الشوادفى اللقانى,31.116,30.933,قسم كفر الشيخ
El-Shawashnah,الشواشنة,29.373,30.614,مركز يوسف الصديق
El-Shawami,الشوامي,31.268,31.345,مركز بلقاس
El-Shawawlah,الشواولة,26.414,31.753,مركز المنشأة
El-Shoubak,الشوبك,30.313,31.344,مركز شبين القناطر
El-Shoubak,الشوبك,29.06,30.959,مركز أهناسيا
El-Shoubak El-Sharqi,الشوبك الشرقي,29.756,31.295,مركز الصف
El-Shoubak El-Gharbi,الشوبك الغربي,29.754,31.261,مركز البدرشين
El-Shouhat,الشوحط,30.988,32.581,قسم رمانة
El-Shoukah,الشوكة,31.003,30.429,مركز دمنهور
El-Shoukah,الشوكة,26.9,31.453,مركز طما
El-Shouliyah,الشولية,30.38,31.478,مركز بلبيس
El-Shoun,الشون,31.162,30.773,مركز دسوق
El-Shiyakha El-Oula,الشياخة الاولى,29.975,30.964,قسم أول 6 أكتوبر
El-Shiyakha El-Oula,الشياخة الأولى,29.872,31.381,قسم 15 مايو
El-Shiyakha El-Tasi'ah,الشياخة التاسعة,29.978,30.937,قسم أول 6 أكتوبر
El-Shiyakha El-Thalithah,الشياخة الثالثة,29.966,30.946,قسم أول 6 أكتوبر
El-Shiyakha El-Thalithah wa Tashmal El-Mugawarat min 2 ila 52,الشياخة الثالثة و تشمل المجاورات من 2 إلى 52,29.814,31.391,قسم 15 مايو
El-Shiyakha El-Thaminah,الشياخة الثامنة,29.983,30.944,قسم أول 6 أكتوبر
El-Shiyakha El-Thaniyah,الشياخة الثانية,29.972,30.954,قسم أول 6 أكتوبر
El-Shiyakha El-Thaniyah Ashar,الشياخة الثانية عشر,29.962,30.911,قسم ثان 6 أكتوبر
El-Shiyakha El-Thaniyah wa Tashmal El-Mugawarat min 7 ila 21,الشياخة الثانية و تشمل المجاورات من 7 إلى 21,29.811,31.358,قسم 15 مايو
El-Shiyakha El-Hadiyah Ashar,الشياخة الحادية عشر,29.967,30.919,قسم ثان 6 أكتوبر
El-Shiyakha El-Khamisah,الشياخة الخامسة,29.955,30.93,قسم ثان 6 أكتوبر
El-Shiyakha El-Rabi'ah,الشياخة الرابعة,29.961,30.938,قسم ثان 6 أكتوبر
El-Shiyakha El-Sabi'ah,الشياخة السابعة,29.989,30.952,قسم أول 6 أكتوبر
El-Shiyakha El-Sadisah,الشياخة السادسة,29.949,30.924,قسم ثان 6 أكتوبر
El-Shiyakha El-Ashirah,الشياخة العاشرة,29.972,30.929,قسم ثان 6 أكتوبر
El-Sheikh,الشيخ,30.381,30.001,قسم غرب النوبارية
El-Sheikh Zayed - El-Madkhal Sabiqan,الشيخ زايد - المدخل سابقا,30.993,32.547,قسم رمانة
El-Sheikh Otman,الشيخ عتمان,26.958,31.431,مركز البدارى
El-Sheikh Mohamed Metwally El-Shaarawi,الشيخ محمد متولي الشعراوي,30.725,30.041,مركز ابوالمطامير
El-Sheikh Meftah,الشيخ مفتاح,25.758,29.134,مركز الوحات الداخلة
El-Sheikh Nada,الشيخ ندا,30.054,31.255,قسم الموسكي
El-Sheikh Wali,الشيخ والى,25.804,28.973,مركز الوحات الداخلة
El-Sheikh El-Shazli,الشيخ الشاذلي,24.755,35.061,قسم مرسى علم
El-Sheikh Barakah,الشيخ بركة,26.22,31.947,مركز البلينا
El-Sheikh Tami,الشيختمي,27.875,30.843,مركز ابو قرقاص
El-Sheikh Gibeil,الشيخجبيل,30.612,31.682,مركز أبو حماد
El-Sheikh Hassan,الشيخ حسن,28.391,30.803,مركز مطاى
El-Sheikh Hassan Allam,الشيخحسنعلام,28.898,30.897,مركز ببا
El-Sheikh Hussein,الشيخ حسين,27.707,30.834,مركز ملوى
El-Sheikh Dawoud,الشيخ داود,27.436,30.832,مركز القوصية
El-Sheikh Rahoumah,الشيخرحومة,26.803,31.417,مركز طهطا
El-Sheikh Ziyad,الشيخ زياد,28.627,30.823,مركز مغاغة
El-Sheikh Zein El-Din,الشيخزين الدين,26.795,31.504,مركز طهطا
El-Sheikh Shabl,الشيخشبل,26.702,31.562,مركز المراغة
El-Sheikh Shabikah,الشيخشبيكة,27.715,30.723,مركز ملوى
El-Sheikh Abadah,الشيخعبادة,27.825,30.847,مركز ملوى
El-Sheikh Abdalla,الشيخعبد اللا,28.272,30.692,مركز سمالوط
El-Sheikh Abdullah,الشيخ عبدالله,30.043,31.243,قسم عابدين
El-Sheikh Otman,الشيخ عتمان,29.921,31.269,قسم الحوامدية
El-Sheikh Atta,الشيخعطا,28.469,30.803,مركز بنى مزار
El-Sheikh Atiyah,الشيخ عطية,29.321,34.485,قسم نويبع
El-Sheikh Ali,الشيخ علي,30.054,31.234,قسم بولاق
El-Sheikh Ammar,الشيخعمار,26.878,31.479,مركز طما
El-Sheikh Awwad,الشيخعواد,28.833,33.844,قسم سانت كاترين
El-Sheikh Ounallah,الشيخعون الله,27.409,30.841,مركز القوصية
El-Sheikh Eissa,الشيخعيسي,26.186,32.65,مركز قنا
El-Sheikh Farag,الشيخ فراج,30.06,31.236,قسم بولاق
El-Sheikh Fadl,الشيخفضل,28.484,30.859,مركز بنى مزار
El-Sheikh Mubarak,الشيخ مبارك,31.578,31.119,مركز البرلس
El-Sheikh Mohsen,الشيخمحسن,28.829,33.92,قسم سانت كاترين
El-Sheikh Marzouq,الشيخ مرزوق,26.25,31.906,مركز البلينا
El-Sheikh Masoud,الشيخ مسعود,28.646,30.681,مركز العدوة
El-Sheikh Masoud,الشيخ مسعود,26.788,31.444,مركز طهطا
El-Sheikh Makram,الشيخ مكرم,26.594,31.7,مركز سوهاج
El-Sheikh Youssef,الشيخ يوسف,26.636,31.629,مركز المراغة
El-Sheikhiyah,الشيخية,25.974,32.809,مركز قفط
El-Shin,الشين,31.008,30.877,مركز قطور
El-Sabourah,الصابورة,31.189,29.888,قسم اللبان
El-Safiyah wa Mit El-Hamid,الصافيةوميت الحميد,31.075,30.739,مركز دسوق
El-Salhat,الص الحات,31.227,30.814,مركز سيدى سالم
El-Salhiyah,الص الحية,30.749,32.013,مركز فاقوس
El-Salhiyah,الص الحية,30.303,31.114,مركز طوخ
El-Salhiyah,الص الحية,29.453,31.238,مركز أطفيح
El-Salhiyah,الص الحية,29.377,31.022,مركز الفيوم
El-Salhiyah,الص الحية,26.147,32.75,مركز قنا
El-Salhiyah 3 El-Abtal,الصالحية 3 الأبطال,30.868,32.135,مركز الحسينية
El-Salhiyah 7 El-Ahrar,الصالحية 7 الأحرار,30.858,32.11,مركز الحسينية
El-Salhiyah El-Basatin,الصالحية البساتين,30.817,32.158,مركز الحسينية
El-Saniyah,الصانية,30.805,31.508,مركز ديرب نجم
El-Sabah,الصباح,30.223,31.2,مركز قليوب
El-Sabha,الصبحة,27.463,30.772,مركز القوصية
El-Sabhiyah wa Ezbet Sharaks wa Ezbet Raafat,الصبحيةوعزبةشركسوعزبةرأفت,31.186,29.928,قسم محرم بك
El-Sabriyat,الصبريات,26.123,32.433,مركز دشنا
El-Sabriyah,الصبرية,31.216,31.582,مركز شربين
El-Sahafah,الصحافة,30.341,31.402,مركز مشتول السوق
El-Sakhrah,الصخرة,31.03,30.339,مركز ابوحمص
El-Siddiq El-Gadid,الصديق الجديد,30.682,30.237,مركز ابوالمطامير
El-Sa'aydah,الصعايدة,25.09,32.811,مركز أدفو
El-Sa'aydah,الصعايدة,25.755,32.707,مركز شرطة طيبة
El-Sa'aydah El-Qibliyah,الصعايدة القبلية,29.444,30.658,مركز يوسف الصديق
El-Sa'id,الصعيد,30.006,31.328,قسم الخليفة
El-Safa,الصفا,30.967,31.576,مركز تمى الأمديد
El-Safa,الصفا,30.663,31.378,مركز الزقازيق
El-Safa,الصفا,30.382,31.148,مركز طوخ
El-Safa,الصفا,30.71,30.08,مركز ابوالمطامير
El-Safasif,الصفاصيف,31.015,30.372,مركز دمنهور
El-Safraa,الصفراء,25.793,29.124,مركز الوحات الداخلة
El-Safihah,الصفيحة,26.794,31.408,مركز طهطا
El-Saffayn,الصفين,30.604,31.279,مركز كفر شكر
El-Salahat,الصلاحات,30.998,31.657,مركز بنى عبيد
El-Sal'a,الصلعا,26.496,31.726,مركز سوهاج
El-Salibah,الصليبة,30.03,31.252,قسم الخليفة
El-Sanafayn El-Bahariyah,الصنافين البحرية,30.469,31.303,مركز منيا القمح
El-Sanafayn El-Qibliyah,الصنافين القبلية,30.457,31.289,مركز منيا القمح
El-Sahw,الصهو,29.037,33.402,قسم أبو رديس
El-Sawabi,الصوابي,30.059,31.264,قسم باب الشعرية
El-Sawwaf,الصواف,30.692,30.774,مركز كوم حمادة
El-Sawalih,الص والح,30.673,31.785,مركز فاقوس
El-Sawalih,الص والح,26.791,31.426,مركز طهطا
El-Sawam'ah Sharq,الصوامعة شرق,26.653,31.722,مركز أخميم
El-Sawam'ah Gharb,الصوامعة غرب,26.736,31.538,مركز طهطا
El-Sawah,الصوة,30.542,31.615,مركز أبو حماد
El-Sourah,الصورة,30.809,31.713,مركز كفر صقر
El-Souri,الصوري,31.192,29.902,قسم العطارين
El-Soufiyah,الصوفية,30.894,31.809,مركز أولاد صقر
El-Suwayni,الصويني,30.81,31.524,مركز ديرب نجم
El-Sayyad,الصياد,26.061,32.306,مركز نجع حمادى
El-Sayyadin,الصيادين,31.203,29.878,قسم الجمرك
El-Sayyadin,الصيادين,30.598,31.497,قسم ثان الزقازيق
El-Dhahiriyah,الضاهرية,30.545,31.776,مركز التل الكبير
El-Dababshah,الضبابشة,30.693,31.177,مركز زفتى
El-Daba'nah,الضباعنة,29.019,31.03,مركز ببا
El-Daba'ah,الضبعة,31.288,30.914,مركز الرياض
El-Daba'iyah,الضبعية,30.516,32.247,مركز الاسماعيلية
El-Daba'iyah,الضبعية,25.675,32.59,مركز الأقصر
El-Dhahrah,الضهرة,31.354,31.772,مركز فارسكور
El-Dhahriyah,الضهرية,31.223,31.618,مركز شربين
El-Dhahriyah,الضهرية,30.854,30.775,مركز إيتاى البارود
El-Dhahir,الضهير,31.196,31.989,مركز المطرية
El-Dawahiriyah,الضواهرية,30.903,31.959,مركز الحسينية
El-Tarif,الطارف,31.403,26.015,قسم سيدى برانى
El-Talbiyah,الط البية,30.757,30.879,مركز كفر الزيات
El-Talbiyah El-Qibliyah,الطالبية القبلية,29.996,31.181,قسم العمرانية
El-Tahirah,الطاهرة,30.572,31.563,مركز الزقازيق
El-Tayrah,الطايرة,31.109,34.281,قسم رفح
El-Tayfah,الطايفة,31.111,30.984,مركز كفر الشيخ
El-Tahawiyah,الطحاوية,30.44,31.644,مركز بلبيس
El-Tarabiyah,الطرابية,31.141,30.89,مركز كفر الشيخ
El-Taradiyah,الطرادية,30.755,31.594,مركز الأبراهيمية
El-Taranah,الطرانة,30.436,30.833,مركز السادات
El-Tarabiyah,الطربية,30.836,28.251,مركز الضبعة
El-Tarh,الطرح,31.26,30.106,مركز كفر الدوار
El-Tarhah,الطرحة,31.352,31.746,مركز فارسكور
El-Tarfayah,الطرفاية,29.828,31.277,مركز البدرشين
El-Tarfayah,الطرفاية,31.559,25.781,قسم سيدى برانى
El-Tarfah,الطرفة,28.548,34.088,قسم سانت كاترين
El-Tulayhat,الطليحات,26.742,31.455,مركز جهينة الغربية
El-Tammar,الطمار,30.056,31.256,قسم الموسكي
El-Tawabiyah,الطوابية,27.227,31.126,مركز الفتح
El-Tawabiyah,الطوابية,26.144,32.573,مركز قنا
El-Tawayel El-Sharqiyah,الطوايل الشرقية,26.654,31.666,مركز ساقلته
El-Tawayel El-Gharbiyah,الطوايل الغربية,26.649,31.656,مركز ساقلته
El-Toud,الطود,30.809,30.63,مركز كوم حمادة
El-Toud,الطود,25.602,32.549,مركز الأقصر
El-Tounab,الطوناب,24.876,32.887,مركز أدفو
El-Tuwayrat,الطويرات,26.113,32.737,مركز قنا
El-Tuwaysah,الطويسة,24.384,32.919,مركز دراو
El-Tawil,الطويل,31.133,33.778,قسم أول العريش
El-Tawilah,الطويلة,31.114,31.419,مركز طلخا
El-Tawilah,الطويلة,30.644,31.735,مركز فاقوس
El-Taybah,الطيبة,30.676,31.444,مركز الزقازيق
El-Taybah,الطيبة,28.278,30.626,مركز سمالوط
El-Taybah,الطيبة,31.125,31.325,مركز نبروة
El-Tayriyah,الطيرية,30.632,30.779,مركز كوم حمادة
El-Dhafariyah,الظافريه,25.993,32.823,مركز قفط
El-Dhahir,الظاهر,30.063,31.256,قسم الظاهر
El-Zaheriya wa Ezbet El-Safih,الظاهريةوعزبة الصفيح,31.231,29.963,قسم ثان الرمل
El-Zaheer,الظهير,30.979,33.961,قسم الشيخ زويد
El-Aareen,العارين,30.753,31.756,مركز فاقوس
El-Aat,العاط,28.001,34.424,قسم شرم الشيخ
El-Aaqsa wa Bakos,العاقصةوباكوس,31.239,29.968,قسم ثان الرمل
El-Aaqoula,العاقولة,31.245,30.912,مركز الرياض
El-Aaly,الع الي,31.158,30.196,مركز كفر الدوار
El-Aamra,العامرة,31.11,31.868,مركز المنزلة
El-Aamra,العامرة,30.492,30.985,مركز منوف
El-Aamry,العامرى,26.912,31.352,مركز الغنايم
El-Aamriya,العامرية,30.99,31.092,مركز المحله الكبرى
El-Aamriya,العامرية,29.528,31.218,مركز العياط
El-Aamriya El-Sharqiya,العامرية الشرقية,31.285,30.505,مركز رشيد
El-Aamriya El-Gharbiya,العامرية الغربية,31.284,30.484,مركز رشيد
El-Aamriya Sharq,العامرية شرق,31.009,29.816,قسم العامرية
El-Aamriya Gharb,العامرية غرب,31.017,29.79,قسم العامرية
El-Aamriya,العامريه,30.293,31.113,مركز القناطر الخيرية
El-Aamoud,العامود,31.184,29.892,قسم مينا البصل
El-Aaysha,العايشة,30.745,31.184,مركز زفتى
El-Abadla,العبادلة,30.365,31.158,مركز طوخ
El-Abbasy,العباسى,30.586,32.244,قسم أول الاسماعيلية
El-Abbasiya,العباسية,30.504,31.759,مركز أبو حماد
El-Abbasiya,العباسية,31.33,30.97,مركز الرياض
El-Abbasiya,العباسية,24.432,32.971,مركز كوم امبو
El-Abbasiya El-Bahariya,العباسية البحرية,30.073,31.283,قسم الوايلي
El-Abbasiya El-Gedida,العباسية الجديدة,28.584,30.801,مركز مغاغة
El-Abbasiya El-Sharqiya,العباسية الشرقية,30.064,31.275,قسم الوايلي
El-Abbasiya El-Gharbiya,العباسية الغربية,30.071,31.281,قسم الوايلي
El-Abbasiya El-Qibliya,العباسية القبلية,30.068,31.278,قسم الوايلي
El-Abbasiya,العباسيه,31.381,31.647,مركز كفر سعد
El-Abd,العبد,30.014,31.339,قسم الخليفة
El-Absy,العبسي,30.421,31.497,مركز بلبيس
El-Obaidiya,العبيدية,31.344,31.722,مركز فارسكور
El-Atamna,العتامنة,27.299,30.902,مركز منفلوط
El-Atamna,العتامنة,26.847,31.483,مركز طما
El-Atamna w El-Mazaraa,العتامنة والمزارعة,29.27,30.729,مركز أطسا
El-Atriss,العتريس,30.031,31.244,قسم السيدة زينب
El-Othmaniya,العتمانية,31.102,31.222,مركز المحله الكبرى
El-Othmaniya,العتمانية,26.885,31.505,مركز البدارى
El-Atmour,العتمور,24.525,32.981,مركز كوم امبو
El-Atwa El-Bahariya,العتوة البحرية,31.024,30.928,مركز قطور
El-Atwa El-Qibliya,العتوة القبلية,31.011,30.929,مركز قطور
El-Agayza w Manshaat Abdel Rahman Salem,العجايزةومنشأةعبد الرحمنس الم,30.515,31.091,مركز قويسنا
El-Agamy El-Qibliya - Om Zaghiw,العجمى القبليه - ام زغيو,31.08,29.805,قسم العامرية
El-Agamy El-Bahariya,العجمي البحرية,31.1,29.761,قسم الدخيلة
El-Agamyin,العجميين,29.336,30.721,مركز أبشواى
El-Agouz,العجوز,28.503,29.129,قسم الواحاتالبحرية
El-Agouza,العجوزة,30.052,31.215,قسم العجوزة
El-Agouzin,العجوزين,31.181,30.761,مركز دسوق
El-Adar,العدر,27.238,31.09,مركز أسيوط
El-Adl,العدل,30.613,30.19,مركز ابوالمطامير
El-Adliya,العدلية,31.396,31.78,مركز دمياط
El-Adliya,العدلية,30.361,31.57,مركز بلبيس
El-Adwa,العدوة,30.627,31.578,مركز ههيا
El-Adwa,العدوة,29.338,30.933,مركز الفيوم
El-Adawy,العدوي,30.06,31.26,قسم باب الشعرية
El-Adawiya,العدوية,30.058,31.236,قسم بولاق
El-Edayat,العديسات,25.58,32.503,مركز الأقصر
El-Edayat El-Qibliya,العديسات القبلية,25.567,32.513,مركز الأقصر
El-Araba El-Sharqiya,العرابه الشرقيه,26.585,31.62,مركز سوهاج
El-Iraqi,العراقي,30.509,31.721,مركز أبو حماد
El-Iraqiya,العراقية,30.543,30.9,مركز الشهداء
El-Arayishiya El-Gedida,العرايشيه الجديدة,30.599,32.271,قسم ثان الاسماعيلية
El-Arab,العرب,27.445,33.63,قسم ثان الغردقة
El-Arabaniyat,العربانيات,30.899,29.498,قسم برج العرب
El-Arqoub,العرقوب,31.053,30.048,مركز كفر الدوار
El-Arky,العركي,26.017,32.167,مركز فرشوط
El-Orouba,العروبة,30.754,30.368,مركز الدلنجات
El-Aryan,العريان,31.198,31.972,مركز المنزلة
El-Aarid,العريض,31.234,31.319,مركز بلقاس
El-Arayqib,العريقيب,31.247,25.307,قسم السلوم
El-Arein Bahary,العرينبحري,27.793,30.746,مركز ملوى
El-Arein Qibly,العرينقبلي,27.768,30.743,مركز ملوى
El-Azazma,العزازمه,31.307,31.749,مركز فارسكور
El-Azazna,العزازنة,31.12,31.567,مركز دكرنس
El-Azazy,العزازي,30.736,31.969,مركز فاقوس
El-Azaziya,العزازية,30.77,31.677,مركز أبوكبير
El-Azawy,العزاوى,30.841,31.484,مركز السنبلاوين
El-Azayza,العزايزة,26.922,31.339,مركز الغنايم
El-Azab,العزب,30.087,31.26,قسم الشرابية
El-Azab,العزب,30.123,31.295,قسم المطرية
El-Azab,العزب,31.256,32.289,قسم العرب
El-Azab,العزب,29.256,30.84,مركز الفيوم
El-Azab,العزب,26.176,32.522,مركز دشنا
El-Ezba,العزبة,30.558,32.632,قسم القنطرة شرق
El-Ezba,العزبة,27.229,30.983,مركز منفلوط
El-Ezba El-Hamra,العزبة الحمراء,30.691,30.62,مركز الدلنجات
El-Ezba El-Mostagedda,العزبة المستجدة,26.857,31.451,مركز طما
El-Ezba w El-Arab,العزبة و العرب,26.573,31.715,مركز أخميم
El-Aziza,العزيزة,31.187,31.943,مركز المنزلة
El-Aziziya,العزيزية,30.504,31.295,مركز منيا القمح
El-Aziziya,العزيزية,30.859,31.208,مركز سمنود
El-Aziziya,العزيزية,29.873,31.25,مركز البدرشين
El-Aziziya,العزيزية,29.419,31.045,مركز طامية
El-Aziziya w Alam El-Haras,العزيزيةوعلم الحرس,30.922,25.776,قسم سيدى برانى
El-Azima,العزيمة,30.682,30.041,مركز ابوالمطامير
El-Azima,العزيمة,30.658,30.62,مركز بدر
El-Azima,العزيمة,28.255,30.558,مركز سمالوط
El-Asakra,العساكرة,28.916,30.91,مركز سمسطا
El-Asakra,العساكرة,26.299,31.947,مركز البلينا
El-Asalta,العس التة,30.514,31.029,مركز شبين الكوم
El-Asaliya,العسلية,26.067,32.786,مركز قنا
El-Oseirat,العسيرات,26.07,32.18,مركز فرشوط
El-Ashmawy,العشماوي,30.049,31.249,قسم الموسكي
El-Ashy,العشي,25.759,32.721,مركز شرطة طيبة
El-Asara El-Gedida,العصاره الجديدة,30.137,31.363,قسم السلام
El-Asafra,العصافرة,31.158,32.028,مركز المطرية
El-Asayid,العصايد,30.779,31.512,مركز ديرب نجم
El-Asla,العصلة,28.797,34.619,قسم دهب
El-Aslougy,العصلوجي,30.553,31.515,مركز الزقازيق
El-Adayma,العضايمة,25.234,32.599,مركز إسنا
El-Attar,العطار,30.071,31.25,قسم شبرا
El-Attara,العطارة,30.233,31.305,مركز شبين القناطر
El-Attarin Sharq,العطارين شرق,31.195,29.901,قسم العطارين
El-Attarin Gharb,العطارين غرب,31.193,29.899,قسم العطارين
El-Atf,العطف,30.424,31.093,مركز الباجور
El-Atf,العطف,31.205,30.513,مركز المحمودية
El-Atf,العطف,29.661,31.278,مركز العياط
El-Atouf,العطوف,30.052,31.267,قسم الجمالية
El-Atwy,العطوي,31.339,31.782,مركز فارسكور
El-Atiyat,العطيات,26.176,32.501,مركز دشنا
El-Atiyat El-Qibliya,العطيات القبلية,27.185,31.239,مركز الفتح
El-Afadra,العفادرة,27.038,31.357,مركز ساحل سليم
El-Aqariya,العقارية,26.257,32.017,مركز دار السلام
El-Aqal Bahary,العق البحري,26.982,31.416,مركز البدارى
El-Aqal Qibly,العق القبلي,26.948,31.456,مركز البدارى
El-Aqab,العقب,25.815,32.79,مركز قوص
El-Oqda,العقدة,30.59,31.397,مركز منيا القمح
El-Aqliya,العقلية,28.647,30.73,مركز العدوة
El-Akresha,العكريشة,31.162,30.125,قسم كفرالدوار
El-Akkour,العكور,31.039,34.114,قسم الشيخ زويد
El-Ola,العلا,28.29,30.559,مركز سمالوط
El-Alaqma,العلاقمة,30.624,31.655,مركز ههيا
El-Alaqy,العلاقى,23.869,33.041,مركز أسوان
El-Alaqy - Tahgeer,العلاقي - تهجير,24.637,32.952,مركز نصر
El-Alamiya,العلامية,31.157,31.132,مركز بيلا
El-Alamiya,العلامية,30.879,30.502,مركز الدلنجات
El-Alawiya,العلوية,30.579,31.604,مركز الزقازيق
El-Alawiya,العلوية,29.386,30.66,مركز أبشواى
El-Oleyqat,العليقات,25.933,32.832,مركز قوص
El-Eleimy,العليمى,30.057,31.234,قسم بولاق
El-Ammar El-Koubry,العمار الكبري,30.34,31.127,مركز طوخ
El-Amara,العمارة,30.532,31.636,مركز أبو حماد
El-Amarna,العمارنة,31.14,31.976,مركز المنزلة
El-Ammariya,العمارية,27.618,30.875,مركز دير مواس
El-Ammariya El-Sharqiya,العمارية الشرقية,27.611,30.869,مركز دير مواس
El-Amayda,العمايدة,26.43,31.741,مركز المنشأة
El-Amma,العمة,31.008,30.965,مركز قطور
El-Omdan,العمدان,31.221,30.887,مركز الرياض
El-Omda Nagm El-Din El-Zafer,العمدة نجم الدين الظافر,31.554,26.143,قسم سيدى برانى
El-Omraniya El-Sharqiya,العمرانية الشرقية,30.003,31.207,قسم العمرانية
El-Omraniya El-Gharbiya,العمرانية الغربية,29.998,31.198,قسم العمرانية
El-Omrawy,العمراوي,31.275,30.027,قسم المنتزة
El-Omra,العمرة,26.145,32.0,مركز أبو طشت
El-Omry,العمري,30.041,31.253,قسم الدرب الأحمر
El-Omry,العمري,30.783,30.983,قسم ثان طنطا
El-Omriya,العمرية,30.96,30.434,مركز دمنهور
El-Amour,العمور,26.633,31.543,مركز المراغة
El-Amid,العميد,30.837,29.291,قسم الحمام
El-Amid w Kafr Ali El-Sayed,العميدوكفرعلي السيد,30.911,31.555,مركز تمى الأمديد
El-Ananiya,العنانية,31.376,31.828,مركز دمياط
El-Anbariya,العنبرية,26.522,31.805,مركز المنشأة
El-Awasga,العواسجة,30.62,31.6,مركز ههيا
El-Awamer,العوامر,30.808,30.658,مركز إيتاى البارود
El-Awamer,العوامر,27.305,31.174,مركز أبنوب
El-Awamer El-Gharbiya,العوامر الغربية,26.106,32.056,مركز أبو طشت
El-Awamer Bahary,العوامربحري,26.316,31.84,مركز جرجا
El-Awamer Qibly,العوامرقبلي,26.309,31.85,مركز جرجا
El-Awamer w Beni Barza,العوامروبنيبرزة,26.182,32.079,مركز أبو طشت
El-Awamiya,العوامية,26.678,31.649,مركز ساقلته
El-Awawna,العواونة,29.118,30.953,مركز أهناسيا
El-Awayisa,العوايسة,28.296,30.727,مركز سمالوط
El-Awga,العوجا,30.972,30.544,مركز دمنهور
El-Awadiya,العوضية,31.211,31.617,مركز شربين
El-Oufy,العوفي,29.237,30.698,مركز أطسا
El-Awakliya,العوكلية,26.182,31.964,مركز البلينا
El-Ouna,العونة,27.09,31.353,مركز ساحل سليم
El-Oweidat,العويضات,25.986,32.8,مركز قفط
El-Oweina,العوينة,25.722,28.131,مركز الوحات الداخلة
El-Ayadiya,العيادية,31.233,31.523,مركز شربين
El-Ayyash,العياش,31.46,31.299,مركز البرلس
El-Ayayisha,العيايشة,25.827,32.78,مركز قوص
El-Eisawiya Sharq,العيساويةشرق,26.564,31.805,مركز أخميم
El-Eisawiya,العيسوية,29.975,31.241,قسم البساتين
El-Eisawiya,العيسوية,31.26,30.793,مركز سيدى سالم
El-Ein,العين,25.851,29.05,مركز الوحات الداخلة
El-Einy,العيني,30.028,31.235,قسم السيدة زينب
El-Ouyoun,العيون,30.842,30.618,مركز إيتاى البارود
El-Ghabat,الغابات,26.177,31.952,مركز البلينا
El-Ghaba,الغابة,30.731,31.74,مركز أبوكبير
El-Ghaba,الغابة,31.134,30.25,مركز ابوحمص
El-Ghaba,الغابة,29.246,30.747,مركز أطسا
El-Ghar,الغار,30.557,31.548,مركز الزقازيق
El-Gharaqa,الغراقة,30.882,31.337,مركز أجا
El-Gharbawy,الغرباوي,28.351,30.648,مركز سمالوط
El-Gharbi b El-Salamiya,الغربيب السلامية,26.052,32.271,مركز نجع حمادى
El-Gharbi Bahgoura,الغربيبهجورة,26.031,32.208,مركز نجع حمادى
El-Gharbi Qamoula,الغربيقمولا,25.806,32.712,مركز الأقصر
El-Gharbiya,الغربية,28.175,28.525,قسم الواحاتالبحرية
El-Garaq,الغرق,29.164,30.684,مركز أطسا
Al-Gharaq Qibli,الغرققبلي,29.124,30.697,مركز أطسا
Al-Gharaqan,الغرقان,28.296,34.377,قسم شرم الشيخ
Al-Gharqada,الغرقدة,30.342,33.639,قسم الحسنة
Al-Gharib,الغريب,30.668,31.263,مركز زفتى
Al-Gharib,الغريب,27.139,31.318,مركز ساحل سليم
Al-Gharira,الغريرة,25.522,32.47,مركز إسنا
Al-Ghariri,الغريري,30.215,31.312,مركز شبين القناطر
Al-Ghurayzat,الغريزات,26.616,31.515,مركز المراغة
Al-Ghazali,الغز الي,30.818,31.844,مركز فاقوس
Al-Ghazawiya,الغزاوية,30.371,31.192,مركز طوخ
Al-Ghafariya,الغفارية,30.361,31.405,مركز مشتول السوق
Al-Ghamrawi,الغمراوى,29.085,31.081,قسم بنى سويف
Al-Ghannamiya,الغنامية,30.213,31.004,مركز أشمون
Al-Ghunaymi,الغنيمي,31.132,30.775,مركز قلين
Al-Ghunaymiya,الغنيمية,31.307,31.734,مركز فارسكور
Al-Ghunaymiya,الغنيمية,26.169,31.974,مركز البلينا
Al-Ghawabin,الغوابين,31.337,31.763,مركز فارسكور
Al-Ghouri,الغوري,30.628,31.054,مركز بركة السبع
Al-Ghouriya,الغورية,30.045,31.262,قسم الدرب الأحمر
Al-Ghawsa,الغوصة,26.187,32.575,مركز قنا
Al-Gheita,الغيتة,30.914,30.078,مركز ابوالمطامير
Al-Fakhri,الفاخرى,31.528,26.074,قسم سيدى برانى
Al-Falouja,الف الوجا,30.61,30.511,مركز بدر
Al-Fath,الفتح,30.87,31.538,مركز السنبلاوين
Al-Fath Al-Gadida,الفتح الجديده,30.962,31.554,مركز تمى الأمديد
Al-Futouh,الفتوح,31.256,30.602,مركز فوه
Al-Faggala,الفج الة,30.064,31.25,قسم الأزبكية
Al-Faddadna,الفدادنة,30.729,31.763,مركز فاقوس
Al-Farasiya,الفراسية,26.726,31.615,مركز ساقلته
Al-Fardan,الفردان,30.723,32.303,مركز القنطرة
Al-Fardan Al-Gadida,الفردان الجديدة,30.566,32.133,مركز الاسماعيلية
Al-Firdaws wa Al-Kawthar,الفردوس و الكوثر,30.075,31.623,قسم ثان القاهرة الجديدة
Al-Farastaq,الفرستق,30.919,30.79,مركز بسيون
Al-Fara'ouniya,الفرعونية,30.339,31.053,مركز أشمون
Al-Furusat,الفروسات,31.116,31.901,مركز المنزلة
Al-Fuqa'i,الفقاعي,28.885,30.92,مركز ببا
Al-Fuqa'i,الفقاعي,27.992,30.721,مركز ابو قرقاص
Al-Fuqaha' Al-Bahariya,الفقهاء البحرية,31.363,30.662,مركز سيدى سالم
Al-Fuqaha' Al-Qibliya,الفقهاء القبلية,31.315,30.692,مركز سيدى سالم
Al-Fant,الفنت,28.759,30.883,مركز الفشن
Al-Fant Al-Gharbiya,الفنت الغربية,28.789,30.866,مركز الفشن
Al-Fahmiya,الفهمية,29.454,31.069,مركز طامية
Al-Fahmiyin,الفهميين,29.6,31.304,مركز الصف
Al-Fawaqsa,الفواقسة,30.629,31.627,مركز ههيا
Al-Fawwala,الف والة,30.05,31.246,قسم عابدين
Al-Fima,الفيما,27.212,31.245,مركز الفتح
Al-Qabuti,القابوطي,31.244,32.282,قسم الضواحى
Al-Qadiriya,القادرية,30.022,31.258,قسم الخليفة
Al-Qara,القارة,26.088,32.078,مركز أبو طشت
Al-Qara - Al-Gara,القارة - الجارة,30.884,25.233,قسم السلوم
Al-Qasimiya,القاسمية,29.208,30.721,مركز أطسا
Al-Qahir,القاهر,30.74,30.127,مركز ابوالمطامير
Al-Qayat,القايات,28.656,30.701,مركز العدوة
Al-Qabab Al-Sughra,القباب الصغري,31.098,31.571,مركز دكرنس
Al-Qabab Al-Kubra,القباب الكبري,31.1,31.535,مركز دكرنس
Al-Qababat,القبابات,29.472,31.258,مركز أطفيح
Al-Qabari Sharq,القباري شرق,31.176,29.882,قسم مينا البصل
Al-Qabari Gharb,القباري غرب,31.173,29.891,قسم مينا البصل
Al-Qabala,القب الة,28.446,29.153,قسم الواحاتالبحرية
Al-Qubba,القبة,30.089,31.289,قسم حدائقالقبة
Al-Qubba,القبة,30.579,31.338,مركز منيا القمح
Al-Qibli Samhoud,القبليسمهود,26.138,32.066,مركز أبو طشت
Al-Qibli Qamoula,القبليقمولا,25.784,32.697,مركز الأقصر
Al-Qubayba,القبيبة,26.059,32.19,مركز فرشوط
Al-Qubaysi,القبيسي,30.066,31.26,قسم الظاهر
Al-Qubaysat,القبيصات,26.753,31.472,مركز طهطا
Al-Qabila,القبيلة,30.057,31.249,قسم الأزبكية
Al-Qaratiya,القراطية,31.01,31.114,مركز المحله الكبرى
Al-Qaraqra,القراقرة,30.541,31.42,مركز منيا القمح
Al-Qaramita Sharq,القرامطةشرق,26.65,31.68,مركز ساقلته
Al-Qaramita Gharb,القرامطةغرب,26.626,31.665,مركز سوهاج
Al-Qaramous,القراموص,30.675,31.692,مركز أبوكبير
Al-Qaraya,القرايا,25.284,32.541,مركز إسنا
Al-Qarayin,القرايين,30.807,31.621,مركز كفر صقر
Al-Qarbiya,القربية,30.042,31.257,قسم الدرب الأحمر
Al-Qardahi,القرداحي,31.239,30.04,قسم المنتزة
Al-Qarshiya,القرشية,30.85,31.118,مركز السنطة
Al-Qarda,القرضا,31.061,30.956,مركز كفر الشيخ
Al-Qur'an,القرعان,26.297,31.856,مركز جرجا
Al-Qurna,القرنة,25.742,32.64,قسم الأقصر
Al-Qarnayn,القرنين,30.909,30.278,مركز حوش عيسى
Al-Qarawi,القروي,31.082,30.355,مركز ابوحمص
Al-Qura Al-Siyahiya,القرى السياحية,27.264,33.798,قسم أول الغردقة
Al-Qura Al-Siyahiya - Ni'ma,القرى السياحية - نعمه,28.032,34.27,قسم شرم الشيخ
Al-Qarya Al-Siyahiya - August,القرية السياحية - أوجست,28.7,34.6,قسم دهب
Al-Qarya bi Al-Duwayr,القريةب الدوير,26.842,31.36,مركز طما
Al-Quray'a,القريعة,30.647,33.885,قسم الشيخ زويد
Al-Quraynin,القرينين,30.42,31.084,مركز الباجور
Al-Qazaqza,القزاقزة,31.137,32.026,مركز المنزلة
Al-Qasima,القسيمة,30.34,34.503,قسم القسيمة
Al-Qashish,القشيش,30.235,31.293,مركز شبين القناطر
Al-Qassasin Al-Gadida,القصاصين الجديدة,30.549,31.979,مركز التل الكبير
Al-Qassasin Al-Qadima,القصاصين القديمة,30.53,31.897,مركز التل الكبير
Al-Qasaba,القصبة,28.951,30.857,مركز سمسطا
Al-Qasr,القصر,31.188,30.473,مركز المحمودية
Al-Qasr,القصر,28.432,28.745,قسم الواحاتالبحرية
Al-Qasr,القصر,27.224,31.22,مركز الفتح
Al-Qasr,القصر,26.091,32.31,مركز نجع حمادى
Al-Qasr,القصر,25.896,28.903,مركز الوحات الداخلة
Al-Qasr,القصر,31.359,27.068,قسم مرسى مطروح
Al-Qasriya,القصرية,31.012,31.204,مركز المحله الكبرى
Al-Qas'a - Bahari Sikkah Hadid Abu Qir,القصعى - بحرى سكه حديد ابو قير,31.242,29.975,قسم أول الرمل
Al-Qas'i Qibli,القصعيقبلي,31.243,29.981,قسم أول الرمل
Al-Qada,القضا,25.866,29.34,مركز الوحات الداخلة
Al-Qadaba,القضابة,30.952,30.778,مركز بسيون
Al-Qadabi,القضابي,31.272,30.674,مركز سيدى سالم
Al-Qadabi,القضابي,28.796,30.889,مركز الفشن
Al-Qudat,القضاة,30.83,31.729,مركز كفر صقر
Al-Qata,القطا,30.218,30.965,مركز إمبابة
Al-Qattara,القطارة,30.532,28.506,قسم الحمام
Al-Qattara,القطارة,31.508,25.112,قسم السلوم
Al-Qattamiya,القطاميه,29.978,31.405,قسم ثالث القاهرة الجديدة
Al-Qatawiya,القطاوية,30.546,31.659,مركز أبو حماد
Al-Qatayi',القطايع,30.743,31.485,مركز ديرب نجم
Al-Qatrani,القطراني,31.515,26.123,قسم سيدى برانى
Al-Qatsha,القطشة,31.132,32.044,مركز المنزلة
Al-Qutna,القطنة,26.861,31.345,مركز طما
Al-Qattouri,القطوري,29.47,31.205,مركز العياط
Al-Qatousha,القطوشة,28.351,30.666,مركز سمالوط
Al-Qalawat,القلاوات,30.764,30.638,مركز كوم حمادة
Al-Qalaya,القلاية,30.056,31.237,قسم بولاق
Al-Qalg,القلج,30.175,31.361,مركز الخانكة
Al-Qulzum,القلزم,30.375,31.303,مركز شبين القناطر
Al-Qalshi,القلشي,30.654,30.977,مركز تلا
Al-Qal'a,القلعة,26.02,32.825,مركز قفط
Al-Qal'iya,القلعية,26.102,32.167,مركز أبو طشت
Al-Qallali,القللي,30.062,31.242,قسم الأزبكية
Al-Qalamoun,القلمون,25.832,28.92,مركز الوحات الداخلة
Al-Qalamina,القلمينة,26.103,32.439,مركز الوقف
Al-Qulay'a,القليعة,28.87,30.804,مركز الفشن
Al-Qalyoubiya,القليوبية,31.114,31.57,مركز دكرنس
Al-Qamadira,القمادير,28.222,30.645,مركز سمالوط
Al-Qamana,القمانة,26.009,32.249,مركز نجع حمادى
Al-Qanatirin,القناطرين,30.326,31.035,مركز أشمون
Al-Qanan,القنان,30.887,31.557,مركز السنبلاوين
Al-Qanan,القنان,31.275,31.307,مركز بلقاس
Al-Qanan,القنان,25.133,32.74,مركز أدفو
Al-Qanawiya,القناوية,26.185,32.613,مركز قنا
Al-Qanawiya Al-Bahariya,القناوية البحرية,26.039,32.293,مركز نجع حمادى
Al-Qani,القني,31.315,30.561,مركز مطوبس
Al-Qahwaqiya,القهوقية,31.053,30.581,مركز الرحمانية
Al-Qawasim,القواسم,31.132,27.796,قسم مرسى مطروح
Al-Qouta,القوطا,27.244,31.228,مركز الفتح
Al-Qoumisiyoun Sharq,القومسيونشرق,31.285,30.596,مركز مطوبس
Al-Qoumisiyoun Gharb,القومسيونغرب,31.279,30.581,مركز مطوبس
Al-Qirattiyin,القيراطيين,30.164,31.141,مركز أوسيم
Al-Qays,القيس,28.467,30.772,مركز بنى مزار
Al-Qaytoun,القيطون,30.606,31.319,مركز ميت غمر
Al-Kagoug,الكاجوج,24.662,32.942,مركز كوم امبو
Al-Kara wa Al-Toubagiya wa Kafr Al-Ghatis,الكارة والطوبجيةوكفر الغاطس,31.182,29.897,قسم كرموز
Al-Kashif,الكاشف,31.06,33.852,قسم ثالث العريش
Al-Kashif Al-Gadida,الكاشف الجديدة,31.228,31.754,مركز الزرقا
Al-Kabsh,الكبش,30.029,31.246,قسم السيدة زينب
Al-Kabsh,الكبش,26.549,31.701,قسم ثان سوهاج
Al-Kattamiya,الكتامية,30.364,31.049,مركز الباجور
Al-Katiba,الكتيبة,30.431,31.609,مركز بلبيس
Al-Kadaya,الكداية,29.448,31.261,مركز أطفيح
Al-Karatiya,الكراتية,25.96,32.782,مركز قوص
Al-Karama,الكرامة,30.86,31.375,مركز أجا
Al-Karama,الكرامة,31.012,32.694,قسم رمانة
Al-Karama,الكرامه,25.03,32.921,مركز أدفو
Al-Kardoud,الكردود,30.869,30.253,مركز حوش عيسى
Al-Kurdi,الكردي,30.061,31.268,قسم الجمالية
Al-Kurdi,الكردي,31.093,30.815,مركز قلين
Al-Karsa,الكرسة,30.759,30.941,مركز طنطا
Al-Karam,الكرم,27.958,30.856,مركز ابو قرقاص
Al-Karma,الكرما,30.676,31.134,مركز السنطة
Al-Kurama',الكرماء,31.059,31.602,مركز دكرنس
Al-Kurama' Al-Gadida,الكرماء الجديدة,31.089,31.671,مركز دكرنس
Al-Karnak,الكرنك,26.072,32.101,مركز أبو طشت
Al-Karnak,الكرنك,25.713,32.66,قسم الأقصر
Al-Karnak Al-Gadida,الكرنك الجديد,25.721,32.672,قسم الأقصر
Al-Karimat,الكريمات,29.299,31.228,مركز أطفيح
Al-Karioun,الكريون,31.128,30.182,مركز كفر الدوار
Al-Kashh,الكشح,26.235,32.08,مركز دار السلام
Al-Ka'abi Al-Gadida,الكعابي الجديدة,29.388,30.882,مركز سنورس
Al-Ka'abi Al-Qadima,الكعابي القديمة,29.364,30.873,مركز سنورس
Al-Kifah,الكفاح,30.773,30.17,مركز ابوالمطامير
Al-Kifah,الكفاح,30.63,30.427,مركز بدر
Al-Kifah,الكفاح,26.913,28.121,مركز الفرافرة
Al-Kafr Al-Bahari,الكفر البحري,31.063,30.884,مركز قلين
Al-Kafr Al-Gadida,الكفر الجديد,31.256,31.805,مركز ميت سلسيل
Al-Kafr Al-Gadida,الكفر الجديد,31.197,30.84,مركز كفر الشيخ
Al-Kafr Al-Gadida,الكفر الجديد,31.063,30.652,مركز الرحمانية
Al-Kafr Al-Sharqi,الكفر الشرقي,31.281,31.088,مركز الحامول
Al-Kafr Al-Qadim,الكفر القديم,30.461,31.583,مركز بلبيس
Al-Kafra Al-Sharqiya,الكفرة الشرقية,30.781,30.995,قسم ثان طنطا
Al-Kufour wa Sa'i Al-Bahr,الكفوروساعي البحر,30.011,31.23,مصرالقديمة
Al-Kalabat,الكلابات,27.197,31.252,مركز الفتح
Al-Kalabiya,الكلابية,25.252,32.614,مركز إسنا
Al-Kalahin,الكلاحين,26.042,32.789,مركز قنا
Al-Kalahin,الكلاحين,25.963,32.832,مركز قفط
Al-Kalalsa,الكل السة,25.871,32.794,مركز قوص
Al-Kalh Sharq,الكلحشرق,25.071,32.864,مركز أدفو
Al-Kalh Gharb,الكلحغرب,25.047,32.842,مركز أدفو
Al-Kamal,الكم ال,30.954,31.511,مركز تمى الأمديد
Al-Kamal,الكم ال,28.137,30.584,مركز المنيا
Al-Kamaliya,الكم الية,30.896,31.164,مركز المحله الكبرى
Al-Kamayisha,الكمايشة,30.715,30.884,مركز تلا
Al-Kanayis,الكنايس,31.184,30.216,مركز كفر الدوار
El-Kantala,الكنتلا,29.985,34.619,قسم نخل
El-Kanisa,الكنيسة,29.982,31.181,قسم العمرانية
El-Kanisa,الكنيسة,28.757,30.792,مركز الفشن
El-Kawadi,الكوادي,30.22,31.018,مركز أشمون
El-Kawamel Bahari,الكواملبحري,26.474,31.702,مركز سوهاج
El-Kawamel Qibli,الكواملقبلي,26.448,31.705,مركز المنشأة
El-Koubania,الكوبانية,24.244,32.86,مركز أسوان
El-Kourdi,الكوردي,26.94,31.436,مركز صدفا
El-Koula,الكولة,26.522,31.822,مركز أخميم
El-Koum,الكوم,31.291,30.457,مركز رشيد
El-Koum El-Ahmar,الكوم الأحمر,30.29,31.269,مركز شبين القناطر
El-Koum El-Ahmar,الكوم الأحمر,30.46,30.983,مركز منوف
El-Koum El-Ahmar,الكوم الأحمر,30.114,31.173,مركز أوسيم
El-Koum El-Ahmar,الكوم الأحمر,29.103,31.081,مركز بنى سويف
El-Koum El-Ahmar,الكوم الأحمر,27.017,31.418,مركز البدارى
El-Koum El-Ahmar,الكوم الأحمر,26.07,32.141,مركز فرشوط
El-Koum El-Akhdar,الكوم الأخضر,30.601,31.013,مركز شبين الكوم
El-Koum El-Akhdar,الكوم الأخضر,30.946,30.301,مركز حوش عيسى
El-Koum El-Akhdar,الكوم الأخضر,29.986,31.163,قسم العمرانية
El-Koum El-Akhdar,الكوم الأخضر,28.669,30.826,مركز مغاغة
El-Koum El-Asfar,الكوم الأصفر,26.762,31.437,مركز طهطا
El-Koum El-Tawil,الكوم الطويل,31.22,31.09,مركز بيلا
El-Koumi,الكومي,29.452,31.028,مركز طامية
El-Kilo 21,الكيلو 21,30.976,34.305,قسم رفح
El-Kilo 45,الكيلو 45,28.869,33.189,قسم أبو رديس
El-Kilo 64,الكيلو 64,30.227,32.964,قسم الحسنة
El-Kilo 9,الكيلو 9,28.999,33.203,قسم أبو رديس
El-Lahoun,اللاهون,29.263,30.971,مركز الفيوم
El-Lisht,اللشت,29.589,31.228,مركز العياط
El-Lehibi,اللهيبى,29.702,31.246,مركز العياط
El-Liwaa Amin El-Sherif,اللواء أمين الشريف,30.049,31.251,قسم الموسكي
El-Liwaa Sabih,اللواء صبيح,26.974,27.709,مركز الفرافرة
El-Louqa,اللوقا,27.092,31.332,مركز ساحل سليم
El-Lowaya,اللوية,31.176,30.591,مركز المحمودية
El-Leqta,الليقطة,25.992,32.853,مركز قفط
El-Maza,الماظة,30.089,31.341,قسم مصرالجديدة
El-Malha,الم الحة,30.985,31.517,مركز المنصورة
El-Malaki,الم الكى,23.871,33.033,مركز أسوان
El-Malaki - Tahjir,المالكى - تهجير,24.571,33.02,مركز نصر
El-May,الماي,30.542,30.976,مركز شبين الكوم
El-Mabyada,المبيضة,30.079,31.241,قسم روضالفرج
El-Matania,المتانية,29.573,31.254,مركز العياط
El-Metras,المتراس,31.155,29.873,قسم مينا البصل
El-Matouh,المتوه,30.955,31.464,مركز السنبلاوين
El-Masani,المثانى,31.383,26.598,قسم مرسى مطروح
El-Mosallas,المثلث,31.281,30.937,مركز الرياض
El-Magabra,المجابرة,26.287,31.877,مركز جرجا
El-Magazer,المجازر,30.425,31.31,مركز منيا القمح
El-Magawrin,المجاورين,30.039,31.27,منشأةناصر
El-Magd,المجد,31.085,30.658,مركز الرحمانية
El-Magd,المجد,30.532,30.628,مركز بدر
El-Mogaffaf,المجفف,30.7,31.497,مركز ديرب نجم
El-Mogayreh,المجيرح,28.754,34.437,قسم دهب
El-Mahager,المحاجر,30.041,31.287,منشأةناصر
El-Maharza,المحارزة,26.182,32.122,مركز أبو طشت
El-Mahasna,المحاسنة,26.28,31.839,مركز جرجا
El-Mahamda,المحامدة,26.504,31.697,مركز سوهاج
El-Mahamda El-Bahariya,المحامده البحريه,26.549,31.679,مركز سوهاج
El-Mahamid,المحاميد,25.563,32.449,مركز أرمنت
El-Mahamid El-Qibliya,المحاميد القبلية,25.548,32.46,مركز أرمنت
El-Mahgar,المحجر,30.034,31.259,قسم الخليفة
El-Mahras,المحرص,27.84,30.79,مركز ملوى
El-Mahraqa,المحرقة,24.597,32.945,مركز نصر
El-Mahrousa,المحروسة,31.233,29.974,قسم ثان الرمل
El-Mahrousa,المحروسه,26.013,32.761,مركز قنا
El-Mahsama El-Gedida,المحسمة الجديدة,30.549,32.095,مركز الاسماعيلية
El-Mahsama El-Qadima,المحسمة القديمة,30.549,32.043,مركز التل الكبير
El-Mahalawi,المحلاوى,31.22,31.848,مركز الجمالية
El-Mohammadi,المحمدي,30.075,31.278,قسم الوايلي
El-Mohammadia,المحمدية,30.557,31.314,مركز منيا القمح
El-Mohammadia,المحمديه,31.361,31.636,مركز كفر سعد
El-Mahmoudia,المحمودية,31.074,31.714,مركز دكرنس
El-Mahmoudia,المحمودية,30.667,31.522,مركز ههيا
El-Mahmoudia,المحمودية,28.895,30.831,مركز سمسطا
El-Mahmoudia,المحمودية,29.126,30.619,مركز أطسا
El-Mahmoudia,المحمودية,27.547,30.8,مركز ديروط
El-Makhadma,المخادمة,26.192,32.626,مركز قنا
El-Makhayid,المخايض,30.976,30.457,مركز دمنهور
El-Makhzan,المخزن,30.943,31.464,مركز السنبلاوين
El-Makhzan,المخزن,25.917,32.81,مركز قوص
El-Madamoud,المدامود,25.725,32.703,مركز شرطة طيبة
El-Modammar,المدمر,26.834,31.451,مركز طما
El-Madawwar,المدور,27.373,30.9,مركز منفلوط
El-Marab'in,المرابعين,31.171,31.003,مركز كفر الشيخ
El-Maraziq,المرازيق,29.811,31.254,مركز البدرشين
El-Marashda,المراشدة,26.092,32.473,مركز الوقف
El-Maraqi,المراقي,29.233,25.688,مركز سيوة
El-Marawna,المراونة,27.019,31.373,مركز البدارى
El-Marg El-Bahariya,المرج البحرية,30.159,31.342,قسم المرج
El-Marg El-Qibliya,المرج القبلية,30.149,31.331,قسم المرج
El-Markha,المرخاة,28.02,34.338,قسم شرم الشيخ
El-Marsa,المرساة,31.072,31.572,مركز دكرنس
El-Marghani,المرغني,31.191,29.904,قسم العطارين
El-Marmah Bahari,المرماح بحرى,29.099,31.093,قسم بنى سويف
El-Marmah Qibli,المرماح قبلى,29.097,31.103,قسم بنى سويف
El-Marwa,المروه,25.026,32.927,مركز أدفو
El-Marij,المريج,30.277,31.331,مركز شبين القناطر
El-Marih,المريح,30.958,32.717,قسم رمانة
El-Maris,المريس,25.655,32.57,مركز أرمنت
El-Mazar,المزار,31.205,29.884,قسم الجمرك
El-Mazalwa,المز الوة,26.536,31.671,مركز سوهاج
El-Mosa'ada,المساعدة,30.546,31.398,مركز منيا القمح
El-Masa'id,المساعيد,26.351,31.798,مركز العسيرات
El-Masaken El-Eqtesadiya,المساكن الاقتصادية,29.851,31.321,قسم حلوان
El-Masanda,المساندة,29.64,31.272,مركز العياط
El-Masawiya,المساوية,25.256,32.566,مركز إسنا
El-Masbat,المسبط,28.857,34.542,قسم دهب
El-Mostasmerin,المستثمرين,30.617,30.3,مركز ابوالمطامير
El-Mas'oudi,المسعودي,27.018,31.296,مركز أبوتيج
El-Masalla Sharq,المسلةشرق,31.202,29.904,قسم العطارين
El-Masalla Gharb wa Sherif Pasha,المسلةغربوشريفباشا,31.199,29.899,قسم العطارين
El-Mosallami,المسلمي,30.607,31.642,مركز ههيا
El-Mosallamiya,المسلمية,30.619,31.559,مركز الزقازيق
El-Masid,المسيد,30.51,31.674,مركز أبو حماد
El-Masid,المسيد,28.729,30.727,مركز العدوة
El-Masid,المسيد,25.898,32.789,مركز قوص
El-Masid El-Abyad,المسيد الأبيض,29.075,30.987,مركز أهناسيا
El-Masin,المسين,30.919,30.516,مركز الدلنجات
El-Masha'la,المشاعلة,30.802,31.734,مركز أبوكبير
El-Mashawda,المشاودة,26.277,31.902,مركز جرجا
El-Mashay'a Qibli,المشايعةقبلي,26.918,31.305,مركز الغنايم
El-Mashay'a Bahari,المشايعه بحرى,26.923,31.321,مركز الغنايم
El-Mashraba,المشربة,28.662,34.527,قسم دهب
El-Moshrek Qibli,المشركقبلي,29.384,30.561,مركز يوسف الصديق
El-Mashhad El-Husseini,المشهد الحسيني,30.049,31.265,قسم الجمالية
El-Mosalaha,المص الحة,26.063,32.283,مركز نجع حمادى
El-Masloub,المصلوب,29.333,31.184,مركز الواسطى
El-Masna',المصنع,30.377,29.764,قسم غرب النوبارية
El-Mosayleha,المصيلحة,30.549,31.032,مركز شبين الكوم
El-Madiq,المضيق,24.655,32.949,مركز نصر
El-Matar - El-Faranja,المطار - الفرنجة,28.814,34.024,قسم سانت كاترين
El-Matahara El-Bahariya,المطاهرة البحرية,28.039,30.823,مركز المنيا
El-Matahara El-Qibliya,المطاهرة القبلية,27.987,30.845,مركز ابو قرقاص
El-Mataw'a,المطاوعة,30.669,31.623,مركز ههيا
El-Mataw'a,المطاوعة,27.595,30.838,مركز ديروط
El-Matariya El-Bahariya,المطرية البحرية,30.119,31.311,قسم المطرية
El-Matariya El-Gharbiya,المطرية الغربية,30.122,31.306,قسم المطرية
El-Matariya El-Qibliya,المطرية القبلية,30.116,31.311,قسم المطرية
El-Motalla,المطلة,31.2,34.164,قسم رفح
El-Matmar,المطمر,27.108,31.327,مركز ساحل سليم
El-Moti'a,المطيعة,27.131,31.284,مركز أسيوط
El-Mazatli,المظاطلي,29.517,31.005,مركز طامية
El-Ma'abda El-Sharqiya,المعابدة الشرقية,27.337,31.011,مركز أبنوب
El-Ma'abda El-Gharbiya,المعابدة الغربية,27.332,31.0,مركز أبنوب
El-Ma'ali,المع الي,30.517,31.419,مركز منيا القمح
El-Mo'tamadiya,المعتمدية,31.033,31.075,مركز المحله الكبرى
El-Mo'tamadiya,المعتمدية,30.055,31.176,مركز كرداسة
El-Ma'dasa,المعدسة,30.037,31.276,منشأةناصر
El-Ma'diya,المعدية,31.286,30.243,مركز إدكو
El-Ma'raka,المعركة,30.683,30.496,مركز بدر
El-Ma'arri,المعري,25.882,32.777,مركز قوص
El-Ma'sara,المعصرة,31.217,31.294,مركز بلقاس
El-Ma'sara,المعصرة,27.207,31.221,مركز الفتح
El-Ma'sara,المعصرة,25.782,29.019,مركز الوحات الداخلة
El-Ma'sara El-Balad,المعصرة البلد,29.909,31.292,قسم حلوان
El-Ma'sara El-Mahatta,المعصرة المحطة,29.908,31.302,قسم حلوان
El-Ma'sara Bahari,المعصرة بحري,27.708,30.852,مركز ملوى
El-Ma'sara wa Kofourha,المعصرةوكفورها,30.658,31.296,مركز ميت غمر
El-Ma'alla,المعلة,25.471,32.525,مركز إسنا
El-Ma'moura,المعمورة,31.293,30.047,قسم المنتزة
El-Ma'in,المعين,29.038,33.307,قسم أبو رديس
El-Maghara,المغارة,30.423,33.374,قسم الحسنة
El-Maghawri,المغاوري,31.202,29.883,قسم الجمرك
El-Magharbelin,المغربلين,30.041,31.259,قسم الدرب الأحمر
El-Maghra,المغرة,30.31,28.828,قسم الحمام
El-Maghfar,المغفر,30.28,34.22,قسم القسيمة
El-Mafareq,المفارق,30.193,33.403,قسم الحسنة
El-Mofregiya,المفرجية,25.838,32.77,مركز قوص
El-Mafrouza Sharq,المفروزةشرق,31.17,29.885,قسم مينا البصل
El-Mafrouza Gharb,المفروزةغرب,31.165,29.885,قسم مينا البصل
El-Moqatla,المقاتلة,29.399,30.982,مركز طامية
El-Maqarin,المقارين,25.972,32.791,مركز قوص
El-Maqate',المقاطع,30.475,31.074,مركز الباجور
El-Maqata'a,المقاطعة,30.895,31.566,مركز السنبلاوين
El-Maqata'a,المقاطعة,31.006,34.06,قسم الشيخ زويد
El-Maqatfiya,المقاطفية,29.558,31.27,مركز العياط
El-Maqtala,المقتلة,31.564,25.867,قسم سيدى برانى
El-Maqrani,المقراني,29.268,30.64,مركز يوسف الصديق
El-Maqrabiya,المقربية,25.93,32.791,مركز قوص
El-Maqadba,المقضبه,30.561,34.056,قسم القسيمة
El-Maks,المكس,31.137,29.839,قسم الدخيلة
El-Maks El-Qibli,المكس القبلي,22.956,30.555,مركز باريس
El-Malla,الملا,31.127,26.043,قسم سيدى برانى
El-Mallahiya,الملاحية,29.021,31.043,مركز ببا
El-Mallahiya El-Bahariya,الملاحية البحرية,28.999,31.035,مركز ببا
El-Malga',الملجأ,30.795,30.994,قسم ثان طنطا
El-Molhaqat,الملحقات,31.137,30.953,قسم كفر الشيخ
El-Malqa wa Wadi El-Arba'in,الملقاةووادي الأربعين,28.752,33.846,قسم سانت كاترين
El-Malqa,الملقة,31.315,30.5,مركز رشيد
El-Malqa,الملقة,31.089,30.18,مركز كفر الدوار
El-Malakiyin El-Bahariya,الملكيين البحرية,30.843,31.917,مركز الحسينية
El-Malakiyin El-Qibliya,الملكيين القبلية,30.795,31.948,مركز الحسينية
El-Monagat El-Soghra,المناجاة الصغري,30.821,32.017,مركز الحسينية
El-Monagat El-Kobra,المناجاة الكبري,30.889,32.072,مركز الحسينية
El-Managem,المناجم,28.603,29.069,قسم الواحاتالبحرية
El-Manakh,المناخ,31.266,32.286,قسم المناخ
El-Manashla,المناشلة,31.051,30.636,مركز شبراخيت
El-Manashi,المناشي,30.162,31.121,مركز إمبابة
El-Manashi,المناشي,27.486,30.752,مركز ديروط
El-Manasafour,المناصافور,30.802,31.397,مركز ديرب نجم
Al-Manasra,المناصرة,30.048,31.253,قسم الموسكي
Al-Manasra,المناصرة,30.396,31.348,مركز مشتول السوق
Al-Manasra,المناصرة و تشمل مطار الجميل - طريق دمياط بورسعيد *,31.237,32.173,قسم المناصرة
Al-Manawat,المناوات,29.923,31.241,مركز الجيزة
Al-Manayef,المنايف,30.502,32.144,مركز الاسماعيلية
Al-Manayel,المنايل,30.232,31.317,مركز الخانكة
Al-Manbatah,المنبطح,30.307,34.369,قسم القسيمة
Al-Montazah,المنتزة,30.094,31.32,قسم مصرالجديدة
Al-Montazah,المنتزه,30.577,31.507,قسم اول الزقازيق
Al-Mangam,المنجم,30.389,33.267,قسم الحسنة
Al-Mandara,المندرة,30.848,31.265,مركز أجا
Al-Mandara,المندرة,29.336,30.801,مركز الفيوم
Al-Mandara Bahari,المندرةبحري,31.283,30.016,قسم المنتزة
Al-Mandara Bahari,المندرةبحري,27.528,30.836,مركز ديروط
Al-Mandara Qibli,المندرةقبلي,27.267,30.98,مركز منفلوط
Al-Mandara Qibli,المندره قبلى_تشمل عزبة الجبل,31.267,30.015,قسم المنتزة
Al-Mandoura,المندورة,31.237,30.683,مركز دسوق
Al-Manzala,المنزلة,30.347,31.256,مركز طوخ
Al-Mansi,المنسي,30.06,31.262,قسم باب الشعرية
Al-Mansi Sarhan,المنسي سرحان,30.98,31.167,قسم أول المحلة الكبرى
Al-Manshaat Al-Sughra,المنشأة الصغري,30.574,31.262,مركز كفر شكر
Al-Manshaat Al-Gedida,المنشأة الجديدة,30.859,31.66,مركز كفر صقر
Al-Manshaat Al-Gedida,المنشأة الجديدة,30.756,31.148,مركز السنطة
Al-Manshaat Al-Gedida,المنشأة الجديدة,30.459,31.043,مركز الباجور
Al-Manshaat Al-Sughra,المنشأة الصغري,31.091,30.854,مركز قلين
Al-Manshaat Al-Sughra,المنشأة الصغري,27.397,30.806,مركز القوصية
Al-Manshaat Al-Kubra,المنشأة الكبري,30.587,31.276,مركز كفر شكر
Al-Manshaat Al-Kubra,المنشأة الكبري,31.054,30.887,مركز قلين
Al-Manshaat Al-Kubra,المنشأة الكبري,30.724,31.156,مركز السنطة
Al-Manshaat Al-Kubra,المنشأة الكبري,27.363,30.801,مركز القوصية
Al-Manshalin,المنشلين,31.046,30.803,مركز قلين
Al-Manshiya,المنشية,30.472,31.525,مركز بلبيس
Al-Manshiya,المنشية,31.253,30.634,مركز فوه
Al-Manshiya Al-Ibrahimia,المنشية الابراهيمية,30.959,30.482,مركز دمنهور
Al-Manshiya Al-Bahariya,المنشية البحرية,31.237,30.017,قسم المنتزة
Al-Manshiya Al-Gedida,المنشية الجديدة,30.921,30.439,مركز الدلنجات
Al-Manshiya Al-Gedida,المنشية الجديدة,24.666,32.953,مركز كوم امبو
Al-Manshiya Al-Kubra,المنشية الكبري,31.198,29.894,قسم المنشية
Al-Manshiya,المنشيه,30.591,31.494,قسم ثان الزقازيق
Al-Manshiya,المنشيه,30.452,31.2,قسم بنها
Al-Mansoura,المنصورة,29.231,31.043,مركز ناصر
Al-Mansouriya,المنصورية,30.05,31.272,قسم الجمالية
Al-Mansouriya,المنصورية,30.126,31.07,مركز إمبابة
Al-Mansouriya,المنصورية,24.449,32.918,مركز دراو
Al-Mintaqa Al-Sadisa,المنطقة السادسة,30.063,31.349,قسم أول مدينة نصر
Al-Mintaqa Al-Sina'iya,المنطقة الصناعية,27.282,33.732,قسم أول الغردقة
Al-Mintaqa Al-Oula,المنطقة الأولي,30.061,31.333,قسم أول مدينة نصر
Al-Mintaqa Al-Tasi'a,المنطقة التاسعة,30.053,31.365,قسم أول مدينة نصر
Al-Mintaqa Al-Tamina,المنطقة الثامنة,30.051,31.349,قسم أول مدينة نصر
Al-Mintaqa Al-Sabi'a,المنطقة السابعة,30.041,31.336,قسم أول مدينة نصر
Al-Mintaqa Al-Ashira,المنطقة العاشرة,30.054,31.376,قسم أول مدينة نصر
Al-Mintaqa Al-Sina'iya,المنطقه الصناعيه,29.982,31.476,قسم ثالث القاهرة الجديدة
Al-Minya,المنيا,29.735,31.316,مركز الصف
Al-Minya,المنيا,29.224,30.764,مركز أطسا
Al-Mounib,المنيب,29.984,31.199,قسم الجيزة
Al-Minya,المنية,30.179,31.334,مركز الخانكة
Al-Mounir,المنير,30.314,31.382,مركز مشتول السوق
Al-Mounira,المنيرة,30.24,31.124,مركز القناطر الخيرية
Al-Mounira,المنيرة,30.082,31.206,قسم امبابه
Al-Mounira,المنيرة,25.83,30.507,مركز الواحات الخارجة
Al-Manyal,المنيل,31.115,31.398,مركز طلخا
Al-Manyal Al-Sharqi,المنيل الشرقي,30.024,31.229,مصرالقديمة
Al-Manyal Al-Gharbi,المنيل الغربي,30.027,31.225,مصرالقديمة
Al-Mohajireen,المهاجرين,31.223,30.019,قسم المنتزة
Al-Mahdi,المهدي,30.783,30.142,مركز ابوالمطامير
Al-Mahdiya,المهدية,30.897,29.967,مركز ابوالمطامير
Al-Mahdiya,المهدية,31.068,34.282,قسم رفح
Al-Mawajed,المواجد,31.14,31.851,مركز المنزلة
Al-Mawatin,المواطين,26.878,31.402,مركز طما
Al-Mawanisa,الموانسة,30.819,31.633,مركز كفر صقر
Al-Mawadda,المودة,28.541,30.81,مركز بنى مزار
Al-Mawshiya,الموشية,25.859,28.906,مركز الوحات الداخلة
Al-Mawlid Al-Nabawi,المولد النبوى,29.075,31.108,قسم بنى سويف
Al-Mawhoub,الموهوب,26.04,28.49,مركز الوحات الداخلة
Al-Midan,الميدان,31.051,33.538,قسم رابع العريش
Al-Misat,الميساة,30.815,31.465,مركز ديرب نجم
Al-Maimoun,الميمون,29.238,31.175,مركز الواسطى
Al-Maimouna,الميمونة,30.609,31.387,مركز منيا القمح
Al-Minaa,الميناء,27.324,33.694,قسم أول الغردقة
Al-Maihi,الميهي,30.927,31.612,مركز تمى الأمديد
Al-Nadi Al-Ahli,النادي الأهلي,30.074,31.365,قسم أول مدينة نصر
Al-Nasser,الناصر,30.809,30.1,مركز ابوالمطامير
Al-Nassera,الناصرة,31.06,31.558,مركز محلة دمنة
Al-Nasseriya,الناصرية,31.262,31.754,مركز فارسكور
Al-Nasseriya,الناصرية,30.894,31.879,مركز الحسينية
Al-Nasseriya,الناصرية,31.172,31.082,مركز بيلا
Al-Nasseriya,الناصرية,30.947,31.226,مركز سمنود
Al-Nasseriya,الناصرية,29.516,31.222,مركز العياط
Al-Nasseriya,الناصرية,29.346,31.017,مركز الفيوم
Al-Nasseriya,الناصريه,31.273,30.047,قسم المنتزة
Al-Nasseriya,الناصريه,30.317,31.212,قسم قها
Al-Nasseriya,الناصريه,28.554,30.852,مركز بنى مزار
Al-Nawiya,الناوية,31.005,31.267,مركز سمنود
Al-Nabi Saleh,النبى صالح,28.787,33.977,قسم سانت كاترين
Al-Nabira,النبيرة,30.902,30.567,مركز إيتاى البارود
Al-Natila,النتيلة,29.956,33.412,قسم نخل
Al-Nagah,النجاح,30.671,30.565,مركز بدر
Al-Nagah,النجاح,28.494,30.69,مركز بنى مزار
Al-Nagah,النجاح,31.015,32.955,قسم بئر العبد
Al-Naggareen,النجارين,31.35,31.761,مركز فارسكور
Al-Nagaa Al-Gedid,النجع الجديد,31.19,29.892,قسم اللبان
Al-Nagaa Al-Qadim,النجع القديم,31.187,29.891,قسم اللبان
Al-Negma wal Hamran,النجمة والحمران,26.16,32.133,مركز أبو طشت
Al-Nogou',النجوع,25.36,32.519,مركز إسنا
Al-Nogou',النجوع,26.023,32.189,مركز فرشوط
Al-Nogou' Qibli,النجوعقبلي,25.349,32.543,مركز إسنا
Al-Nageigi,النجيجي,30.875,31.85,مركز الحسينية
Al-Nageila,النجيلة,30.729,30.763,مركز كوم حمادة
Al-Nageili wa Awlad Al-Sheikh,النجيليوأولاد الشيخ,30.886,30.216,مركز ابوالمطامير
Al-Nahariya,النحارية,30.871,30.843,مركز كفر الزيات
Al-Nahhasin,النحاسين,30.864,31.817,مركز فاقوس
Al-Nahhal,النح ال,30.588,31.515,قسم اول الزقازيق
Al-Nahhal,النح ال,27.951,30.759,مركز ابو قرقاص
Al-Nakhkhas,النخاس,30.634,31.428,مركز الزقازيق
Al-Nakhla Al-Bahariya,النخلة البحرية,31.19,30.334,مركز ابوحمص
Al-Nakhila,النخيلة,27.014,31.33,مركز أبوتيج
Al-Narges Al-Mustathmireen Al-Ganoubiya,النرجس المستثمرين الجنوبيه,30.015,31.475,قسم أول القاهرة الجديدة
Al-Nazl,النزل,31.158,31.673,مركز منية النصر
Al-Nazla,النزلة وتشمل الربع,29.297,30.646,مركز يوسف الصديق
Al-Nazla Al-Mustagedda,النزلة المستجدة,27.071,31.384,مركز ساحل سليم
Al-Nozha Al-Bahariya,النزه البحريه,26.711,31.447,مركز جهينة الغربية
Al-Nozha,النزهة,30.104,31.339,قسم النزهة
Al-Nozha,النزهة,31.102,31.473,مركز المنصورة
Al-Nasayma,النسايمة,31.217,31.987,مركز المنزلة
Al-Nassimiya,النسيمية,31.015,31.562,مركز المنصورة
Al-Nashra,النشرة,31.259,31.368,مركز بلقاس
Al-Nashw Al-Bahari,النش والبحري,31.151,30.169,مركز كفر الدوار
Al-Nassariya,النصارية,29.338,30.687,مركز أبشواى
Al-Nasb,النصب,29.094,33.295,قسم أبو رديس
Al-Nasr,النصر,30.061,31.266,قسم باب الشعرية
Al-Nasr,النصر,30.51,31.801,مركز أبو حماد
Al-Nasr,النصر,30.601,32.14,مركز القنطرة
Al-Nasr,النصر,31.285,26.911,قسم مرسى مطروح
Al-Nasr,النصر,31.02,32.884,قسم بئر العبد
Al-Nasr,النصر - الكيلو 85 طريق سفاجا-قنا,26.574,33.291,قسم سفاجا
Al-Nasseriya,النصرية,27.615,30.804,مركز دير مواس
Al-Nuseirat,النصيرات,26.279,32.032,مركز دار السلام
Al-Nidal,النض ال,25.025,32.919,مركز أدفو
Al-Nattaf,النطاف,31.113,30.913,مركز كفر الشيخ
Al-Nizam,النظام,30.577,31.512,قسم اول الزقازيق
Al-Na'amna,النعامنة,30.466,31.394,مركز منيا القمح
Al-Na'na'iya,النعناعية,30.27,31.071,مركز أشمون
Al-Nighamish,النغاميش,26.23,32.052,مركز دار السلام
Al-Naqrash,النقراش,30.899,30.615,مركز إيتاى البارود
Al-Naqidi,النقيدي,30.789,30.696,مركز كوم حمادة
Al-Nakkariya,النكارية,30.602,31.46,مركز الزقازيق
Al-Namayisa,النمايسة,27.161,31.254,مركز أسيوط
Al-Namrout,النمروط,30.69,31.787,مركز فاقوس
Al-Nimriya,النمرية,30.846,30.219,مركز ابوالمطامير
Al-Namsa,النمسا,25.266,32.555,مركز إسنا
Al-Nihayat wal Farashat,النهايات والفراشات,29.874,33.448,قسم رأس سدر
Al-Nihaya,النهاية,27.483,30.766,مركز ديروط
Al-Nahda,النهضة,30.171,31.438,قسم السلام
Al-Nahda,النهضة,30.841,29.481,قسم برج العرب
Al-Nahda,النهضة,26.757,28.118,مركز الفرافرة
Al-Nahda Al-Gedida,النهضة الجديدة,31.042,31.704,مركز دكرنس
Al-Nawasriya,النواصرية,31.336,31.652,مركز كفر سعد
Al-Nawaf'a,النوافعة,30.828,31.775,مركز فاقوس
Al-Nawamis,النواميس,29.26,31.066,مركز الواسطى
Al-Nawamis,النواميس,27.025,31.397,مركز البدارى
Al-Nawawra,النواورة,26.861,31.51,مركز البدارى
Al-Nawayga,النوايجة,31.25,30.748,مركز دسوق
Al-Noubi,النوبى,30.054,31.254,قسم الموسكي
Al-Nour,النور,30.788,30.266,مركز ابوالمطامير
Al-Nuweirat,النويرات,26.423,31.816,مركز العسيرات
Al-Nuweira,النويرة,29.103,30.986,مركز أهناسيا
Al-Hayasktab,الهايسكتب,30.134,31.385,قسم النزهة
Al-Hagarisa,الهجارسة,30.796,31.589,مركز كفر صقر
Al-Hagarisa,الهجارسة,26.476,31.688,مركز سوهاج
Al-Hadaya,الهدايا,27.196,31.078,مركز أسيوط
Al-Haram,الهرم,29.408,31.177,مركز الواسطى
Al-Hadaba,الهضبة,27.287,33.666,قسم أول الغردقة
Al-Hilal,الهل ال,27.399,33.645,قسم ثان الغردقة
Al-Hamas,الهماص,26.45,31.782,مركز المنشأة
Al-Hamamiya,الهمامية,26.933,31.469,مركز البدارى
Al-Hamamil,الهماميل,31.196,29.89,قسم المنشية
Al-Hemma,الهمة,31.211,31.138,مركز بيلا
Al-Hemma,الهمة,28.432,30.595,مركز مطاى
Al-Hanadi,الهنادي,25.433,32.552,مركز إسنا
Al-Hanayda,الهنايدة,31.129,32.01,مركز المنزلة
Al-Hindaw,الهنداو,25.807,28.997,مركز الوحات الداخلة
Al-Handasa,الهندسة,31.272,30.838,مركز سيدى سالم
Al-Hawaber,الهوابر,30.75,31.436,مركز ديرب نجم
Al-Hawariya,الهوارية,30.984,29.68,قسم العامرية
Al-Hayatem,الهياتم,30.917,31.093,مركز المحله الكبرى
Al-Hisha,الهيشة,31.25,31.853,مركز الجمالية
Al-Hisha,الهيشة,26.865,31.44,مركز طما
Al-Hisha,الهيشة,26.095,32.248,مركز نجع حمادى
Al-Haysamiya,الهيصمية,30.644,31.762,مركز فاقوس
Al-Wadi Al-Akhdar,الوادى الأخضر,30.554,31.898,مركز التل الكبير
Al-Wadi Al-Akhdar,الوادي الأخضر,28.93,33.753,قسم سانت كاترين
Al-Wasta,الواسطى,27.179,31.223,مركز الفتح
Al-Wasta,الواسطى,25.347,32.487,مركز إسنا
Al-Waqat,الواقات,26.836,31.472,مركز طما
Al-Wayli Al-Kabir Sharq,الوايلي الكبير شرق,30.093,31.283,قسم حدائقالقبة
Al-Wayli Al-Kabir Gharb,الوايلي الكبير غرب,30.095,31.278,قسم حدائقالقبة
Al-Wahda Al-Arabiya,الوحدة العربية,30.848,31.582,مركز السنبلاوين
Al-Wadi,الودى,29.52,31.283,مركز الصف
Al-Wardiyan Sharq,الورديانشرق,31.17,29.87,قسم مينا البصل
Al-Wardiyan Gharb,الورديانغرب,31.164,29.867,قسم مينا البصل
El-Wardiyan Qibli,الورديانقبلي,31.161,29.878,قسم مينا البصل
El-Waraq,الورق,31.209,30.826,مركز سيدى سالم
El-Wazireya,الوزيرية,31.208,30.953,مركز الرياض
El-Wastaneya,الوسطانية,31.094,30.111,مركز كفر الدوار
El-Washayha,الوشايحه,31.118,31.809,مركز منية النصر
El-Wa'adla,الوعاضلة,26.928,31.406,مركز صدفا
El-Wafaa,الوفاء,28.219,30.552,مركز سمالوط
El-Wafaa wal-Amal,الوفاء والأمل,30.027,31.346,قسم أول مدينة نصر
El-Wifaq,الوفاق,31.165,34.188,قسم رفح
El-Wafa'eya,الوفائية,30.757,30.585,مركز الدلنجات
El-Waqda,الوقدة,26.609,31.552,مركز المراغة
El-Walga,الولجا,30.533,31.301,مركز منيا القمح
El-Wanaysa,الونايسة,29.253,30.66,مركز أطسا
El-Yasmin w el-Banafsaj w el-Mustathmeroun el-Shamaleya,الياسمين و البنفسج و المثتسمرون الشماليه,30.046,31.469,قسم أول القاهرة الجديدة
El-Yasineya,الياسينية,30.955,30.062,مركز ابوالمطامير
El-Yans,اليانس,29.017,33.641,قسم أبو رديس
El-Yousefeya,اليوسفية,31.043,31.729,مركز بنى عبيد
El-Yousefeya,اليوسيفية,30.813,30.583,مركز الدلنجات
Om el-Huwaytat w el-Gawasis,أم الحويطات و الجواسيس,26.712,33.82,قسم سفاجا
Om el-Reda,أم الرضا,31.404,31.618,مركز كفر سعد
Om Saber,أم صابر,30.503,30.739,مركز بدر
Om Azzam,أم عزام,30.512,31.968,مركز التل الكبير
Om el-Ganazir,أم الجنازير,28.975,31.02,مركز ببا
Om el-Rakham,أم الرخم,31.379,27.014,قسم مرسى مطروح
Om el-Zain,أم الزين,30.657,31.4,مركز الزقازيق
Om el-Sas,أم الساس,28.501,30.725,مركز بنى مزار
Om el-Qusour,أم القصور,27.375,30.869,مركز منفلوط
Om el-Qusour,أم القصور,29.019,33.737,قسم أبو رديس
Om Bagama,أمبجمة,29.029,33.349,قسم أبو رديس
Om Hakim,أمحكيم,31.077,30.697,مركز شبراخيت
Om Khanan,أمخنان,30.502,31.1,مركز قويسنا
Om Khanan,أمخنان,29.916,31.252,قسم الحوامدية
Om Douma,أمدومة,26.827,31.375,مركز طما
Om Dinar,أمدينار,30.199,31.077,مركز إمبابة
Om Ramad,أمرماد,30.652,31.444,مركز الزقازيق
Om Senan el-Kubra,أمسن الكبري,31.302,30.989,مركز الرياض
Om Shayhan,أمشيحان,30.696,34.231,قسم القسيمة
Om Aqaba,أمعقبة,30.975,32.771,قسم رمانة
Om Qataf,أمقطف,30.712,34.335,قسم القسيمة
Om Qamas,أمقمص,27.734,30.796,مركز ملوى
Imam el-Husseini,امام الحسيني,30.981,31.147,قسم ثان المحلة الكبرى
Ambroz w Mohambak,أمبروزومحمبك,31.194,29.922,قسم محرم بك
Omri,أمري,30.987,30.619,مركز شبراخيت
Amshandat,أمشندت,29.334,25.177,مركز سيوة
Amshoul,أمشول,27.579,30.755,مركز ديروط
Amlit,أمليط,30.9,30.705,مركز إيتاى البارود
Amyay,امياي,30.366,31.139,مركز طوخ
Amyout,أميوط,31.036,30.951,مركز قطور
Ansas el-Basal,أنشاص البصل,30.51,31.56,مركز الزقازيق
Ansas el-Raml,أنشاص الرمل,30.387,31.459,مركز بلبيس
Anfast,أنفسط,29.286,31.116,مركز الواسطى
Ehnasya el-Khadra,أهناسيا الخضراء,29.096,31.014,مركز بنى سويف
Ahwa,أهوه,29.047,31.006,مركز بنى سويف
Awgreen,أوجرين,31.478,25.177,قسم السلوم
Orman Talkha,أورمانطلخا,31.09,31.385,مركز طلخا
Ourein,أورين,30.974,30.702,مركز شبراخيت
Awlad Badr,أولاد بدر,27.231,31.212,مركز الفتح
Awlad Alwani,اولاد علواني,31.025,28.565,مركز الضبعة
Awlad Alloush,اولاد علوش,31.1,27.777,قسم مرسى مطروح
Awlad Ali,أولاد على,27.148,31.289,مركز أسيوط
Awlad Marei,اولاد مرعي,31.277,26.984,قسم مرسى مطروح
Awlad Masoud,أولاد مسعود,30.85,29.323,قسم الحمام
Awlad Sarag,أولادسراج,27.177,31.226,مركز الفتح
Awlad Ibrahim,أولاد ابراهيم,27.164,31.217,مركز أسيوط
Awlad Ismail,أولاداسماعيل,26.669,31.558,مركز المراغة
Awlad el-Sheikh,أولاد الشيخ,26.407,31.853,مركز دار السلام
Awlad el-Adawi,أولاد العدوي,30.711,31.792,مركز فاقوس
Awlad el-Yas,أولاد الياس,26.947,31.421,مركز صدفا
Awlad Bana,أولادبانة,31.125,32.003,مركز المنزلة
Awlad Bahig,أولادبهيج,26.369,31.828,مركز العسيرات
Awlad Gabara,أولادجبارة,26.381,31.818,مركز العسيرات
Awlad Gabril,أولادجبريل,30.804,29.255,قسم الحمام
Awlad Hana,أولادحانة,31.117,32.035,مركز المنزلة
Awlad Hammam,أولاد حمام,31.375,31.788,مركز دمياط
Awlad Hamza,أولاد حمزة,26.4,31.807,مركز العسيرات
Awlad Khalaf,أولادخلف,31.332,31.741,مركز فارسكور
Awlad Khalaf,أولادخلف,26.198,32.027,مركز دار السلام
Awlad Rayeq,أولادرايق,27.229,31.051,مركز أسيوط
Awlad Salem Bahari,أولاد سالم بحري,26.249,32.029,مركز دار السلام
Awlad Salem Qibli,أولادس المقبلي,26.235,32.033,مركز دار السلام
Awlad Sarag,أولادسراج,31.127,32.057,مركز المنزلة
Awlad Salama,أولادسلامة,26.398,31.752,مركز المنشأة
Awlad Seif,أولادسيف,30.472,31.566,مركز بلبيس
Awlad Shaloul,أولادشلول,26.539,31.771,مركز سوهاج
Awlad Sabour,أولادصبور,31.168,32.033,مركز المطرية
Awlad Touq Gharb,أولادطوقغرب,26.256,32.073,مركز دار السلام
Awlad Abdeen,أولاد عابدين,30.701,31.781,مركز فاقوس
Awlad Azzaz,أولادعزاز,26.542,31.645,مركز سوهاج
Awlad Alam,أولاد علم,31.147,31.994,مركز المنزلة
Awlad Ali,أولاد علي,26.408,31.772,مركز المنشأة
Awlad Alio,أولاد علي و,26.238,31.955,مركز البلينا
Awlad Amro,أولاد عمرو,26.154,32.597,مركز قنا
Awlad Gharib,أولادغريب,26.462,31.707,مركز سوهاج
Awlad Mamen,أولادمامن,26.549,31.782,مركز سوهاج
Awlad Mohanna,أولادمهنا,30.486,31.588,مركز بلبيس
Awlad Mousa,أولادموسي,30.796,31.759,مركز أبوكبير
Awlad Nasser,أولاد ناصر,31.161,32.005,مركز المنزلة
Awlad Nagm Bahgoura,أولادنجمبهجورة,26.083,32.22,مركز نجع حمادى
Awlad Nagm el-Tamma,أولادنجم التمة,26.092,32.199,مركز نجع حمادى
Awlad Nagm el-Qibliya,أولاد نجم القبلية,26.07,32.235,مركز نجع حمادى
Awlad Naseer,أولادنصير,26.572,31.672,مركز سوهاج
Awlad Nour,أولادنور,31.15,32.021,مركز المنزلة
Awlad Yahya Bahari,أولاديحييبحري,26.348,31.921,مركز دار السلام
Awlad Yahya Qibli,أولاديحييقبلي,26.31,31.987,مركز دار السلام
Oula,اولى,24.084,32.895,قسم أسوان
Oula el-Haram,أولى الهرم,30.004,31.178,قسم العمرانية
Ouleila,أوليلة,30.728,31.354,مركز ميت غمر
Oweish el-Hagar,أويش الحجر,31.013,31.333,مركز المنصورة
Eikingy Mariout,ايكينجى مريوط,31.021,29.742,قسم العامرية
Bab el-Wazir,باب الوزير,30.041,31.265,قسم الدرب الأحمر
Bab Sedra el-Barani Bahari,باب سدره البرانى بحرى,31.188,29.899,قسم كرموز
Bab Sedra el-Barani Sharq,باب سدره البرانى شرق,31.185,29.901,قسم كرموز
Bab Sedra el-Barani Gharb,باب سدره البرانى غرب,31.185,29.899,قسم كرموز
Bab el-Bahr,باب البحر,30.058,31.252,قسم باب الشعرية
Bab el-Shaareya,باب الشعرية,30.056,31.262,قسم باب الشعرية
Bab el-Futouh,باب الفتوح,30.054,31.264,قسم الجمالية
Bab el-Louq,باب اللوق,30.049,31.242,قسم عابدين
Bab Sedret el-Gawani w Geninet el-Ouyouni w el-Sakouneya,بابسدرة الجوانيوجنينة العيوني والسكونية,31.189,29.896,قسم اللبان
Babel,بابل,30.703,31.006,مركز تلا
Baga,باجا,26.596,31.683,مركز سوهاج
Baget el-Sheikh,باجة الشيخ,29.412,31.208,مركز العياط
Bar el-Hammam,بار الحمام,30.979,30.82,مركز بسيون
Barout,باروط,29.068,31.029,مركز بنى سويف
Bassous,باسوس,30.138,31.216,مركز القناطر الخيرية
Bassouna,باصونة,26.671,31.603,مركز المراغة
Baqour,باقور,27.085,31.287,مركز أبوتيج
Balt,ب الط,29.91,28.783,قسم الحمام
Bel-Masht,ب المشط,30.463,30.887,مركز منوف
Balouza,ب الوظة,31.008,32.545,قسم رمانة
Ban el-Alam,بان العلم,28.696,30.789,مركز العدوة
Banoub,بانوب,31.068,31.241,مركز نبروة
Banoub Zahr el-Gammal,بانوبظهر الجمل,27.547,30.782,مركز ديروط
Baha el-Agouz,باها العجوز,29.143,31.023,مركز بنى سويف
Bawit,باويط,27.531,30.725,مركز ديروط
Beblaw,ببلاو,27.524,30.792,مركز ديروط
Batabs,بتبس,30.64,31.002,مركز شبين الكوم
Batamda,بتمدة,30.436,31.284,مركز بنها
Begairam,بجيرم,30.577,31.179,مركز قويسنا
Bahr Abu el-Mir,بحرأب والمير,29.253,30.733,مركز أطسا
Bahtit,بحطيط,30.485,31.632,مركز أبو حماد
Baheqira,بحقيرة,30.983,31.364,مركز المنصورة
Buhayrat Nasser,بحيرةناصر,23.077,32.777,مركز أسوان
Bakhati,بخاتي,30.583,30.963,مركز شبين الكوم
Bakhanes,بخانس,26.119,32.171,مركز أبو طشت
Bedawi,بداوي,31.163,31.487,مركز المنصورة
Badkhalou,بدخلو,25.86,28.924,مركز الوحات الداخلة
Badsa,بدسة,29.668,31.263,مركز العياط
Badhal,بدهل,28.947,30.889,مركز سمسطا
Badeir Aliwa,بدير عليوة,31.147,30.945,قسم كفر الشيخ
Badein,بدين,31.041,31.502,مركز المنصورة
Bar Bahari,بربحري,31.584,31.057,مركز البرلس
Barashim,براشيم,30.341,31.01,مركز أشمون
Baranis,برانيس,24.694,34.396,قسم مرسى علم
Barawet el-Waqf,براوة الوقف,29.034,30.903,مركز أهناسيا
Barbaya el-Sharqeya,برباية الشرقية,25.808,29.289,مركز الوحات الداخلة
Barbaya el-Gharbeya,برباية الغربية,25.779,29.248,مركز الوحات الداخلة
Barret el-Agouz,برة العجوز,30.563,31.201,مركز قويسنا
Borg Rashid,برج رشيد,31.466,30.361,مركز رشيد
Borg Meghizel,برجمغيزل,31.477,30.406,مركز مطوبس
Borg Nour el-Homs,برجنور الحمص,30.939,31.344,مركز أجا
Borg Nour el-Arab,برجنور العرب,30.833,31.472,مركز السنبلاوين
Barkhil,برخيل,26.208,31.968,مركز البلينا
Bardala,بردلة,31.122,30.145,قسم كفرالدوار
Bardnouha,بردنوها,28.435,30.728,مركز مطاى
Bardouna el-Ashraf,بردونة الأشراف,28.523,30.727,مركز بنى مزار
Bardis,برديس,26.309,31.946,مركز البلينا
Bardin,بردين,30.509,31.524,مركز الزقازيق
Barseq,برسيق,31.124,30.34,مركز ابوحمص
Barshoum el-Sughra,برشوم الصغري,30.321,31.116,مركز طوخ
Barshoum el-Kubra,برشوم الكبري,30.331,31.114,مركز طوخ
Bartabat,برطباط,28.595,30.678,مركز مغاغة
Bartas,برطس,30.147,31.125,مركز أوسيم
Barq el-Ezz,برق العز,31.027,31.466,مركز المنصورة
Barqash,برقاش,30.166,31.028,مركز إمبابة
Barqama,برقامة,30.899,30.64,مركز إيتاى البارود
Barqata,برقطا,30.504,31.264,مركز كفر شكر
Barqin,برقين,30.858,31.541,مركز السنبلاوين
Birket el-Khiyam,برك الخيام,30.057,31.162,مركز كرداسة
Birket el-Haj,بركة الحاج,30.153,31.364,قسم المرج
Birket el-Ratli,بركة الرطلي,30.061,31.258,قسم باب الشعرية
Birket el-Nasr,بركة النصر,30.148,31.397,قسم السلام
Birket Ghattas,بركةغطاس,31.187,30.272,مركز ابوحمص
Barma,برما,30.85,30.922,مركز طنطا
Barmbal el-Gedida,برمب ال الجديدة,31.16,31.707,مركز منية النصر
Barmbal el-Qadima,برمب ال القديمة,31.189,31.722,مركز منية النصر
Baramsha,برمشا,28.688,30.71,مركز العدوة
Barmakim,برمكيم,30.788,31.479,مركز ديرب نجم
Barnbal,برنب ال,31.364,30.532,مركز مطوبس
Barnasht,برنشت,29.683,31.248,مركز العياط
Barham,برهام,30.084,31.242,قسم الساحل
Barhamtoush,برهمتوش,30.831,31.363,مركز السنبلاوين
Barhim w Manshaat Sadoud,برهيمومنشأةسدود,30.481,30.887,مركز منوف
Barawi,بروي,30.662,30.934,مركز تلا
Bareyet Lasifar,بريةلاصيفر,31.318,30.652,مركز سيدى سالم
Barid w Kafr Yousef,بريدوكفريوسف,31.213,30.858,مركز سيدى سالم
Baridaa,بريدعة,31.352,30.465,مركز مطوبس
Bareik el-Hagar,بريك الحجر,30.885,30.991,مركز طنطا
Bareim,بريم,30.762,30.724,مركز كوم حمادة
Basateen el-Ismailia,بساتين الاسماعيلية,30.359,31.469,مركز بلبيس
Basateen Serag el-Din,بساتينسراج الدين,30.392,31.623,مركز بلبيس
Basat,بساط,31.167,31.432,مركز طلخا
Basat Karim El-Din,بساطكريم الدين,31.173,31.572,مركز شربين
Bastaway,بستواى,31.202,30.407,مركز ابوحمص
Bastara,بسطرة,31.081,30.435,مركز دمنهور
Basfa,بسفا,28.806,30.814,مركز الفشن
Basandila,بسنديلة,31.206,31.445,مركز بلقاس
Bashalush,بش الوش,30.708,31.308,مركز ميت غمر
Bashbish,بشبيش,31.118,31.19,مركز المحله الكبرى
Bashtami,بشتامي,30.646,30.809,مركز الشهداء
Bashtil,بشتيل,30.114,31.23,قسم الوراق
Bashla,بشلا,30.776,31.276,مركز ميت غمر
Bashams,بشمس,30.859,31.498,مركز السنبلاوين
Basra,بصرة,27.171,31.258,مركز الفتح
Bata,بطا,30.469,31.168,مركز بنها
Batra,بطرة,31.18,31.467,مركز طلخا
Batn Ahrit,بطن اهريت,29.328,30.57,مركز يوسف الصديق
Batoris,بطورس,31.001,30.216,مركز ابوحمص
Batita,بطيطة,31.159,31.038,مركز كفر الشيخ
Batina,بطينة,30.993,31.203,مركز المحله الكبرى
Baghdad,بغداد,30.601,30.651,مركز بدر
Baghdad,بغداد,23.344,30.473,مركز باريس
Baghdad,بغداد,30.252,33.519,قسم الحسنة
Baqbaq,بقبق,31.492,25.43,قسم السلوم
Baqsa,بقسا,30.564,31.225,مركز قويسنا
Baqtaris,بقطارس,30.925,31.311,مركز أجا
Baqlula,بقلولة,31.202,30.922,مركز الرياض
Baqlula,بقلولة,30.781,31.092,مركز السنطة
Baqira,بقيرة,30.456,31.139,مركز بنها
Bilad El-Mal El-Bahari,بلاد الم البحري,26.12,32.023,مركز أبو طشت
Bilad El-Mal El-Qibli,بلاد الم القبلي,26.102,32.041,مركز أبو طشت
Balat,بلاط,25.853,29.19,مركز الوحات الداخلة
Bilal,بل ال,30.303,29.907,قسم غرب النوبارية
Balana,بلانة,24.373,32.932,مركز نصر
Balay,بلاي,30.843,31.151,مركز السنطة
Balla El-Mustagidda,بلة المستجدة,28.471,30.662,مركز بنى مزار
Baltag,بلتاج,30.995,30.981,مركز قطور
Baltan,بلتان,30.375,31.17,مركز طوخ
Balgay,بلجاي,30.965,31.409,مركز المنصورة
Balshasha,بلشاشة,31.157,30.854,مركز كفر الشيخ
Balsafoura,بلصفورة,26.525,31.747,مركز سوهاج
Balfiya,بلفيا,29.124,31.054,مركز بنى سويف
Balqas,بلقس,30.171,31.283,مركز قليوب
Balqatr,بلقطر,31.058,30.211,مركز ابوحمص
Balqatr El-Gharbiya,بلقطر الغربية,31.107,30.351,مركز ابوحمص
Balqina,بلقينا,30.938,31.125,مركز المحله الكبرى
Balkim,بلكيم,30.751,31.105,مركز السنطة
Balansoura,بلنصورة,27.933,30.7,مركز ابو قرقاص
Balankouma,بلنكومة,31.024,30.808,مركز قلين
Balhasa,بلهاسة,28.671,30.795,مركز مغاغة
Balous El-Hawy,بلوس الهوي,30.705,31.114,مركز السنطة
Balout,بلوط,27.36,30.838,مركز القوصية
Bamamou Ezbet El-Koum El-Ahmar,بمموعزبة الكوم الأحمر,30.694,30.907,مركز تلا
Bamha,بمها,29.594,31.242,مركز العياط
Bana Abu Sir,بناأبوصير,30.895,31.216,مركز سمنود
Banawit,بناويط,26.686,31.55,مركز المراغة
Banayous,بنايوس,30.607,31.503,مركز الزقازيق
Banban,بنبان,24.449,32.877,مركز دراو
Banban Qibli,بنبانقبلي,24.435,32.904,مركز دراو
Banga,بنجا,26.804,31.477,مركز طهطا
Bandar El-Tibinat,بندار التبينات,26.37,31.865,مركز جرجا
Bandar El-Ramliya,بندار الرملية,26.361,31.851,مركز جرجا
Bandar El-Karmanya,بندار الكرمانية,26.549,31.759,مركز سوهاج
Bandaf,بندف,30.569,31.403,مركز منيا القمح
Bank El-Iskan,بنك الاسكان,31.251,32.276,قسم الضواحى
Banha,بنها,30.456,31.185,قسم بنها
Banha El-Gedida,بنها الجديده,30.461,31.198,قسم بنها
Banhou,بنهو,26.75,31.515,مركز طهطا
Banoufar,بنوفر,30.832,30.79,مركز كفر الزيات
Bani Sulaiman,بنى سليمان,29.226,31.207,مركز الواسطى
Bani Amer,بنى عامر,28.662,30.725,مركز العدوة
Bani Atiya,بنى عطية,29.062,31.102,قسم بنى سويف
Bani Mohamed,بنى محمد,29.335,31.146,مركز الواسطى
Bani Youssef,بنى يوسف,29.925,31.2,مركز الجيزة
Bani Ibrahim,بنيابراهيم,27.309,31.117,مركز أبنوب
Bani Ahmed,بنيأحمد,29.014,30.98,مركز ببا
Bani Ahmed,بنيأحمد,28.05,30.77,مركز المنيا
Bani Idris,بنيادريس,27.442,30.808,مركز القوصية
Bani Ashbal,بنيأشبل,30.613,31.435,مركز الزقازيق
Bani El-Hakam,بني الحكم,28.253,30.68,مركز سمالوط
Bani Ayoub,بنيأيوب,30.581,31.705,مركز أبو حماد
Bani Bakheet,بنيبخيت,29.107,31.039,مركز بنى سويف
Bani Bakkar,بنيبكار,31.351,30.601,مركز مطوبس
Bani Gari,بنيجري,30.572,31.668,مركز أبو حماد
Bani Gamil,بنيجميل,26.192,31.992,مركز البلينا
Bani Hafez,بنيحافظ,27.801,30.822,مركز ملوى
Bani Hadir,بنيحدير,29.255,31.208,مركز الواسطى
Bani Haram,بنيحرام,27.627,30.783,مركز دير مواس
Bani Harb,بنيحرب,26.794,31.45,مركز طهطا
Bani Hassan,بنيحسن,30.904,31.697,مركز أولاد صقر
Bani Hassan El-Ashraf,بنيحسن الأشراف,28.17,30.677,مركز المنيا
Bani Hassan El-Shrouq,بنيحسن الشروق,27.902,30.859,مركز ابو قرقاص
Bani Hussein,بنيحسين,30.451,31.319,مركز منيا القمح
Bani Hussein,بنيحسين,27.223,31.075,مركز أسيوط
Bani Hella,بنيحلة,28.969,30.884,مركز سمسطا
Bani Hammad,بنيحماد,28.034,30.806,مركز المنيا
Bani Hamad,بنيحمد,29.115,31.054,مركز بنى سويف
Bani Khaled,بنيخ الد,28.311,30.75,مركز سمالوط
Bani Khaled,بنيخ الد,28.653,30.746,مركز مغاغة
Bani Khaled,بنيخ الد,27.844,30.716,مركز ملوى
Bani Khalaf,بنيخلف,28.639,30.76,مركز مغاغة
Bani Khalifa,بنيخليفة,29.245,31.055,مركز ناصر
Bani Khalil,بنيخليل,28.949,31.03,مركز ببا
Bani Khiyar,بنيخيار,27.98,30.717,مركز ابو قرقاص
Bani Rafea,بنيرافع,27.351,30.889,مركز منفلوط
Bani Radwan,بنيرضوان,29.117,31.042,مركز بنى سويف
Bani Rouh,بنيروح,27.836,30.737,مركز ملوى
Bani Zar,بنيزار,26.602,31.608,مركز سوهاج
Bani Zeid,بنيزيد,27.216,31.145,مركز الفتح
Bani Zeid Bouq,بنيزيدبوق,27.392,30.859,مركز القوصية
Bani Salem,بنيس الم,27.669,30.801,مركز دير مواس
Bani Samet,بنيسامط,28.517,30.836,مركز بنى مزار
Bani Said,بنيسعيد,27.965,30.683,مركز ابو قرقاص
Bani Salama,بنيسلامة,30.328,30.437,مركز وادى النطرون
Bani Salama,بنيسلامة,30.313,30.85,مركز إمبابة
Bani Sulaiman El-Sharqiya,بنيسليمان الشرقية,29.046,31.102,مركز بنى سويف
Bani Samarj,بنيسمرج,28.196,30.623,مركز سمالوط
Bani Samie,بنيسميع,27.035,31.279,مركز أبوتيج
Bani Sanad,بنيسند,27.238,31.009,مركز منفلوط
Bani Shaaran,بنيشعران,27.317,30.862,مركز منفلوط
Bani Shaqir,بنيشقير,27.362,30.965,مركز منفلوط
Bani Saleh,بنيص الح,30.456,31.417,مركز بلبيس
Bani Saleh,بنيص الح,29.383,31.268,مركز أطفيح
Bani Saleh,بنيص الح,28.856,30.856,مركز الفشن
Bani Saleh,بنيص الح,29.355,30.802,مركز الفيوم
Bani Saleh,بنيص الح,27.438,30.779,مركز القوصية
Bani Sarid,بنيصريد,30.764,31.801,مركز فاقوس
Bani Taleb,بنيط الب,27.194,31.236,مركز الفتح
Bani Amer,بنيعامر,30.596,31.574,مركز الزقازيق
Bani Abbas,بنيعبس,31.045,31.763,مركز أولاد صقر
Bani Obeid,بنيعبيد,27.972,30.774,مركز ابو قرقاص
Bani Adi,بنيعدي,29.179,31.163,مركز ناصر
Bani Adiyat,بنيعديات,27.251,30.957,مركز منفلوط
Bani Affan,بنيعفان,29.095,31.048,مركز بنى سويف
Bani Oqba,بنيعقبة,28.877,30.956,مركز ببا
Bani Ali,بنيعلي,28.476,30.71,مركز بنى مزار
Bani Alig,بنيعليج,27.237,31.221,مركز الفتح
Bani Ammar,بنيعمار,28.377,30.746,مركز مطاى
Bani Ammar,بنيعمار,26.735,31.513,مركز طهطا
Bani Omran,بنيعمران,27.645,30.863,مركز دير مواس
Bani Awad,بنيعوض,28.971,31.015,مركز ببا
Bani Eyyad,بنيعياد,30.656,31.422,مركز الزقازيق
Bani Eyyad,بنيعياض,30.706,31.708,مركز أبوكبير
Bani Eish,بنيعيش,26.341,31.873,مركز جرجا
Bani Ghalib,بنيغ الب,27.2,31.047,مركز أسيوط
Bani Gharyan,بنيغريان,30.619,31.183,مركز قويسنا
Bani Ghani,بنيغني,28.245,30.669,مركز سمالوط
Bani Ghoneim,بنيغنيم,29.299,31.155,مركز الواسطى
Bani Faiz,بنيفيز,26.957,31.385,مركز صدفا
Bani Qasem,بنيقاسم,28.968,30.986,مركز ببا
Bani Qorra,بنيقرة,27.393,30.9,مركز القوصية
Bani Quraish,بنيقريش,30.597,31.374,مركز منيا القمح
Bani Qamgar,بنيقمجر,28.007,30.716,مركز المنيا
Bani Madi,بنيماضي,28.978,31.007,مركز ببا
Bani Magd,بنيمجد,27.291,30.93,مركز منفلوط
Bani Magdoul,بنيمجدول,30.052,31.111,مركز كرداسة
Bani Mohamed El-Sharqiya,بنيمحمد الشرقية,28.963,31.017,مركز ببا
Bani Mohamed Rashed,بنيمحمدراشد,28.942,30.829,مركز سمسطا
Bani Mohamed Sultan,بنيمحمدسلطان,28.067,30.789,مركز المنيا
Bani Mohamed Shaarawy,بنيمحمدشعراوي,28.027,30.85,مركز ابو قرقاص
Bani Mohamediyat,بنيمحمديات,27.296,31.065,مركز أبنوب
Bani Mar,بنيمر,27.228,31.188,مركز الفتح
Bani Mansour,بنيمنصور,30.882,31.732,مركز أولاد صقر
Bani Mansour,بنيمنصور,26.211,31.903,مركز البلينا
Bani Manin,بنيمنين,28.777,30.797,مركز الفشن
Bani Mahdi,بنيمهدي,28.053,30.805,مركز المنيا
Bani Mousa,بنيموسي,27.996,30.742,مركز ابو قرقاص
Bani Mo'mena,بنيمؤمنة,28.997,30.906,مركز ببا
Bani Naseer,بنينصير,29.242,31.204,مركز الواسطى
Bani Haroun,بنيهارون,29.09,31.069,مركز بنى سويف
Bani Hashem,بنيهاشم,28.953,30.925,مركز ببا
Bani Hani,بنيهاني,29.152,30.943,مركز أهناسيا
Bani Helal,بنيهل ال,31.17,31.923,مركز المنزلة
Bani Helal,بنيهل ال,30.49,31.422,مركز منيا القمح
Bani Helal,بنيهل ال,27.462,30.752,مركز القوصية
Bani Helal,بنيهل ال,26.738,31.568,مركز المراغة
Bani Wasel,بنيواصل,26.672,31.694,مركز ساقلته
Bani Wal El-Lams,بني واللمس,28.591,30.695,مركز مغاغة
Bani Workan,بنيوركان,28.743,30.774,مركز العدوة
Bani Weshah,بنيوشاح,26.641,31.565,مركز المراغة
Bani Yahya Bahari,بنييحييبحري,27.543,30.834,مركز ديروط
Bani Yahya Qibli,بنييحييقبلي,27.406,30.854,مركز القوصية
Bahada,بهادة,30.222,31.148,مركز القناطر الخيرية
Bahalil El-Gezira,به اليل الجزيرة,26.628,31.614,مركز المراغة
Bahbashin,بهبشين,29.201,31.086,مركز ناصر
Bahbit,بهبيت,29.646,31.26,مركز العياط
Bahbit El-Hagara,بهبيت الحجارة,31.038,31.289,مركز سمنود
Bahta,بهتة,26.616,31.585,مركز المراغة
Bahtim,بهتيم,30.135,31.276,قسم ثان شبرا الخيمة
Bahgat,بهجات,30.567,31.498,مركز الزقازيق
Bahgoura,بهجورة,26.054,32.211,مركز نجع حمادى
Bahdal,بهد ال,28.12,30.699,مركز المنيا
Baharmas,بهرمس,30.158,31.109,مركز إمبابة
Bahmou,بهمو,29.368,30.852,مركز سنورس
Bahnabay,بهناباي,30.663,31.476,مركز الزقازيق
Bahnaio wa Mansha'atha,بهنايومنشأتها,30.396,31.067,مركز الباجور
Bahnamouh,بهنموه,29.072,30.915,مركز أهناسيا
Bahniya,بهنيا,30.7,31.397,مركز ديرب نجم
Bahwash,بهواش,30.406,30.904,مركز منوف
Bahout,بهوت,31.176,31.335,مركز نبروة
Bahy El-Din,بهي الدين,29.225,25.376,مركز سيوة
Bahig,بهيج,30.923,29.601,قسم برج العرب
Bahig,بهيج,27.253,31.106,مركز أسيوط
Bahida,بهيدة,30.796,31.305,مركز ميت غمر
Bawabet El-Qantara Sharq El-Gomrok,بوابة القنطرة?شرق الجمرك?,30.938,32.578,قسم القنطرة شرق
Bowalino wal Eskandarani,ب والينو والاسكندراني,31.189,29.917,قسم محرم بك
Boga,بوجة,28.21,30.669,مركز سمالوط
Port Fouad,بور فؤاد,31.236,32.33,قسم بور فؤاد
Port Said,بورسعيد,24.758,30.61,مركز الواحات الخارجة
Boreig,بوريج,30.91,30.965,مركز قطور
Bo'oq,بوق,27.388,30.833,مركز القوصية
Boulaq,بولاق,24.335,30.673,مركز الواحات الخارجة
Boulaq El-Dakrour,بولاق الدكرور,30.036,31.194,قسم بولاق الدكرور
Boulin El-Fawayed,بولين الفوايد,30.738,30.714,مركز كوم حمادة
Bohet Shatanouf,بوهةشطانوف,30.259,31.035,مركز أشمون
Bowait,بويط,31.096,30.553,مركز الرحمانية
Bowait,بويط,27.042,31.392,مركز ساحل سليم
Bey El-Arab,بي العرب,30.398,31.03,مركز الباجور
Bayad El-Arab,بياض العرب,29.061,31.137,مركز بنى سويف
Biban,بيبان,30.781,30.669,مركز كوم حمادة
Beit El-Khuraybi,بيت الخريبي,26.33,31.801,مركز جرجا
Beit Khalaf,بيتخلاف,26.321,31.788,مركز جرجا
Beit Dawoud Sahel,بيتداودسهل,26.304,31.811,مركز جرجا
Beit Allam,بيتعلام,26.252,31.862,مركز جرجا
Begam,بيجام,30.134,31.252,قسم أول شبرا الخيمة
Bidaf,بيدف,29.649,31.232,مركز العياط
Bi'r 4,بئر 4,26.899,27.675,مركز الفرافرة
Bi'r 5,بئر 5,26.931,27.624,مركز الفرافرة
Bi'r 6,بئر 6,26.911,27.8,مركز الفرافرة
Bi'r 7,بئر 7,26.903,27.583,مركز الفرافرة
Bir El-Talatt,بير التلات,31.1,25.836,قسم سيدى برانى
Bi'r El-Zeitouna,بئر الزيتونة,28.565,33.953,قسم سانت كاترين
Bir El-Orouq,بير العروق,30.912,32.46,قسم القنطرة شرق
Bi'r Bada,بئربدا,30.199,34.603,قسم القسيمة
Bir Gereid,بيرجريد,29.969,34.326,قسم نخل
Bir Habita,بيرحبيطة,30.489,32.573,قسم القنطرة شرق
Bi'r Salaf,بئرسلاف,28.951,33.918,قسم أبو رديس
Bir Shams,بيرشمس,30.377,31.052,مركز الباجور
Bir Amara,بيرعمارة,30.395,31.489,مركز بلبيس
Bir Anbar,بيرعنبر,26.043,32.822,مركز قفط
Bir Madkour,بيرمدكور,30.694,32.532,قسم القنطرة شرق
Bi'r Haroun,بئرهارون,28.803,33.772,قسم سانت كاترين
Bisha Amer,بيشةعامر,30.471,31.471,مركز منيا القمح
Bisha Fayed,بيشةفايد,30.64,31.548,مركز الزقازيق
Bein El-Ganayen,بين الجناين,30.067,31.274,قسم الوايلي
Bein El-Sourein,بين الصورين,30.051,31.259,قسم الجمالية
Tag El-Dawl,تاج الدول,30.076,31.222,قسم امبابه
Tag El-Agam,تاج العجم,30.777,31.154,مركز السنطة
Tag El-Ezz,تاج العز,30.949,31.605,مركز تمى الأمديد
Tasa,تاسا,27.05,31.379,مركز ساحل سليم
Tanouf,تانوف,27.663,30.819,مركز دير مواس
Teta,تتا,30.507,30.927,مركز منوف
Tetagha,تتاغة,27.446,30.834,مركز القوصية
Taht El-Rob',تحت الربع,30.045,31.255,قسم الدرب الأحمر
Tersa,ترسا,30.299,31.194,مركز طوخ
Tersa,ترسا,29.965,31.202,مركز الجيزة
Tersa,ترسا,29.435,30.828,مركز سنورس
Ter'et Ghoneim,ترعةغنيم,31.26,31.511,مركز شربين
Terougy,تروجي,30.985,30.16,مركز ابوالمطامير
Tazment El-Sharqiya,تزمنت الشرقية,29.073,31.066,مركز بنى سويف
Tazment El-Gharbiya,تزمنت الغربية,29.07,31.043,مركز بنى سويف
Tatay,تطاي,30.705,31.09,مركز السنطة
Tatoun,تطون,29.147,30.784,مركز أطسا
Tafahnet El-Ashraf,تفاهنة الأشراف,30.672,31.353,مركز ميت غمر
Taftish Than,تفتيش ثان,31.35,31.653,مركز كفر سعد
Tafahna El-Azab,تفهنا العزب,30.598,31.246,مركز زفتى
Taqalifa,تق اليفة,29.395,30.821,مركز سنورس
Tell El-Eiss,تل العيس,30.808,29.122,قسم الحمام
Tell Narouz,تل ناروز,29.014,31.082,مركز بنى سويف
Telal El-Zouki,تل الزوكي,26.831,31.407,مركز طما
Telal El-Qadi,تل القاضي,30.756,31.499,مركز ديرب نجم
Tell Awlad Serag,تلأولادسراج,27.174,31.243,مركز الفتح
Tal Bani Tamim,تلبنيتميم,30.339,31.333,مركز شبين القناطر
Tal Bani Omran,تلبنيعمران,27.655,30.901,مركز دير مواس
Tal Hawin,تلحوين,30.597,31.44,مركز الزقازيق
Tal Rouzin,تلروزن,30.405,31.504,مركز بلبيس
Tal Mohamed,تل محمد,30.747,31.578,مركز الأبراهيمية
Tal Mesmar,تلمسمار,30.609,31.409,مركز الزقازيق
Tal Meftah,تل مفتاح,30.633,31.688,مركز أبو حماد
Talat,تلات,29.33,30.752,مركز الفيوم
Talbana,تلبانة,30.983,31.464,مركز المنصورة
Talbana,تلبانة,30.48,31.443,مركز منيا القمح
Talbana,تلبانة,30.945,30.547,مركز إيتاى البارود
Tal Baqa,تلبقا,30.766,30.621,مركز كوم حمادة
Talbent Abshish,تلبنتأبشيش,30.456,31.1,مركز الباجور
Talbent Aga,تلبنتأجا,30.957,31.298,مركز أجا
Talbent Qaysar,تلبنتقيصر,30.879,30.893,مركز طنطا
Talla,تلة,28.079,30.718,مركز المنيا
Telt,تلت,28.858,30.822,مركز الفشن
Tal Rak,تلراك,30.902,31.743,مركز أولاد صقر
Talwana,تلوانة,30.386,30.998,مركز الباجور
Teliga,تليجة,30.764,31.646,مركز كفر صقر
Tanda,تندة,27.687,30.771,مركز ملوى
Tanida,تنيدة,25.838,29.221,مركز الوحات الداخلة
Toshka Sharq,توشكى شرق,24.453,33.076,مركز نصر
Toshka Gharb,توشكى غرب,24.453,33.051,مركز نصر
Toumas wa Afiya,توماسوعافية,25.38,32.491,مركز إسنا
Toumas wa Afiya,توماسوعافية,24.596,32.978,مركز نصر
Tounah El-Gabal,تونة الجبل,27.78,30.731,مركز ملوى
Tunis,تونس,26.623,31.69,مركز سوهاج
Tida,تيدة,31.241,30.795,مركز سيدى سالم
Tirwa,تيروة,31.096,31.249,مركز نبروة
Thaletha,ث الثه,24.057,32.88,قسم أسوان
Than Port Fouad,ثان بور فؤاد,31.17,32.318,قسم ثان بور فؤاد
Thaniya,ثانيه,24.062,32.905,قسم أسوان
Garden City,جاردنسيتي,30.035,31.233,قسم قصر النيل
Galya,ج الية,30.969,31.437,مركز المنصورة
Game' Sultan,جامعسلطان,31.187,29.902,قسم كرموز
Game'et El-Azhar,جامعة الأزهر,30.059,31.318,قسم ثانمدينةنصر
Gabbarsal El-Bahariya,جبارس البحرية,30.884,30.576,مركز إيتاى البارود
Gabbarsal El-Qibliya,جبارس القبلية,30.872,30.583,مركز إيتاى البارود
Gabal Abu Seir,جبل أبوصير,29.216,31.037,مركز ناصر
Gabal Abu Khosheib,جبلأبوخشيب,30.21,32.879,قسم القنطرة شرق
Gabal El-Teir,جبل الطير,28.252,30.756,مركز سمالوط
Gabal El-Mozallel wal Zaraniq,جبل المظلل والزرانيق,28.797,33.689,قسم سانت كاترين
Gabal El-Nour,جبل النور,28.987,31.049,مركز ببا
Gabla,جبلة,29.414,30.898,مركز سنورس
Gahdam,جحدم,27.218,30.998,مركز منفلوط
Gadam,جدام,30.704,30.873,مركز تلا
Gedida El-Manzala,جديدة المنزلة,31.159,31.911,مركز المنزلة
Gedida El-Hala,جديدة اله الة,31.007,31.465,مركز المنصورة
Gedila,جديله,31.065,31.431,قسم ثان المنصورة
Garagous,جراجوس,25.871,32.762,مركز قوص
Garah,جراح,30.933,31.271,مركز أجا
Garawla,جراولة,31.269,27.341,قسم مرسى مطروح
Gardou,جردو,29.294,30.703,مركز أطسا
Garza,جرزة,29.452,31.188,مركز العياط
Garf Hussein,جرفحسين,24.634,32.943,مركز نصر
Garf Sarhan,جرفسرحان,27.586,30.842,مركز ديروط
Garfas,جرفس,29.397,30.875,مركز سنورس
Garwan,جروان,30.433,31.009,مركز الباجور
Gereis,جريس,27.924,30.768,مركز ابو قرقاص
Gereis wa Ezbet'ha,جريسوعزبتها,30.331,30.931,مركز أشمون
Goz' men Madinet El-Asher - Mogawarat men 35 - 67,جزء من مدينة العاشر-مجاورات من 35 - 67,30.222,31.732,قسم اول مدينة العاشر من رمضان
Goz' men Madinet El-Asher Mogawarat men 1 - 34,جزء من مدينة العاشر مجاورات من 1 - 34,30.238,31.7,قسم ثان مدينه العاشر من رمضان
Gazaya,جزاية,30.184,31.031,مركز إمبابة
Gazayer Eissa,جزائرعيسي,30.856,30.597,مركز الدلنجات
Gazi,جزي,30.47,30.858,مركز منوف
Geziret Mohamed,جزيرة محمد,30.112,31.189,قسم الوراق
Geziret Abu Saleh,جزيرة أبو صالح,29.157,31.177,مركز ناصر
Geziret El-Hagar,جزيرة الحجر,30.56,30.845,مركز الشهداء
Geziret El-Hamoudi,جزيرة الحمودي,26.07,32.376,مركز الوقف
Geziret El-Khazendariya,جزيرة الخزندارية,26.78,31.516,مركز طهطا
Geziret El-Dahab,جزيرة الدهب,29.981,31.216,قسم الجيزة
Geziret El-Doum,جزيرة الدوم,26.133,32.156,مركز أبو طشت
Geziret El-Shouraniya,جزيرة الشورانية,26.699,31.626,مركز المراغة
Geziret El-Sheikh,جزيرة الشيخ,30.71,31.737,مركز أبوكبير
Geziret El-Tawabya,جزيرة الطوابية,26.129,32.569,مركز قنا
Geziret El-Awamiya,جزيرة العوامية,25.687,32.633,قسم الأقصر
Geziret El-Foqa'i,جزيرة الفقاعي,28.891,30.931,مركز ببا
Geziret El-Kareimat,جزيرة الكريمات,29.241,31.233,مركز أطفيح
Geziret El-Mosa'ada,جزيرة المساعدة,29.348,31.21,مركز الواسطى
Geziret El-Ma'abda El-Bahariya,جزيرة المعابدة البحرية,27.393,30.937,مركز منفلوط
Geziret El-Montaser,جزيرة المنتصر,26.55,31.799,مركز المنشأة
Geziret El-Nour,جزيرة النور,29.363,31.219,مركز الواسطى
Geziret El-Wokliya,جزيرة الوكلية,28.843,30.913,مركز الفشن
Geziret Imbaba,جزيرةامبابة,30.075,31.216,قسم امبابه
Geziret Awlad Hamza,جزيرة أولاد حمزة,26.394,31.84,مركز العسيرات
Geziret Biba,جزيرة ببا,28.913,30.987,مركز ببا
Geziret Badran,جزيرةبدران,30.072,31.242,قسم روضالفرج
Geziret Bali,جزيرةبلي,30.415,31.301,مركز بنها
Geziret Baharif,جزيرةبهريف,24.179,32.87,مركز أسوان
Geziret Bahig,جزيرةبهيج,27.268,31.131,مركز أبنوب
Geziret Tal Bani Omran,جزيرةتلبنيعمران,27.665,30.885,مركز دير مواس
Geziret Tiran,جزيرةتيران,27.965,34.571,قسم شرم الشيخ
Geziret Rageh,جزيرةراجح,25.232,32.62,مركز إسنا
Geziret Saoudi,جزيرةسعودي,30.849,31.979,مركز الحسينية
Geziret Sharouna,جزيرةشارونة,28.638,30.866,مركز مغاغة
Geziret Shendweil,جزيرةشندويل,26.615,31.644,مركز سوهاج
Geziret Sheiba,جزيرةشيبة,27.964,30.874,مركز ابو قرقاص
Geziret Sanafir,جزيرةصنافير,27.933,34.72,قسم شرم الشيخ
Geziret Tama,جزيرة طما,26.921,31.453,مركز طما
Geziret Mahrous,جزيرةمحروس,26.546,31.729,مركز أخميم
Geziret Matawe',جزيرةمطاوع,30.881,31.77,مركز أولاد صقر
Geziret Mateira,جزيرةمطيرة,25.883,32.737,مركز قوص
Geziret Mit Oqba,جزيرةميتعقبة,30.06,31.203,قسم العجوزة
Geziret Nakla,جزيرةنكلا,30.935,30.773,مركز شبراخيت
Geziret El-Ahrar - El-A'gam,جزيره الأحرار - الأعجام,30.353,31.118,مركز طوخ
Gesr Shubra,جسرشبرا,30.077,31.248,قسم شبرا
Gosfa,جصفا,30.651,31.333,مركز ميت غمر
Ga'eif,جعيف,30.896,30.597,مركز إيتاى البارود
Galal,جل ال,31.059,28.184,مركز الضبعة
Galal El-Sharqiya,جل ال الشرقية,27.701,30.87,مركز ملوى
Galbana,جلبانة,30.929,32.505,قسم القنطرة شرق
Galmouh,جلموه,30.858,31.311,مركز أجا
Gamgara,جمجرة,30.507,31.237,مركز بنها
Gamgamoun,جمجمون,31.121,30.681,مركز دسوق
Gamsa,جمسة,27.491,33.562,قسم ثان الغردقة
Gamasa,جمصة,31.442,31.57,مركز كفر سعد
Game'yet El-Wadi El-Gedid,جمعية الوادى الجديد,26.979,27.805,مركز الفرافرة
Gameiza Belgay,جميزةبلجاي,30.955,31.388,مركز المنصورة
Gameiza Bani Amro,جميزةبنيعمرو,30.802,31.554,مركز ديرب نجم
Gamei'a,جميعة,30.926,28.433,مركز الضبعة
Ganag,جناج,31.011,30.788,مركز بسيون
Ganah,جناح,25.376,30.548,مركز الواحات الخارجة
Ganah 1,جناح 1,25.059,30.161,مركز الواحات الخارجة
Ganah 3,جناح 3,24.162,29.714,مركز الواحات الخارجة
Ganah 7,جناح 7,24.61,29.847,مركز الواحات الخارجة
Ganayen El-Wayliya,جناين الوايلية,30.07,31.274,قسم الوايلي
Ganbway,جنبواي,30.962,30.569,مركز إيتاى البارود
Ganzour,جنزور,30.683,31.031,مركز بركة السبع
Juheina al-Bahariya,جهينة البحرية,30.717,31.828,مركز فاقوس
Juheina al-Sharqiya,جهينة الشرقية,26.648,31.523,مركز جهينة الغربية
Jawada,جوادة,28.376,30.702,مركز مطاى
Jawjar,جوجر,31.055,31.355,مركز طلخا
Gawda Moussa,جودة موسى,30.569,31.032,قسم شبين الكوم
Jawz Abu Ra'd,جوزأبورعد,31.097,34.206,قسم رفح
Gawhar al-Qa'id,جوهر القائد,30.05,31.258,قسم الجمالية
Hagar Qena,حاجر قنا,26.164,32.735,قسم قنا
Hagar Bani Suleiman,حاجربنيسليمان,29.167,30.99,مركز بنى سويف
Hagar Mishta,حاجرمشطا,26.806,31.366,مركز طهطا
Haze'q,حاذق,31.247,31.18,مركز بيلا
Haret al-Roum,حارة الروم,30.043,31.261,قسم الدرب الأحمر
Haret al-Faraheda,حارة الفراهدة,31.192,29.896,قسم اللبان
Haret Oula,حارةأولي,30.023,31.212,قسم الجيزة
Haret Talta,حارةث الثة,30.012,31.212,قسم الجيزة
Haret Tanya,حارةثانبة,30.01,31.218,قسم الجيزة
Haret Rab'a,حارةرابعة,30.005,31.215,قسم الجيزة
Haret Madawwara,حارةمدورة,31.201,29.886,قسم الجمرك
Hanout,حانوت,30.904,31.65,مركز كفر صقر
Hanout,حانوت,30.776,31.221,مركز زفتى
Habata,حباطة,31.185,25.385,قسم السلوم
Habib al-Sakhawi,حبيب السخاوي,30.98,31.159,قسم ثان المحلة الكبرى
Hatawa,حتاوة,30.953,27.158,قسم مرسى مطروح
Haggaga,حجاجة,31.248,31.774,مركز فارسكور
Hegaza,حجازة,25.849,32.8,مركز قوص
Hegaza Bahari,حجازةبحري,25.89,32.813,مركز قوص
Hagar al-Nawatiya,حجر النواتية,31.217,29.983,قسم ثان الرمل
Hada'iq al-Qubba,حدائق القبة,30.087,31.279,قسم حدائقالقبة
Hada'iq Zeinhom,حدائقزينهم,30.024,31.248,قسم السيدة زينب
Hira',حراء,30.657,30.671,مركز بدر
Harara,حرارة,30.9,30.367,مركز حوش عيسى
Hassan - Hassan Ayat,حسن - حسن ايات,28.192,30.665,مركز سمالوط
Hassan Hassan Amer,حسن حسن عامر,30.575,31.005,قسم شبين الكوم
Hussein Abu al-Yusr,حسين أبواليسر,30.191,29.86,قسم غرب النوبارية
Hussein Sayed,حسين سيد,30.954,31.167,قسم أول المحلة الكبرى
Hasset Abyar,حصةأبيار,30.907,30.818,مركز بسيون
Hasset Akwa,حصةأكوة,30.733,30.83,مركز كفر الزيات
Hasset al-Ruhban,حصة الرهبان,30.753,31.375,مركز ديرب نجم
Hasset al-Dahriya,حصة الضهرية,30.863,30.757,مركز إيتاى البارود
Hasset al-Ghuneimi,حصة الغنيمي,31.149,30.789,مركز قلين
Hasset al-Manasra,حصة المناصرة,30.787,31.914,مركز الحسينية
Hasset Barma,حصةبرما,30.853,30.889,مركز طنطا
Hasset Shabshir,حصةشبشير,30.865,31.045,مركز طنطا
Hasset Melig,حصةمليج,30.612,31.047,مركز شبين الكوم
Hatiya al-Sheikh Marzouq,حطية الشيخ مرزوق,26.88,27.935,مركز الفرافرة
Hafs,حفص,30.973,30.345,مركز دمنهور
Hafna,حفنا,30.412,31.458,مركز بلبيس
Hakr al-Tebbin,حكر التبين,29.797,31.307,قسم التبين
Halaba wa Kafr al-Sabil,حلابةوكفر السبيل,30.208,31.195,مركز قليوب
Halazin,حلازين,31.341,26.729,قسم مرسى مطروح
Halayeb,حلايب,22.682,35.931,قسم حلايب
Halfaya,حلفاية,31.27,25.111,قسم السلوم
Helmiet al-Zeitoun,حلمية الزيتون,30.118,31.317,قسم عينشمس
Helmiet al-Na'am,حلمية النعام,30.118,31.331,قسم عينشمس
Helwan al-Bahariya,حلوان البحرية,29.841,31.354,قسم حلوان
Helwan al-Balad,حلوان البلد,29.843,31.307,قسم حلوان
Helwan al-Sharqiya,حلوان الشرقية,29.863,31.343,قسم حلوان
Helwan al-Gharbiya,حلوان الغربية,29.85,31.33,قسم حلوان
Helwan al-Qibliya,حلوان القبلية,29.824,31.334,قسم حلوان
Helwa,حلوة,28.446,30.667,مركز مطاى
Huleis,حليس,31.183,30.932,مركز كفر الشيخ
Halifiya,حليفيا,29.637,33.281,قسم رأس سدر
Hamada,حمادة,31.099,31.721,مركز دكرنس
Hamada,حمادة,30.962,31.827,مركز أولاد صقر
Hamada,حماضة,28.517,30.865,مركز بنى مزار
Hamret Doum,حمرةدوم,26.12,32.329,مركز نجع حمادى
Hamlis,حمليص,30.991,29.595,قسم برج العرب
Hamida al-Jundi,حميدة الجندي,28.682,30.824,مركز مغاغة
Hanoun,حنون,30.668,31.168,مركز زفتى
Hawd al-Nada,حوض الندى,30.468,31.553,مركز بلبيس
Hawd al-Zuhour,حوض الزهور,30.064,31.238,قسم بولاق
Hawd al-Tarfa,حوض الطرفة,30.626,31.401,مركز الزقازيق
Hawd Amsa'ada,حوضأمسعادة,30.343,32.513,قسم القنطرة شرق
Hawd Sukkara wa Abu Hamad,حوضسكرةوأبوحمد,30.808,29.575,قسم برج العرب
Hawd Faris,حوض فارس,30.914,30.599,مركز إيتاى البارود
Hawd Nagih,حوضنجيح,30.656,31.641,مركز ههيا
Huwein,حوين,30.991,30.92,مركز قطور
Hayy al-Sheikh Zayed,حى الشيخ زايد,30.612,32.291,قسم ثالث الاسماعيلية
Hayy al-Kawthar,حى الكوثر,26.555,31.722,قسم الكوثر
Hayy al-Masa'id,حى المساعيد,31.079,33.8,قسم ثالث العريش
Khareg al-Zemam,خارج الزمام,31.443,31.979,مركز دمياط
Khareg al-Zemam,خارج الزمام,31.484,30.66,مركز سيدى سالم
Khareg al-Zemam,خارج الزمام,30.365,32.164,مركز الاسماعيلية
Khareg al-Zemam,خارج الزمام,30.382,31.935,مركز التل الكبير
Khareg Zemam al-Shiyakhat,خارج زمام الشياخات,29.986,30.982,قسم أول 6 أكتوبر
Khareg Zemam al-Shiyakhat,خارج زمام الشياخات,29.941,30.894,قسم ثان 6 أكتوبر
Khareg Kordon Qita' al-Hamoul,خارج كردون قطاعالحامول,31.562,30.922,مركز الحامول
Kharfa,خارفة,27.506,30.81,مركز ديروط
Kharfa Girga,خارفةجرجا,26.337,31.858,مركز جرجا
Khariqat al-Manshaat,خارقة المنشأة,26.443,31.791,مركز المنشأة
Khaled Ibn al-Walid,خالد بن الوليد,30.558,30.715,مركز بدر
Khan al-Khalili,خان الخليلي,30.05,31.263,قسم الجمالية
Khabbata,خباطة,31.004,30.906,مركز قطور
Kharbata,خربتا,30.749,30.666,مركز كوم حمادة
Khersit,خرسيت,30.828,30.979,مركز طنطا
Kharita 1,خريطه 1,24.533,33.072,مركز نصر
Khuzam,خزام,25.77,32.746,مركز قوص
Khashm al-Aish,خشم العيش,30.516,29.034,قسم الحمام
Khalf,خلف,29.263,30.696,مركز أطسا
Khalwet Abu Hatab,خلوة أبو حطب,30.66,31.542,مركز ههيا
Khalwet al-Sha'rawi,خلوة الشعراوي,30.602,31.391,مركز منيا القمح
Khalwet Sanhara,خلوةسنهرة,30.277,31.24,مركز طوخ
Khammara,خمارة,30.866,30.616,مركز إيتاى البارود
Khamisa,خميسة,29.24,25.252,مركز سيوة
Khuneiza,خنيزة,30.708,30.675,مركز كوم حمادة
Khorshid al-Bahariya,خورشيد البحرية,31.213,30.031,قسم المنتزة
Kheirat,خيرت,30.037,31.241,قسم السيدة زينب
Dr. Mohamed Abdel Wahab,د. محمد عبدالوهاب,30.451,30.063,قسم غرب النوبارية
Dabour,دابور,24.582,32.936,مركز نصر
Dar al-Ramad,دار الرماد,29.291,30.868,قسم الفيوم
Dar al-Salam,دار السلام,29.986,31.244,قسم البساتين
Dar al-Salam,دار السلام,31.316,31.595,مركز كفر سعد
Dar al-Salam,دار السلام,31.118,31.978,مركز المنزلة
Dar al-Salam,دار السلام,31.098,31.407,مركز طلخا
Dar al-Salam,دار السلام,31.199,31.097,مركز بيلا
Dar al-Salam,دار السلام,29.441,30.949,مركز طامية
Dar al-Salam,دار السلام,24.484,33.071,مركز نصر
Daqouf,داقوف,28.386,30.643,مركز سمالوط
Danyal,داني ال,29.134,30.741,مركز أطسا
Dawoud,داود,26.81,31.417,مركز طهطا
Dabarki,دبركي,30.51,30.884,مركز منوف
Dabou Awam,دبوعوام,31.006,31.502,مركز المنصورة
Dabig,دبيج,30.807,31.482,مركز ديرب نجم
Dagwi,دجوي,30.383,31.125,مركز بنها
Dakhmis,دخميس,31.122,31.069,مركز المحله الكبرى
Daragil,دراجيل,30.662,30.867,مركز الشهداء
Darb al-Arba'in al-Oula,درب الأربعين الأولى,22.623,30.261,مركز باريس
Darb al-Arba'in al-Talta,درب الأربعين الثالثة,22.363,30.03,مركز باريس
Darb al-Arba'in al-Tanya,درب الأربعين الثانية,22.425,30.53,مركز باريس
Darb al-Arba'in al-Rab'a,درب الأربعين الرابعة,22.161,30.337,مركز باريس
Darb Shughlan wal-Gharib,درب شغلان والغريب,30.041,31.263,قسم الدرب الأحمر
Darb al-Iqma'iya,درب الإقماعية,30.057,31.258,قسم باب الشعرية
Darb al-Gamamiz,درب الجماميز,30.035,31.251,قسم السيدة زينب
Darb al-Gineina,درب الجنينة,30.052,31.251,قسم الموسكي
Darb al-Hasr,درب الحصر,30.03,31.255,قسم الخليفة
Darb Sa'ada,دربسعادة,30.046,31.258,قسم الدرب الأحمر
Darb Ghaziya,دربغزية,30.023,31.254,قسم الخليفة
Darb Nasr,درب نصر,30.063,31.235,قسم بولاق
Darshaba,درشابة,31.136,30.615,مركز الرحمانية
Darshay,درشاي,30.792,30.536,مركز الدلنجات
Daranka,درنكة,27.133,31.188,مركز أسيوط
Darwa,دروة,30.868,31.377,مركز أجا
Darwa,دروة,30.229,31.097,مركز أشمون
Darwa,دروة,27.738,30.735,مركز ملوى
Darwish,درويش,30.862,31.861,مركز فاقوس
Darein,درين,31.103,31.275,مركز نبروة
Dust al-Ashraf,دست الأشراف,30.727,30.657,مركز كوم حمادة
Dasounis al-Halfaya,دسونس الحلفاية,31.043,30.168,مركز ابوحمص
Dasounis Amdinar,دسونسأمدينار,31.001,30.521,مركز دمنهور
Dasya,دسيا,29.299,30.774,مركز الفيوم
Dasya al-Kanayes,دسيا الكنايس,31.159,30.559,مركز المحمودية
Dashasha,دشاشة,29.002,30.846,مركز سمسطا
Dashtout,دشطوط,28.997,30.881,مركز سمسطا
Dashlout,دشلوط,27.577,30.722,مركز ديروط
Dafra,دفرة,30.723,31.025,مركز طنطا
Dafriya,دفرية,31.066,30.932,مركز كفر الشيخ
Dafsh,دفش,28.352,30.705,مركز سمالوط
Daqdouqa,دقدوقة,30.871,30.636,مركز إيتاى البارود
Daqarn,دقرن,30.891,30.792,مركز كفر الزيات
Daqalt,دقلت,31.17,30.96,مركز كفر الشيخ
Daqmeira,دقميرة,31.193,31.01,مركز كفر الشيخ
Daqahla,دقهلة,31.249,31.693,مركز الزرقا
Dakran,دكران,26.965,31.283,مركز أبوتيج
Dakma,دكما,30.541,30.953,مركز شبين الكوم
Dakouda,دكودة,30.864,30.941,مركز طنطا
Dalas,دلاص,29.19,31.126,مركز ناصر
Dalbshan,دلبشان,30.772,30.814,مركز كفر الزيات
Dalga,دلجا,27.653,30.709,مركز دير مواس
Dalqam,دلقام,28.331,30.647,مركز سمالوط
Dalhans,دلهانس,28.822,30.816,مركز الفشن
Dalhamou,دلهمو,30.341,30.845,مركز أشمون
Damaris,دماريس,28.132,30.729,مركز المنيا
Damas,دماص,30.808,31.33,مركز ميت غمر
Damat,دماط,30.948,30.968,مركز قطور
Damtanou,دمتنو,31.062,31.117,مركز المحله الكبرى
Damtiwah,دمتيوه,30.785,30.73,مركز كوم حمادة
Damrou,دمرو,31.341,30.739,مركز سيدى سالم
Damrou Khammara,دمروخمارة,31.086,31.14,مركز المحله الكبرى
Damrou Salman,دمروسلمان,31.175,30.681,مركز دسوق
Damshaw Hashem,دمشاوهاشم,28.027,30.712,مركز المنيا
Damashqin,دمشقين,29.234,30.936,مركز الفيوم
Damshalt,دمشلت,31.12,31.525,مركز دكرنس
Damshali,دمشلي,30.52,30.82,مركز كوم حمادة
Damshit,دمشيت,30.882,31.033,مركز طنطا
Damshir,دمشير,28.154,30.694,مركز المنيا
Damlou,دملو,30.517,31.197,مركز بنها
Damlig,دمليج,30.422,30.886,مركز منوف
Damanka,دمنكة,31.104,30.714,مركز دسوق
Damanhour,دمنهور,27.355,30.945,مركز منفلوط
Damanhour al-Wahsh,دمنهور الوحش,30.67,31.2,مركز زفتى
Damanhour Shubra,دمنهور شبرا,30.126,31.24,قسم أول شبرا الخيمة
Damnou,دمنو,26.533,31.681,مركز سوهاج
Damhoug,دمهوج,30.598,31.196,مركز قويسنا
Damou,دمو,29.302,30.923,مركز الفيوم
Damoushiya,دموشيا,29.088,31.026,مركز بنى سويف
Damwah,دموه,31.098,31.553,مركز دكرنس
Dameira,دميرة,31.133,31.374,مركز طلخا
Dameisna,دميسنا,30.897,30.731,مركز إيتاى البارود
Dana al-Gedida wa Ezbet al-Wastaniya,دنا الجديدةوعزبة الوسطانية,31.232,29.985,قسم أول الرمل
Danasour,دناصور,30.604,30.821,مركز الشهداء
Dangaway,دنجواي,31.202,31.559,مركز شربين
Dandara,دندرة,26.143,32.661,مركز قنا
Dandana,دندنا,30.331,31.208,مركز طوخ
Dandit wa Kafr Mahmoud Nafe',دنديطوكفرمحمودنافع,30.684,31.321,مركز ميت غمر
Dandil,دنديل,29.177,31.036,مركز ناصر
Danshal,دنش ال,30.967,30.522,مركز دمنهور
Denshawy,دنشواي,30.597,30.854,مركز الشهداء
Danfiq,دنفيق,25.859,32.717,مركز نقادة
Danawsher,دنوشر,30.959,31.098,مركز المحله الكبرى
Dahtoura,دهتورة,30.746,31.222,مركز زفتى
Dahrout,دهروط,28.609,30.797,مركز مغاغة
Dahshour,دهشور,29.759,31.241,مركز البدرشين
Dahmaru,دهمرو,28.69,30.814,مركز مغاغة
Dahmasha,دهمشا,30.411,31.408,مركز مشتول السوق
Dahmit,دهميت,24.587,32.921,مركز نصر
Duwar Juheina,دوارجهينة,30.703,31.829,مركز فاقوس
Dawasat al-Hasanat - al-Ruwaysat,دواسات الحصانات - الرويسات,28.105,34.24,قسم شرم الشيخ
Dawwama,دوامة,30.762,31.884,مركز فاقوس
Duwayda,دويدة,30.672,31.418,مركز الزقازيق
Duwayna,دوينة,27.074,31.259,مركز أبوتيج
Dibi,ديبي,31.323,30.515,مركز رشيد
Deir Abu Hinnis,دير ابو حنس,27.789,30.902,مركز ملوى
Deir al-Barsha,دير البرشا,27.763,30.893,مركز ملوى
Deir al-Jabrawi,دير الجبراوي,27.32,31.087,مركز أبنوب
Deir al-Jarnus,دير الجرنوس,28.611,30.699,مركز مغاغة
Deir al-Janadla,دير الجنادلة,26.957,31.3,مركز الغنايم
Deir al-Sanqariya,دير السنقرية,28.492,30.665,مركز بنى مزار
Deir al-Quseir,دير القصير,27.504,30.873,مركز القوصية
Deir al-Maimun,دير الميمون,29.247,31.219,مركز أطفيح
Deir Barawa,ديربراوه,29.029,30.92,مركز أهناسيا
Deir Basra,ديربصرة,27.172,31.271,مركز الفتح
Deir Tasa,ديرتاسا,27.061,31.396,مركز ساحل سليم
Deir Jabal al-Teir,ديرجبل الطير,28.295,30.744,مركز سمالوط
Deir Dronka,ديردرنكة,27.104,31.176,مركز أسيوط
Deir Samalut,دير سمالوط,28.3,30.675,مركز سمالوط
Deir Shu,ديرشو,27.294,31.143,مركز أبنوب
Deir Atiya,دير عطية,28.017,30.738,مركز المنيا
Deir Amis,ديرامس,31.107,30.248,مركز ابوحمص
Deir bil-Khidr,ديرب الخضر,31.065,31.649,مركز بنى عبيد
Deir bil-Souq,ديرب السوق,30.802,31.448,مركز ديرب نجم
Deir Babqatars,ديرببقطارس,30.927,31.325,مركز أجا
Deir Bahashim,ديرب هاشم,31.0,31.173,مركز المحله الكبرى
Deirout,ديروط,31.23,30.491,مركز المحمودية
Deirout al-Sharif,ديروط الشريف,27.577,30.811,مركز ديروط
Deirout Amankhala,ديروطأمنخلة,27.745,30.763,مركز ملوى
Disht,ديسط,31.147,31.441,مركز طلخا
Diwa al-Wusta,دي والوسطي,30.898,31.528,مركز السنبلاوين
Dhat al-Koum,ذات الكوم,30.17,31.076,مركز إمبابة
Dhakhira,ذخيرة,25.885,29.216,مركز الوحات الداخلة
Rabi'a,رابعة,30.999,32.713,قسم رمانة
Rabi'a al-Adawiya,رابعة العدوية,30.069,31.323,قسم أول مدينة نصر
Ras al-Hikma - Abu Haggag,رأس الحكمة - أبو حجاج,31.201,27.836,قسم مرسى مطروح
Ras al-Tin,رأس التين,31.204,29.874,قسم الجمرك
Ras al-Khalij,رأس الخليج,31.273,31.63,مركز شربين
Ras al-Sa'da,رأس الصعدة,29.045,34.515,قسم نويبع
Ras al-Mani,رأس المني,31.353,25.579,قسم سيدى برانى
Ras al-Naqb,رأس النقب,29.584,34.696,قسم نخل
Ras Hadriya,رأسحدرية,22.817,35.786,قسم شلاتين
Ras Mal'ab,رأسملعب,29.147,33.022,قسم أبو رديس
Ras Nasrani,رأسنصراني,28.09,34.363,قسم شرم الشيخ
Ra'i al-Safra,راعي الصفراء,31.241,25.601,قسم سيدى برانى
Ragheb Basha,راغبباشا,31.186,29.906,قسم محرم بك
Rub' Shandit,ربعشنديد,30.914,30.683,مركز إيتاى البارود
Rahbat Abidin,رحبةعابدين,30.042,31.251,قسم عابدين
Razafa,رزافة,30.898,30.527,مركز الدلنجات
Razfa Amay,رزفة أماى,31.092,30.911,مركز كفر الشيخ
Rizqat al-Shinawy,رزقة الشناوى,31.091,30.874,مركز كفر الشيخ
Rizqat al-Deir al-Muharraq,رزقة الدير المحرق,27.381,30.785,مركز القوصية
Rizqat al-Masharqa,رزقة المشارقة,28.924,30.945,مركز ببا
Rifa'a,رفاعة,26.079,32.126,مركز فرشوط
Rummana,رمانة,31.019,32.59,قسم رمانة
Ramsis,رمسيس,30.83,30.648,مركز إيتاى البارود
Ramlat al-Anjab,رملة الأنجب,30.375,30.944,مركز أشمون
Rawafi' al-Isawiya,روافع العيساوية,26.512,31.787,مركز المنشأة
Rawafi' al-Quseir,روافع القصير,26.514,31.712,مركز سوهاج
Riwaq,رواق,29.269,30.618,مركز يوسف الصديق
Rawd al-Farag al-Balad,روضالفرج البلد,30.078,31.233,قسم روضالفرج
Rawdat Khairy,روضةخيري,31.047,30.344,مركز ابوحمص
Ruwaina,روينة,31.119,30.891,مركز كفر الشيخ
Riyad,رياض,29.109,31.101,مركز بنى سويف
Rihana,ريحانة,27.98,30.746,مركز ابو قرقاص
Rida,ريدة,28.023,30.759,مركز المنيا
Reis,ريس,28.076,28.72,قسم الواحاتالبحرية
Rifa,ريفة,27.092,31.204,مركز أسيوط
Zawiyat Abu Shusha,زاويةأبوشوشة,30.812,30.51,مركز الدلنجات
Zawiyat Abu Muslim,زاويةأبومسلم,29.934,31.172,مركز الجيزة
Zawiyat al-Ahadab,زاوية الأحداب,30.945,25.336,قسم السلوم
Zawiyat al-Bahr,زاوية البحر,30.706,30.755,مركز كوم حمادة
Zawiyat al-Baqli,زاوية البقلي,30.625,30.819,مركز الشهداء
Zawiyat al-Judami,زاوية الجدامي,28.701,30.898,مركز مغاغة
Zawiyat al-Sheikh wal-Souq,زاوية الشيخ والسوق,30.986,25.962,قسم سيدى برانى
Zawiyat al-Awwama,زاوية العوامة,31.07,28.061,مركز الضبعة
Zawiyat al-Qabaniya,زاوية القبانية,31.202,29.878,قسم الجمرك
Zawiyat al-Kurdasa,زاوية الكرداسة,29.347,30.829,مركز الفيوم
Zawiyat al-Maslub,زاوية المصلوب,29.287,31.194,مركز الواسطى
Zawiyat al-Na'oura,زاوية الناعورة,30.546,30.874,مركز الشهداء
Zawiyat al-Nawiya,زاوية الناوية,28.911,30.879,مركز ببا
Zawiyat al-Naggar,زاوية النجار,30.179,31.3,مركز قليوب
Zawiyat Aw Suwaylim,زاويةأوسويلم,29.487,31.211,مركز العياط
Zawiyat Baramsha,زاويةبرمشا,28.725,30.702,مركز العدوة
Zawiyat Baltan,زاويةبلتان,30.399,31.161,مركز طوخ
Zawiyat Bamam,زاويةبمم,30.718,30.94,مركز تلا
Zawiyat Thabit,زاويةثابت,30.117,31.142,مركز أوسيم
Zawiyat Jarwan,زاويةجروان,30.444,31.024,مركز الباجور
Zawiyat Hatim,زاويةحاتم,27.981,30.683,مركز ابو قرقاص
Zawiyat Hammour,زاويةحمور,30.827,30.417,مركز الدلنجات
Zawiyat Khattab,زاويةخطاب,31.205,29.88,قسم الجمرك
Zawiyat Khuniza,زاويةخنيزة,30.728,30.674,مركز كوم حمادة
Zawiyat Dahshour,زاويةدهشور,29.755,31.229,مركز البدرشين
Zawiyat Razin,زاويةرزين,30.41,30.86,مركز منوف
Zawiyat Salim,زاويةس الم,30.948,30.222,مركز ابوالمطامير
Zawiyat Sultan,زاويةسلطان,28.06,30.82,مركز المنيا
Zawiyat Saqr,زاويةصقر,30.93,30.201,مركز ابوالمطامير
Zawiyat Abd al-Ati,زاويةعبد العاطي,30.716,29.216,قسم الحمام
Zawiyat Abd al-Qadir,زاويةعبد القادر,31.051,29.818,قسم العامرية
Zawiyat Ghazal,زاويةغز ال,31.112,30.457,مركز دمنهور
Zawiyat Mubarak,زاويةمبارك,30.782,30.64,مركز كوم حمادة
Zawiyat Muslim,زاويةمسلم,30.854,30.573,مركز الدلنجات
Zawiyat Na'im,زاويةنعيم,31.094,30.221,مركز ابوحمص
Zawiyat Haroun,زاويةهارون,27.6,30.771,مركز ديروط
Zubaida,زبيدة,30.819,30.714,مركز إيتاى البارود
Zarqan,زرقان,30.63,30.933,مركز تلا
Zarqoun,زرقون,31.122,30.474,مركز دمنهور
Zarnikh,زرنيخ,25.279,32.584,مركز إسنا
Za'bara,زعبرة,27.613,30.853,مركز دير مواس
Za'rabana wal-Hammam,زعربانة والحمام,31.225,29.969,قسم ثان الرمل
Za'farana,زعفرانة,27.904,30.829,مركز ابو قرقاص
Zafr,زفر,30.979,31.629,مركز تمى الأمديد
Zamran al-Nakhl,زمران النخل,30.815,30.563,مركز الدلنجات
Zamzam,زمزم,31.06,30.656,مركز شبراخيت
Zanara,زنارة,30.675,31.008,مركز تلا
Zanin,زنين,30.04,31.181,قسم بولاق الدكرور
Zahran wa Jaber,زهرانوجابر,29.796,31.276,مركز البدرشين
Zahra,زهرة,31.069,30.133,مركز كفر الدوار
Zahra,زهرة,28.188,30.733,مركز المنيا
Zahra al-Bahariya,زهرة البحرية,30.994,30.462,مركز دمنهور
Zahra al-Qibliya,زهرة القبلية,30.965,30.464,مركز دمنهور
Zour Abu al-Leil,زورأب والليل,30.936,31.816,مركز أولاد صقر
Zuwayr wa Manshaat Ibrahim Habashi,زويرومنشأةابراهيمحبشي,30.572,31.057,مركز شبين الكوم
Ziyan,زيان,31.418,31.447,مركز بلقاس
Zeid,زيد,29.351,30.695,مركز أبشواى
Zeinhom,زينهم,30.025,31.239,قسم السيدة زينب
Sahel Tahta,ساحل طهطا,26.77,31.506,قسم طهطا
Sahel al-Jawabir,ساحل الجوابر,30.639,30.878,مركز الشهداء
Sahel al-Amid,ساحل العميد,30.83,29.264,قسم الحمام
Saqula,ساقولة,28.566,30.679,مركز بنى مزار
Saqiya Abu Sha'ra,ساقيةأبوشعرة,30.328,31.083,مركز أشمون
Saqiya al-Manqadi,ساقية المنقدي,30.382,30.893,مركز أشمون
Saqiya Daqouf,ساقيةداقوف,28.411,30.621,مركز سمالوط
Saqiya Makki,ساقيةمكي,29.998,31.213,قسم الجيزة
Saqiya Mousa,ساقيةموسي,27.868,30.809,مركز ابو قرقاص
Salmana,س المانة,31.042,33.095,قسم بئر العبد
Samoul,سامول,31.052,31.141,مركز المحله الكبرى
San Stefano,ساناستفانو,31.246,29.971,قسم أول الرمل
Saw,ساو,27.556,30.754,مركز ديروط
Sabarbay,سبرباي,30.822,31.017,مركز طنطا
Sabtas,سبطاس,30.776,31.056,مركز طنطا
Sab'in Faddan,سبعين فدان,29.994,31.311,قسم الخليفة
Sibk al-Ahad wa Hassatuha wa Kafr al-Maraziqa wa Kafr al-Uwaydat,سبك الأحدوحصتهاوكفر المرازقةوكفر العويضات,30.307,31.025,مركز أشمون
Sibk al-Dahhak,سبك الضحاك,30.445,31.068,مركز الباجور
Sagin al-Koum,سجين الكوم,30.918,31.055,مركز قطور
Sahali,سح الي,31.052,30.378,مركز ابوحمص
Suhaim,سحيم,30.717,31.099,مركز السنطة
Sakha,سخا,31.098,30.953,قسم كفر الشيخ
Sadd Khamis,سدخميس,31.284,30.718,مركز سيدى سالم
Sidr al-Hitan - Jabal Hasan,سدر الحيطان - جبل حسن,30.005,33.279,قسم نخل
Sids al-Umara,سدس الأمراء,28.907,30.932,مركز ببا
Sidmant al-Jabal,سدمنت الجبل,29.128,30.919,مركز أهناسيا
Sudud,سدود,30.427,30.915,مركز منوف
Sarabit al-Khadim,سرابيط الخادم,29.052,33.374,قسم أبو رديس
Sarabium,سرابيوم,30.484,32.332,مركز فايد
Sarawa,سراوة,27.312,30.935,مركز منفلوط
Sarbu,سربو,28.95,30.842,مركز سمسطا
Sarsamouse,سرسموس,30.58,30.934,مركز الشهداء
Sarsana,سرسنا,29.403,30.96,مركز طامية
Sarsiqa,سرسيقة,30.801,30.727,مركز كوم حمادة
Sarqana,سرقنا,27.582,30.773,مركز ديروط
Saranbay,سرنباي,31.181,30.565,مركز المحمودية
Saranga,سرنجا,30.768,31.248,مركز ميت غمر
Sarwahit,سروهيت,30.403,30.976,مركز منوف
Sari,سري,30.404,31.292,مركز طوخ
Saryaqus,سرياقوس,30.198,31.325,مركز الخانكة
Sa'd Zaghloul,سعد زغلول,30.777,30.315,مركز ابوالمطامير
Sa'dallah,سعد الله,26.61,31.701,مركز سوهاج
Sa'd al-Din,سعد الدين,30.903,31.402,مركز السنبلاوين
Safay,سفاي,27.911,30.788,مركز ابو قرقاص
Safarzan - Safargal,سفرزن - سفرجل,31.166,24.952,قسم السلوم
Saflaq,سفلاق,26.646,31.703,مركز ساقلته
Saqil,سقيل,30.132,31.172,مركز أوسيم
Sukkarah,سكرة,27.247,31.04,مركز منفلوط
Skanida,سكنيدة,31.07,30.45,قسم دمنهور
Salaqus,سلاقوس,28.725,30.823,مركز العدوة
Salam,سلام,27.228,31.103,مركز أسيوط
Salamoun,سلامون,31.063,31.474,مركز المنصورة
Salamoun,سلامون,30.779,30.749,مركز كوم حمادة
Salamoun,سلامون,26.913,31.417,مركز طما
Salamoun al-Ghobar,سلامون الغبار,31.0,30.806,مركز بسيون
Salamoun Bahari,سلامونبحري,30.584,30.874,مركز الشهداء
Salamoun Qibli,سلامونقبلي,30.563,30.885,مركز الشهداء
Silka,سلكا,30.988,31.347,مركز المنصورة
Selka,سلكة,30.558,31.07,مركز شبين الكوم
Sallant,سللنت,31.019,31.43,مركز المنصورة
Salmant,سلمنت,30.377,31.416,مركز بلبيس
Salwah Bahari,سلوهبحري,24.796,32.925,مركز كوم امبو
Salwah Qibli,سلوهقبلي,24.7,32.941,مركز كوم امبو
Salim,سليم,26.851,31.42,مركز طما
Samatay,سماتاي,31.01,31.023,مركز قطور
Samaha,سماحة,30.872,31.286,مركز أجا
Samadoun,سمادون,30.344,30.954,مركز أشمون
Samadis,سماديس,31.107,30.558,مركز الرحمانية
Samakin Al-Sharq,سماكين الشرق,30.79,32.001,مركز الحسينية
Samakin Al-Gharb,سماكين الغرب,30.816,31.884,مركز الحسينية
Samalig,سم اليج,30.653,31.0,مركز تلا
Saman,سمان,30.348,31.03,مركز الباجور
Samkhrat,سمخراط,31.156,30.594,مركز الرحمانية
Samla,سملا,30.92,30.999,مركز قطور
Samla,سملا,31.147,27.161,قسم مرسى مطروح
Samlay,سملاي,30.323,31.066,مركز أشمون
Samhoud,سمهود,26.142,32.037,مركز أبو طشت
Sanabada,سنابادة,31.178,30.538,مركز المحمودية
Sanan Basha,سنانباشا,30.063,31.232,قسم بولاق
Sanbara,سنبارة,31.126,31.158,مركز المحله الكبرى
Sanbat wa Hessetha,سنباطوحصتها,30.804,31.21,مركز زفتى
Sanbakht,سنبخت,30.972,31.291,مركز أجا
Sanbou Maqam,سنبومقام,30.758,31.312,مركز ميت غمر
Sanbou wa Manshaat Al-Sabahi,سنبوومنشأة الصباحي,30.647,31.203,مركز زفتى
Santaris,سنتريس,30.724,31.737,مركز أبوكبير
Santaris,سنتريس,30.307,31.059,مركز أشمون
Santamay,سنتماي,30.722,31.326,مركز ميت غمر
Sanjarg,سنجرج,30.511,30.953,مركز منوف
Sanjarg,سنجرج,27.716,30.797,مركز ملوى
Sanjalf,سنجلف,30.406,31.03,مركز الباجور
Sanjaha,سنجها,30.835,31.674,مركز كفر صقر
Sanjid,سنجيد,30.918,31.345,مركز أجا
Sand Bast,سند بسط,30.695,31.24,مركز زفتى
Sandanhour,سندانهور,30.42,31.196,مركز بنها
Sandabis,سندبيس,30.254,31.174,مركز القناطر الخيرية
Sandasis,سندسيس,31.02,31.128,مركز المحله الكبرى
Sandanhour,سندنهور,30.481,31.502,مركز بلبيس
Sandoub wa Kafr Al-Manasra,سندوب و كفر المناصرة,31.018,31.383,قسم اول المنصورة
Sandawa,سندوة,30.253,31.323,مركز الخانكة
Sandyoun,سنديون,30.248,31.207,مركز قليوب
Sandyoun,سنديون,31.243,30.518,مركز فوه
Santis,سنطيس,30.975,30.489,مركز دمنهور
Sanfa,سنفا,30.794,31.358,مركز ميت غمر
Sanqour,سنقر,30.038,31.248,قسم السيدة زينب
Sanhara,سنهرة,30.288,31.247,مركز طوخ
Sanhawa wa Manshaat Fathy,سنهواومنشأةفتحي,30.434,31.362,مركز منيا القمح
Sanhout,سنهوت,30.48,31.339,مركز منيا القمح
Sanhour,سنهور,31.073,30.555,مركز دمنهور
Sanhour,سنهور,29.417,30.76,مركز سنورس
Sanhour Al-Bahariya,سنهور البحرية,29.453,30.752,مركز سنورس
Sanhour Al-Madina,سنهور المدينة,31.132,30.721,مركز دسوق
Sanour,سنور,29.032,31.075,مركز بنى سويف
Sanour Al-Bahariya,سنور البحرية,29.389,30.726,مركز أبشواى
Sanoufar,سنوفر,29.272,30.873,مركز الفيوم
Sanita Abu Tawala,سنيطةأبوط والة,30.586,31.37,مركز منيا القمح
Sanita Al-Rifa'iyyin,سنيطة الرفاعيين,30.81,31.8,مركز فاقوس
Sawhag,سهواج,30.273,31.092,مركز أشمون
Sawada,سوادة,30.683,31.852,مركز فاقوس
Sawada,سوادة,28.099,30.774,مركز المنيا
Sawalem Abnoub,س والمأبنوب,27.248,31.139,مركز أبنوب
Sawali Samalout,سوالى سمالوس,31.256,25.406,قسم السلوم
Sawani Gaber,سوانيجابر,31.058,28.292,مركز الضبعة
Sawani Samalout,سوانيسم الوس,30.983,28.548,مركز الضبعة
Suzanne Mubarak Al-Gedida,سوزان مبارك الجديدة,30.043,31.293,منشأةناصر
Souq Al-Turk,سوق الترك,31.2,29.89,قسم المنشية
Souq Al-Gomaa wa Al-Mounir,سوق الجمعة والمنير,31.188,29.888,قسم اللبان
Souq Al-Khodar,سوق الخضار,29.082,31.093,قسم بنى سويف
Souq Al-Bersim,سوق البرسيم,31.197,29.888,قسم المنشية
Souq Al-Selah,سوق السلاح,30.037,31.26,قسم الدرب الأحمر
Souq Al-Samak Al-Qadim,سوق السمك القديم,31.199,29.886,قسم الجمرك
Souq Al-Asr,سوق العصر,30.065,31.231,قسم بولاق
Siyala,سي الة,24.627,32.95,مركز نصر
Sayed Ahmed Hassan Al-Qatt,سيد احمد حسن القط,30.564,31.013,قسم شبين الكوم
Sidna Al-Khidr,سيدنا الخضر,29.394,30.443,مركز يوسف الصديق
Sidna Suleiman,سيدنا سليمان,30.273,29.712,قسم غرب النوبارية
Sidi Bishr Bahari,سيدى بشر بحري,31.266,29.995,قسم المنتزة
Sidi Bishr Qibli,سيدى بشر قبلى,31.256,29.996,قسم المنتزة
Sidi Abdel Rahman,سيدى عبد الرحمن,31.003,28.622,مركز الضبعة
Sidi Ghazi,سيدى غازى,31.211,31.055,مركز كفر الشيخ
Sidi Gaber,سيديجابر,31.222,29.938,قسم سيدى جابر
Sidi Haneish,سيديحنيش,31.249,27.375,قسم مرسى مطروح
Sidi Shabib,سيديشبيب,31.061,28.214,مركز الضبعة
Sidi Oqba,سيديعقبة,31.251,30.447,مركز المحمودية
Sidi Omar,سيديعمر,31.315,30.457,مركز رشيد
Sidi Omar,سيديعمر,31.254,24.931,قسم السلوم
Sidi Ghazi,سيديغازي,31.059,30.099,مركز كفر الدوار
Sidi Madin,سيديمدين,30.057,31.256,قسم باب الشعرية
Seif Al-Din,سيف الدين,31.236,31.718,مركز الزرقا
Seil Habran,سيلحبران,28.666,33.623,قسم الطور
Seil Mi'ar,سيلميعر,28.629,33.701,قسم الطور
Sila,سيلا,29.361,30.973,مركز الفيوم
Sila Al-Sharqiya,سيلة الشرقية,28.442,30.703,مركز مطاى
Sila Al-Gharbiya,سيلة الغربية,28.423,30.678,مركز مطاى
Sinrou Al-Qibliya,سينرو القبلية,29.364,30.761,مركز أبشواى
Shaba,شابة,31.223,30.775,مركز دسوق
Shabour,شابور,30.802,30.77,مركز كوم حمادة
Shatarm - Tahgir,شاترم - تهجير,24.562,33.033,مركز نصر
Shatarma,شاترمه,23.88,33.041,مركز أسوان
Sharouna,شارونة,28.607,30.863,مركز مغاغة
Shalma,ش المة,31.234,30.876,مركز سيدى سالم
Shawa,شاوة,31.0,31.418,مركز المنصورة
Shabas Al-Shuhadaa,شباس الشهداء,31.093,30.756,مركز دسوق
Shabas Al-Malh,شباس الملح,31.216,30.663,مركز دسوق
Shabas Ameir,شباسعمير,31.112,30.783,مركز قلين
Shubra,شبرا,31.033,30.451,قسم دمنهور
Shubra Al-Bahw,شبرا البهو,30.957,31.353,مركز أجا
Shubra Al-Salam,شبرا السلام,30.516,31.448,مركز منيا القمح
Shubra Al-Enab,شبرا العنب,30.442,31.34,مركز منيا القمح
Shubra Al-Nakhla,شبرا النخلة,30.439,31.482,مركز بلبيس
Shubra Al-Namla,شبرا النملة,30.801,30.929,مركز طنطا
Shubra Al-Nouna,شبرا النونة,30.927,30.604,مركز إيتاى البارود
Shubra Al-Yaman,شبرا اليمن,30.844,31.213,مركز زفتى
Shubra Babel,شبرابابل,30.905,31.181,مركز المحله الكبرى
Shubra Bas,شبراباص,30.556,30.937,مركز شبين الكوم
Shubra Batoush,شبرابتوش,30.706,30.851,مركز تلا
Shubra Bakhoum,شبرابخوم,30.587,31.224,مركز قويسنا
Shubra Badin,شبرابدين,31.034,31.483,مركز المنصورة
Shubra Baloula,شبرابلولة,30.499,30.966,مركز منوف
Shubra Baloula Al-Sakhawiya,شبرابلولة السخاوية,30.959,30.939,مركز قطور
Shubra Baloula Al-Samannoudiya,شبرابلولة السمنودية,30.722,31.111,مركز السنطة
Shubra Khalfoun,شبراخلفون,30.486,31.057,مركز شبين الكوم
Shubra Ris,شبراريس,30.765,30.846,مركز كفر الزيات
Shubra Sandi,شبراسندي,30.881,31.544,مركز السنبلاوين
Shubra Shahab,شبراشهاب,30.277,31.115,مركز القناطر الخيرية
Shubra Soura,شبراصورة,30.728,31.384,مركز ديرب نجم
Shubra Qas,شبراقاص,30.753,31.068,مركز السنطة
Shubra Qabala,شبراقب الة,30.917,31.458,مركز السنبلاوين
Shubra Qabala wa Khalwat Nour Al-Din,شبراقب الةوخلوةنور الدين,30.489,31.135,مركز قويسنا
Shubra Mels,شبراملس,30.846,31.188,مركز زفتى
Shubra Malakan,شبراملكان,30.932,31.146,مركز المحله الكبرى
Shubra Mant,شبرامنت,29.937,31.189,مركز الجيزة
Shubra Nabat,شبرانبات,31.104,31.165,مركز المحله الكبرى
Shubra Nbas,شبرانباص,30.933,30.927,مركز قطور
Shubra Haris,شبراهارس,30.319,31.192,مركز طوخ
Shubra Hour,شبراهور,30.929,31.426,مركز السنبلاوين
Shubra Wasim,شبراوسيم,30.727,30.696,مركز كوم حمادة
Shubra Bil Al-Kinaniya,شبرابيل الكنانية,30.738,31.082,مركز السنطة
Shubra Tana,شبراتنا,30.99,30.799,مركز بسيون
Shubra Ris,شبراريس,30.99,30.727,مركز شبراخيت
Shubra Zanji,شبرازنجي,30.467,31.017,مركز الباجور
Shubra Tou,شبراطو,30.992,30.831,مركز بسيون
Shubrawish,شبراويش,30.871,31.263,مركز أجا
Shabshir Al-Hessa,شبشير الحصة,30.868,31.072,مركز طنطا
Shabshir Tamlay,شبشيرطملاي,30.52,30.86,مركز منوف
Shablanja,شبلنجة,30.48,31.255,مركز بنها
Shabiyat Qash,شبيةقش,30.572,31.305,مركز منيا القمح
Shagaret Mariam,شجرةمريم,30.124,31.313,قسم المطرية
Shadmooh,شدموه,29.189,30.763,مركز أطسا
Sharara,شرارة,28.016,30.83,مركز ابو قرقاص
Sharanis,شرانيس,30.541,31.164,مركز قويسنا
Sharbas,شرباص,31.274,31.679,مركز فارسكور
Sharshaba,شرشابة,30.783,31.182,مركز زفتى
Sharshima,شرشيمة,30.683,31.623,مركز ههيا
Sharq Al-Mintaqa Al-Sadisa,شرق المنطقة السادسة,30.063,31.37,قسم أول مدينة نصر
Sharqiya Al-Maasara,شرقية المعصرة,31.293,31.302,مركز بلقاس
Sharqiya Mubasher,شرقيةمباشر,30.743,31.545,مركز الأبراهيمية
Sharaks,شركس,30.052,31.235,قسم بولاق
Sharmisah,شرمساح,31.183,31.603,مركز الزرقا
Sharnoub,شرنوب,31.006,30.58,مركز دمنهور
Sharhi,شرهي,29.113,30.972,مركز أهناسيا
Sharwida,شرويدة,30.582,31.475,مركز الزقازيق
Sharif,شريف,30.093,31.249,قسم الساحل
Sharif,شريف,29.118,31.121,مركز بنى سويف
Shisht Al-An'am,ششت الأنعام,30.862,30.733,مركز إيتاى البارود
Shishta,ششتا,30.863,31.166,مركز زفتى
Shat Al-Khayata,شط الخياطة,31.457,31.842,مركز دمياط
Shat Al-Sho'araa,شط الشعراء,31.396,31.798,مركز دمياط
Shat Al-Sheikh Dargham,شط الشيخدرغام,31.478,31.86,مركز دمياط
Shat Gariba,شطجريبة,31.437,31.844,مركز دمياط
Shat Ezbet Al-Lahm,شطعزبة اللحم,31.442,31.809,مركز دمياط
Shat Gheit Al-Nasara,شطغيط النصاري,31.417,31.839,مركز دمياط
Shat Mahboub wa Al-Siyala,شطمحب والسي الة,31.398,31.838,مركز دمياط
Shatta,شطا,31.42,31.855,مركز دمياط
Shattanouf,شطانوف,30.238,31.072,مركز أشمون
Shatb,شطب,27.14,31.233,مركز أسيوط
Shatoura,شطورة,26.828,31.5,مركز طهطا
Shaarawy,شعراوي,27.84,30.762,مركز ملوى
Shaasha,شعشاع,30.232,31.055,مركز أشمون
Shaalan,شعلان,29.319,30.599,مركز يوسف الصديق
Shafa wa Qoroun,شفاوقرون,30.905,30.887,مركز بسيون
Shaqraf,شقرف,30.895,30.92,مركز طنطا
Shaqlqil,شقلقيل,27.303,31.023,مركز أبنوب
Shakshouk,شكشوك,29.461,30.714,مركز أبشواى
Shaltout,شلتوت,30.824,30.304,مركز حوش عيسى
Shalash,شلش,27.552,30.838,مركز ديروط
Shalashlamoun,شلشلمون,30.497,31.393,مركز منيا القمح
Shalqam,شلقام,28.543,30.71,مركز بنى مزار
Shalqan,شلقان,30.201,31.151,مركز القناطر الخيرية
Shamal Basal Al-Bahariya,شم البصل البحرية,28.62,30.736,مركز مغاغة
Shamal Basal Al-Qibliya,شم البصل القبلية,28.61,30.732,مركز مغاغة
Shama,شما,30.383,30.915,مركز أشمون
Shamas,شماس,31.544,26.189,قسم سيدى برانى
Shamshira,شمشيرة,31.257,30.524,مركز فوه
Shamandil,شمنديل,30.543,31.122,مركز قويسنا
Shamyatis,شمياطس,30.623,30.9,مركز الشهداء
Shanbara Al-Tananat,شنبارة الطنانات,30.516,31.65,مركز أبو حماد
Shanbara Al-Maimouna wa Kafr Al-Tamimi,شنبارة الميمونةوكفر التميمي,30.611,31.365,مركز الزقازيق
Shanbara Manqala,شنبارةمنقلا,30.722,31.443,مركز ديرب نجم
Shanbari,شنباري,30.114,31.154,مركز أوسيم
Shantana El-Hagar wa Hessetha,شنتنا الحجر وحصتها,30.641,31.063,مركز بركة السبع
Shandalaat,شندلات,30.772,31.11,مركز السنطة
Shandawil,شندويل,26.647,31.597,مركز المراغة
Shandid,شنديد,30.921,30.668,مركز إيتاى البارود
Shanraq,شنراق,30.822,31.157,مركز السنطة
Shanra El-Bahareya,شنرة البحرية,30.808,31.09,مركز السنطة
Shanari,شنري,28.79,30.766,مركز الفشن
Shansha,شنشا,30.886,31.314,مركز أجا
Shanshour wa Hessetha,شنشوروحصتها,30.359,30.991,مركز أشمون
Shanfas,شنفاص,30.905,31.381,مركز أجا
Shanhoura,شنهور,25.855,32.777,مركز قوص
Shanou,شنو,31.055,30.92,مركز كفر الشيخ
Shanwan,شنوان,30.506,31.009,مركز شبين الكوم
Shanwayo wa Kafr El-Badrana,شنوايوكفر البدرانة,30.31,31.099,مركز أشمون
Shanoufa,شنوفة,30.516,30.98,مركز شبين الكوم
Shanisa,شنيسة,30.907,31.31,مركز أجا
Shanit El-Harabwa,شنيط الحرابوة,30.786,31.623,مركز كفر صقر
Shaha,شها,31.091,31.48,مركز المنصورة
Shuhadaa Bahr El-Baqar 2,شهداء بحر البقر 2,30.918,32.149,مركز الحسينية
Shuhadaa Bahr El-Baqar 3,شهداء بحر البقر 3,30.895,32.125,مركز الحسينية
Shuhadaa Bahr El-Baqar 4,شهداء بحر البقر 4,30.853,32.161,مركز الحسينية
Shuhadaa Bahr El-Baqar 5,شهداء بحر البقر 5,30.887,32.16,مركز الحسينية
Shoubar,شوبر,30.845,30.961,مركز طنطا
Shoubak Akrash,شوبكأكراش,30.737,31.506,مركز ديرب نجم
Shoubak Basta,شوبكبسطة,30.576,31.534,مركز الزقازيق
Shoushay wa Kafr Ata,شوشايوكفرعطا,30.33,31.001,مركز أشمون
Shousha,شوشة,28.308,30.638,مركز سمالوط
Shouna,شونى,30.75,30.926,مركز طنطا
Shiakhet 6 October,شياخة 6 أكتوبر,30.095,31.219,قسم امبابه
Shiakhet El-Ibrahimia Qebli wal Hadra Bahari,شياخة الابراهيمية قبلى والحضرة بحرى,31.208,29.93,قسم باب شرقى
Shiakhet El-Ibrahimia Bahari wa Sidi Gaber,شياخة الابراهيميةبحريوسيديجابر,31.216,29.926,قسم باب شرقى
Shiakhet El-Azarito wal Shatby,شياخة الأزاريتووالشاطبي,31.208,29.917,قسم باب شرقى
Shiakhet El-Oula,شياخة الاولى,27.178,31.164,قسم أول أسيوط
Shiakhet El-Baysari,شياخة البيسرى,27.189,31.142,قسم أول أسيوط
Shiakhet El-Thaletha,شياخة الثالثة,27.175,31.169,قسم أول أسيوط
Shiakhet El-Hadra Qebli,شياخة الحضرةقبلي,31.202,29.934,قسم باب شرقى
Shiakhet El-Hamraa El-Oula,شياخة الحمراء الأولى,27.183,31.186,قسم ثان أسيوط
Shiakhet El-Hamraa El-Thania,شياخة الحمراء الثانية,27.178,31.193,قسم ثان أسيوط
Shiakhet El-Hay El-Awal wal Hadiqa El-Markazia,شياخة الحى الاول والحديقة المركزية,30.141,31.712,قسم بدر
Shiakhet El-Hay El-Thaleth wal Mantaqa El-Tarfeheya,شياخة الحى الثالث والمنطقة الترفيهية,30.134,31.684,قسم بدر
Shiakhet El-Hay El-Thani wa Mantaqat El-Emtedad El-Mustaqbali,شياخة الحى الثانى ومنطقة الامتداد المستقبلى,30.166,31.698,قسم بدر
Shiakhet El-Hay El-Rabea,شياخة الحى الرابع,30.163,31.671,قسم بدر
Shiakhet El-Hay El-Motamayez,شياخة الحى المتميز,30.123,31.71,قسم بدر
Shiakhet El-Khamisa,شياخة الخامسة,27.184,31.159,قسم أول أسيوط
Shiakhet El-Rabea,شياخة الرابعة,27.178,31.169,قسم أول أسيوط
Shiakhet El-Sabea,شياخة السابعة,27.19,31.181,قسم ثان أسيوط
Shiakhet El-Sadsa,شياخة السادسة,27.178,31.177,قسم أول أسيوط
Shiakhet El-Sherkat,شياخة الشركات,27.189,31.167,قسم أول أسيوط
Shiakhet El-Shorouk 1,شياخة الشروق 1,30.136,31.587,قسم الشروق
Shiakhet El-Shorouk 2,شياخة الشروق 2,30.137,31.627,قسم الشروق
Shiakhet El-Madabigh wa Gabbanat El-Muslimeen,شياخة المدابغ وجبانة المسلمين,27.167,31.156,قسم أول أسيوط
Shiakhet El-Mantaqa El-Senaeya Sharq Tareeq El-Robiky,شياخة المنطقة الصناعية شرق طريق الروبيكى,30.137,31.745,قسم بدر
Shiakhet El-Mantaqa El-Senaeya wa Mantaqat El-Emtedad El-Mustaqbali,شياخة المنطقة الصناعية ومنطقة الامتداد المستقبلى,30.159,31.729,قسم بدر
Shiakhet El-Walideya El-Bahareya,شياخة الوليدية البحرية,27.209,31.161,قسم ثان أسيوط
Shiakhet El-Walideya El-Qebliya,شياخة الوليدية القبلية,27.2,31.176,قسم ثان أسيوط
Shiakhet El-Walideya El-Wastaneya,شياخة الوليدية الوسطانية,27.204,31.167,قسم ثان أسيوط
Shiakhet Bab Sharqi wa Wabor El-Miah,شياخة بابشرقيووابورالمياه,31.201,29.917,قسم باب شرقى
Shiakhet Badr 1,شياخة بدر 1,30.153,31.652,قسم بدر
Shiakhet Thania,شياخة ثانية,27.17,31.17,قسم أول أسيوط
Shiakhet Khamis wa Tashmal El-Ganayen wa Mukawwanateha,شياخة خامس وتشمل الجناين ومكوناتها,30.063,32.703,قسم الجناين
Shiakhet Ezbet El-Gamaa,شياخة عزبةالجامع,31.196,29.942,قسم باب شرقى
Shiakhet Madinet El-Dobat,شياخة مدينة الضباط,30.129,31.509,قسم الشروق
Shiakhet Qesm Awal,شياخه قسم اول,31.404,31.807,قسم أول دمياط
Shiakhet Qesm Thaleth,شياخه قسم ثالث,31.425,31.825,قسم ثان دمياط
Shiakhet Qesm Than,شياخه قسم ثان,31.415,31.819,قسم أول دمياط
Shiakhet Qesm Rabea,شياخه قسم رابع,31.429,31.811,قسم ثان دمياط
Shibana,شيبانة,31.014,34.296,قسم رفح
Shiba El-Nakkareya,شيبة النكارية,30.604,31.484,مركز الزقازيق
Sheraton El-Matar,شيراتون المطار,30.11,31.404,قسم النزهة
Shital Hawi,شيط الهوي,30.859,31.727,مركز كفر صقر
Shiwa El-Sharqeya,شيوة الشرقية,30.859,31.288,مركز أجا
Shiwa El-Gharbeya,شيوة الغربية,30.864,31.274,مركز أجا
Sa El-Hagar,صا الحجر,30.974,30.769,مركز بسيون
Safour,صافور,30.796,31.423,مركز ديرب نجم
Safeya,صافية,30.861,30.69,مركز إيتاى البارود
Saleh,ص الح,28.728,30.877,مركز الفشن
Saleh,ص الح,26.536,31.697,قسم اول سوهاج
San El-Hagar El-Bahareya,صان الحجر البحرية,31.001,32.096,مركز الحسينية
San El-Hagar El-Qebliya,صان الحجر القبلية,31.016,31.954,مركز الحسينية
Sobhy Hussein,صبحى حسين,29.998,31.336,قسم الخليفة
Sabry,صبري,30.793,30.979,قسم ثان طنطا
Sabih,صبيح,30.648,31.59,مركز ههيا
Sahari City,صحاريسيتي,23.972,32.831,مركز أسوان
Sahraa El-Dabaa,صحراء الضبعة,30.76,27.977,مركز الضبعة
Sedqa,صدقا,30.933,31.671,مركز تمى الأمديد
Sarawa,صراوة,30.258,31.097,مركز أشمون
Sard,صرد,30.974,30.899,مركز قطور
Sarwa,صروة,31.043,30.844,مركز قلين
Safaneya,صفانية,28.74,30.801,مركز العدوة
Safar Basha,صفرباشا,31.202,29.881,قسم الجمرك
Saft El-Khammar El-Asleya,صفط الخمار الأصليه,28.029,30.692,مركز المنيا
Saft Abu Gorg,صفطأبوجرج,28.54,30.771,مركز بنى مزار
Saft El-Horreya,صفط الحرية,30.939,30.57,مركز إيتاى البارود
Saft El-Hanna wa Kofourha,صفط الحناوكفورها,30.556,31.612,مركز أبو حماد
Saft El-Kharsa,صفط الخرسة,28.836,30.825,مركز الفشن
Saft El-Khammar El-Sharqeya,صفط الخمار الشرقية,28.057,30.701,مركز المنيا
Saft El-Khammar El-Gharbeya,صفط الخمار الغربية,28.045,30.661,مركز المنيا
Saft El-Sharqeya,صفط الشرقية,29.38,31.191,مركز الواسطى
Saft El-Arfa,صفط العرفا,28.825,30.853,مركز الفشن
Saft El-Enab,صفط العنب,30.811,30.686,مركز كوم حمادة
Saft El-Gharbeya,صفط الغربية,29.395,31.183,مركز الواسطى
Saft El-Laban,صفط اللبن,30.028,31.162,مركز كرداسة
Saft El-Laban,صفط اللبن,28.2,30.713,مركز المنيا
Saft El-Nour,صفط النور,28.806,30.858,مركز الفشن
Saft Tarab,صفطتراب,30.899,31.14,مركز المحله الكبرى
Saft Gedaam,صفطجدام,30.685,30.871,مركز تلا
Saft Khaled,صفط خالد,30.943,30.655,مركز إيتاى البارود
Saft Rashin,صفطراشين,28.981,30.931,مركز ببا
Saft Zoreiq,صفطزريق,30.735,31.466,مركز ديرب نجم
Safi El-Din,صفى الدين,30.055,31.252,قسم الموسكي
Safita,صفيطة,30.517,31.48,مركز الزقازيق
Saqqara,صقارة,29.845,31.224,مركز البدرشين
Salah El-Din,صلاح الدين,30.57,30.709,مركز بدر
Sanadid,صناديد,30.721,30.993,مركز طنطا
Sanafeer,صنافير,30.219,31.172,مركز قليوب
Sanbou,صنبو,27.478,30.789,مركز ديروط
Sandafa,صندفا,28.528,30.676,مركز بنى مزار
Sandala,صندلا,31.162,30.824,مركز كفر الشيخ
Sansaft,صنصفط,30.441,30.859,مركز منوف
Sanaa,صنعاء,24.013,30.629,مركز الواحات الخارجة
Saneem,صنيم,27.961,30.719,مركز ابو قرقاص
Sahbara,صهبرة,30.763,31.415,مركز ديرب نجم
Sahregt El-Soghra wa Kafr El-Sayed,صهرجت الصغريوكفر السيد,30.81,31.295,مركز أجا
Sahregt El-Kobra wa Kafr Gorgi Youssef,صهرجت الكبريوكفرجرجسيوسف,30.644,31.298,مركز ميت غمر
Soul,صول,29.359,31.249,مركز أطفيح
Sayda,صيدة,30.148,31.151,مركز أوسيم
Sira,صيرة,31.14,30.206,مركز كفر الدوار
Tabiet Saleh,طابيةص الح,31.176,29.876,قسم مينا البصل
Tarout,طاروط,30.541,31.467,مركز الزقازيق
Tamous,طاموس,31.036,30.472,قسم دمنهور
Tabl Amoun,طبل أمون,28.183,28.678,قسم الواحاتالبحرية
Tabloha,طبلوها,30.657,30.962,مركز تلا
Tabhar,طبهار,29.311,30.684,مركز أبشواى
Taha Hussein,طة حسين,30.787,30.218,مركز ابوالمطامير
Taha El-Aameda,طحا الأعمدة,28.19,30.689,مركز سمالوط
Taha El-Marg,طحا المرج,30.778,31.383,مركز ديرب نجم
Taha El-Bisha,طح البيشة,28.956,30.987,مركز ببا
Taha Boush,طحابوش,29.142,31.077,مركز ناصر
Tahanoub,طحانوب,30.285,31.295,مركز شبين القناطر
Tahawi,طحاوي,29.412,30.724,مركز أبشواى
Tahla,طحلة,30.417,31.152,مركز بنها
Tahla Bardeen,طحلةبردين,30.525,31.506,مركز الزقازيق
Tahoureya,طحورية,30.36,31.335,مركز شبين القناطر
Tarabenba,طرابنبا,30.99,30.552,مركز دمنهور
Taranees El-Bahr,طرانيس البحر,31.154,31.52,مركز المنصورة
Taranees El-Arab,طرانيس العرب,30.873,31.521,مركز السنبلاوين
Tora El-Asmant,طرة الأسمنت,29.923,31.29,قسم طره
Tarshoub,طرشوب,28.952,30.944,مركز ببا
Tarfa,طرفا,28.381,30.606,مركز سمالوط
Tora El-Balad,طره البلد,29.947,31.272,قسم طره
Tora El-Heit,طره الحيط,29.937,31.283,قسم طره
Tareena,طرينة,31.081,31.114,مركز المحله الكبرى
Tasfa,طصفا,30.574,31.283,مركز كفر شكر
Toama,طعمة,26.967,31.425,مركز البدارى
Tafnees,طفنيس,25.435,32.514,مركز إسنا
Tala,طلا,28.881,30.855,مركز الفشن
Talaat Dargham,طلعت درغام,26.86,28.21,مركز الفرافرة
Tolombat El-Tabia,طلمبات الطابية,31.271,30.067,قسم المنتزة
Tolombat Beni Obeid,طلمباتبنيعبيد,31.045,31.747,مركز بنى عبيد
Tolombat Halaq El-Gammal,طلمباتحلق الجمل,31.08,30.386,مركز ابوحمص
Tolombat Ain Shams,طلمباتعينشمس,30.133,31.347,قسم عينشمس
Talya wa Ezbet Ashmoun,طلياوعزبةأشمون,30.255,30.979,مركز أشمون
Talima,طليمة,31.037,31.274,مركز سمنود
Tama Fayoum,طمافيوم,29.164,30.938,مركز أهناسيا
Tamay El-Zahayra,طماي الزهايرة,30.902,31.472,مركز السنبلاوين
Tamlay,طملاي,30.502,30.851,مركز منوف
Tamouh,طموه,29.94,31.267,مركز الجيزة
Tanah,طناح,31.046,31.558,مركز المنصورة
Tanash wa Nazlet El-Zomor,طناشونزلة الزمر,30.12,31.203,قسم الوراق
Tanamel El-Sharqi wa Ezbet El-Atraba,طنامل الشرقيوعزبة الأتربة,30.833,31.285,مركز أجا
Tanamel El-Gharbi,طنامل الغربي,30.833,31.264,مركز أجا
Tanan,طنان,30.24,31.249,مركز قليوب
Tanbara,طنبارة,30.915,31.436,مركز السنبلاوين
Tanbara,طنبارة,31.129,31.133,مركز المحله الكبرى
Tanbadi,طنبدي,30.587,30.985,مركز شبين الكوم
Tanbadi,طنبدي,28.638,30.784,مركز مغاغة
Tanbasha,طنبشا,30.604,31.095,مركز بركة السبع
Tanbou,طنبو,28.502,30.769,مركز بنى مزار
Tanboul El-Kobra,طنبول الكبري,30.868,31.414,مركز السنبلاوين
Tanbouha,طنبوها,31.15,31.339,مركز نبروة
Tansa El-Malaq,طنسا الملق,29.213,31.115,مركز ناصر
Tansa Beni Malo,طنسابنيم الو,29.0,31.017,مركز ببا
Tanta El-Gezira,طنط الجزيرة,30.358,31.088,مركز طوخ
Tanta Khareg El-Kourdon,طنطا خارج الكوردون,30.8,30.99,قسم ثان طنطا
Tanoub,طنوب,30.704,30.809,مركز تلا
Taneeng,طنينج,31.068,31.282,مركز نبروة
Taha Shubra,طهشبرا,30.534,31.098,مركز قويسنا
Tohra Hamid,طهرةحميد,30.533,31.57,مركز الزقازيق
Tohma,طهما,29.626,31.238,مركز العياط
Tohna El-Gabal,طهنا الجبل,28.197,30.769,مركز المنيا
Tohansha,طهنشا,28.036,30.739,مركز المنيا
Tohway,طهواي,30.823,31.392,مركز السنبلاوين
Tohway,طهواي,30.363,30.863,مركز أشمون
Tawahin Akrash,طواحينأكراش,30.769,31.542,مركز الأبراهيمية
Toug Tanbasha,طوجطنبشا,30.614,31.12,مركز بركة السبع
Toukh,طوخ,27.7,30.81,مركز دير مواس
Toukh,طوخ,25.951,32.742,مركز نقادة
Toukh El-Aqlam,طوخ الأقلام,30.869,31.445,مركز السنبلاوين
Toukh El-Kheil,طوخ الخيل,28.11,30.661,مركز المنيا
Toukh al-Qaramous,طوخ القراموس,30.685,31.664,مركز أبوكبير
Toukh Dalka,طوخدلكة,30.651,30.922,مركز تلا
Toukh Mazeed,طوخمزيد,30.841,31.094,مركز السنطة
Touson,طوسون,30.077,31.241,قسم روضالفرج
Toulon,طولون,30.028,31.249,قسم السيدة زينب
Toha,طوه,29.028,30.99,مركز ببا
Toha,طوه,28.083,30.691,مركز المنيا
Tuwaihir,طويحر,30.584,31.647,مركز أبو حماد
Tawila Nashart,طويلةنشرت,31.11,30.844,مركز قلين
Tiba,طيبة,30.848,30.47,مركز الدلنجات
Dahr al-Temsah,ظهر التمساح,30.928,30.72,مركز إيتاى البارود
Dahr Sharab,ظهرشرب,30.439,31.313,مركز منيا القمح
Amer,عامر,26.671,31.585,مركز المراغة
Amereya al-Fayoum,عامريه الفيوم,29.336,30.893,مركز الفيوم
Aisha Abd al-Rahman,عائشة عبد الرحمن,26.762,28.047,مركز الفرافرة
Abbad Sharouna,عبادشارونة,28.59,30.828,مركز مغاغة
Abbasa,عباسة,25.91,32.782,مركز قوص
Abd al-Salam Aref,عبد السلام عارف,25.306,30.877,مركز الواحات الخارجة
Abd al-Magid al-Gafil,عبد المجيد الجفيل,26.87,27.848,مركز الفرافرة
Abd al-Na'im,عبد النعيم,30.075,31.208,قسم امبابه
Abd al-Magid Morsi,عبد المجيدمرسي,30.586,30.735,مركز بدر
Abd al-Halim,عبد الحليم,30.436,29.908,قسم غرب النوبارية
Abd al-Hay Shalaby,عبدالحي شلبي,30.963,31.177,قسم أول المحلة الكبرى
Abd al-Raqib,عبد الرقيب,30.79,30.061,مركز ابوالمطامير
Abd al-Salam Aref,عبدالسلام عارف,30.577,30.641,مركز بدر
Abd al-Magid Saleh,عبدالمجيد صالح,30.712,30.58,مركز الدلنجات
Abn Umm al-Saghir,عبن أم الصغير,25.813,29.168,مركز الوحات الداخلة
Othman ibn Affan,عثمان بن عفان,30.621,30.656,مركز بدر
Othman ibn Affan,عثمان بن عفان,26.896,28.014,مركز الفرافرة
Othman ibn Affan,عثمان بن عفان,26.654,31.477,مركز جهينة الغربية
Agroud,عجرود,30.072,32.281,قسم عتاقة
Adly,عدلي,31.27,32.295,قسم المناخ
Adnan Madany,عدنان مدنى,30.3,30.49,مركز وادى النطرون
Araba Abu Dahab,عرابةأبودهب,26.589,31.591,مركز سوهاج
Araba Abydos,عرابةأبيدوس,26.193,31.925,مركز البلينا
Araby,عرابى,30.056,31.244,قسم الأزبكية
Aramiya al-Khudairi,عرامية الخضيري,27.48,30.754,مركز ديروط
Aramiya al-Diwan,عرامية الديوان,27.442,30.737,مركز القوصية
Arab al-Atawla,عرب الأطاولة,26.552,31.714,مركز أخميم
Arab al-Gahma,عرب الجهمة,27.4,30.756,مركز القوصية
Arab al-Hesar al-Bahariya,عرب الحصار البحرية,29.627,31.331,مركز الصف
Arab al-Rawashda,عرب الرواشدة,30.397,31.237,مركز طوخ
Arab al-Amayem,عرب العمايم,27.304,30.93,مركز منفلوط
Arab al-Ayayda,عرب العيايدة,30.192,31.351,مركز الخانكة
Arab al-Ghidairi,عرب الغديري,30.352,31.271,مركز طوخ
Araba al-Tawila,عربا الطاولة,27.251,31.205,مركز الفتح
Arab Abu Tawila,عربأبوطويلة,30.138,31.312,قسم المطرية
Arab al-Hesar,عرب الحصار,29.605,31.317,مركز الصف
Arab al-Hosn,عرب الحصن,30.131,31.306,قسم المطرية
Arab al-Raml,عرب الرمل,30.522,31.143,مركز قويسنا
Arab al-Sha'ara,عرب الشعارة,30.189,31.278,مركز شبين القناطر
Arab al-Shanabla,عرب الشنابلة,27.308,31.03,مركز أبنوب
Arab al-Sawalha,عرب الص والحة,30.304,31.344,مركز شبين القناطر
Arab al-Abayda,عرب العبايدة,29.588,31.319,مركز الصف
Arab al-Atiyat al-Bahariya,عرب العطيات البحرية,27.31,31.071,مركز أبنوب
Arab al-Olayqat,عرب العليقات,30.283,31.379,مركز الخانكة
Arab al-Faddan,عرب الفدان,30.551,31.675,مركز أبو حماد
Arab al-Yasar,عرب اليسار,30.023,31.262,قسم الخليفة
Arab Bakhawag,عرببخواج,26.81,31.501,مركز طهطا
Arab Matir,عربمطير,27.257,31.225,مركز الفتح
Araban al-Anbaqiya wal-Manayef wal-Huwaitat,عربان العنبقية والمنايف والحويطات,29.695,32.367,قسم عتاقة
Oroug,عروج,30.997,33.801,قسم ثالث العريش
Aryan,عريان,31.268,30.565,مركز فوه
Ezab Abu Mandour,عزبأبومندور,31.238,30.71,مركز دسوق
Ezab al-Awqaf,عزب الأوقاف,31.107,30.496,مركز دمنهور
Ezab al-Basarta,عزب البصارطة,31.373,31.806,مركز دمياط
Ezab al-Khalig Bahari,عزبالخليج بحري,31.415,30.512,مركز مطوبس
Ezab al-Khalig,عزب الخليج,31.412,30.487,مركز مطوبس
Ezab al-Zawamel,عزب الزوامل,31.231,30.636,مركز دسوق
Ezab al-Shabasiya,عزب الشباسية,31.17,30.795,مركز دسوق
Ezab al-Arab,عزب العرب,30.957,31.313,مركز أجا
Ezab al-Gharb,عزب الغرب,31.36,30.478,مركز مطوبس
Ezab al-Qasr,عزب القصر,25.899,28.868,مركز الوحات الداخلة
Ezab al-Nahda,عزب النهضة,31.384,31.792,مركز دمياط
Ezab al-Waqf Bahari,عزب الوقف بحري,31.42,30.454,مركز مطوبس
Ezab al-Waqf Qibli,عزب الوقفقبلي,31.38,30.434,مركز مطوبس
Ezab Umm al-Rizq,عزبأم الرزق,31.332,31.563,مركز كفر سعد
Ezab Amin Sayed Ahmed,عزب أمين سيد أحمد,31.145,30.394,مركز ابوحمص
Ezab Basantawy,عزببسنتاوي,31.146,30.452,مركز المحمودية
Ezab Tal Bani Omran,عزبتلبنيعمران,27.689,30.838,مركز دير مواس
Ezab Dafshou,عزبدفشو,31.202,30.119,مركز كفر الدوار
Ezab Shubra Damanhour,عزب شبرا دمنهور,31.05,30.438,مركز دمنهور
Ezab Sherket al-Ittihad,عزبشركة الاتحاد,30.913,30.461,مركز الدلنجات
Ezab Qabil,عزبقابيل,31.108,30.429,مركز دمنهور
Ezab Qortasa wa Tamos,عزبقرطساوطاموس,31.007,30.472,مركز دمنهور
Ezab Naqraha,عزبنقرها,31.045,30.496,مركز دمنهور
Ezbet al-Baz,عزبة الباز,31.196,31.642,مركز الزرقا
Ezbet al-Bousa,عزبة البوصة,26.074,32.308,مركز نجع حمادى
Ezbet al-Gaza'er,عزبة الجزائر,28.355,28.954,قسم الواحاتالبحرية
Ezbet al-Rakha,عزبة الرخا,25.781,28.868,مركز الوحات الداخلة
Ezbet al-Qasy Matroud wa Tashmal Ezbet Abdallah al-Maqrihy,عزبة القاسى مطرود وتشمل عزبة عبدالله المقريحى,30.856,30.585,مركز الدلنجات
Ezbet al-Lawzy,عزبة اللوزى,31.339,31.684,مركز كفر سعد
Ezbet al-Nozha,عزبة النزهه,31.208,29.968,قسم سيدى جابر
Ezbet al-Hagana,عزبة الهجانة,30.065,31.397,قسم أول مدينة نصر
Ezbet Rady,عزبة راضي,30.956,30.543,مركز إيتاى البارود
Ezbet Ain al-Qasir,عزبة عين القصير,28.391,28.756,قسم الواحاتالبحرية
Ezbet Mawoud,عزبة ماوود,28.541,28.82,قسم الواحاتالبحرية
Ezbet Saad,عزبة سعد,31.211,29.947,قسم سيدى جابر
Ezbet Ibrahim Agha,عزبةابراهيمأغا,31.027,30.657,مركز شبراخيت
Ezbet al-Abriqgy,عزبة الأبريقجي,31.06,30.557,مركز دمنهور
Ezbet al-Ashrak,عزبة الأشراك,31.063,30.637,مركز شبراخيت
Ezbet al-Aqbat,عزبة الأقباط,26.911,31.495,مركز البدارى
Ezbet al-Bakawat,عزبة البكوات,31.085,30.595,مركز الرحمانية
Ezbet al-Bousa,عزبة البوصة,26.089,32.059,مركز أبو طشت
Ezbet al-Goukhdar,عزبة الجوخدار,30.974,30.665,مركز شبراخيت
Ezbet al-Khalil Ibrahim,عزبةالخليل ابراهيم,28.444,30.824,مركز بنى مزار
Ezbet al-Darwish,عزبة الدرويش,31.075,30.461,مركز دمنهور
Ezbet al-Sarw,عزبة السرو,30.991,30.51,مركز دمنهور
Ezbet al-Salanlaki,عزبة السلانلكي,31.008,30.555,مركز دمنهور
Ezbet al-Shamashargy,عزبة الشماشرجي,30.992,30.633,مركز شبراخيت
Ezbet al-Shantour,عزبة الشنطور,28.978,30.838,مركز سمسطا
Ezbet al-Tarana,عزبة الطرانة,30.441,30.824,مركز السادات
Ezbet al-Tawabra,عزبة الطوابرة,31.168,31.962,مركز المنزلة
Ezbet al-Teiriya,عزبة الطيرية,30.842,30.561,مركز الدلنجات
Ezbet al-Arab,عزبة العرب,30.049,31.297,قسم ثانمدينةنصر
Ezbet al-Qawiya,عزبة القاوية,26.86,31.413,مركز طما
Ezbet al-Qamadair,عزبة القمادير,28.244,30.614,مركز سمالوط
Ezbet al-Kanisa,عزبة الكنيسة,30.965,30.663,مركز شبراخيت
Ezbet al-Magd,عزبة المجد,31.074,30.656,مركز الرحمانية
Ezbet al-Manshawy al-Lahhah,عزبة المنشاوي اللحاح,30.803,30.486,مركز الدلنجات
Ezbet al-Nakhl,عزبة النخل,30.137,31.32,قسم المرج
Ezbet Badr al-Din,عزبة بدر الدين,31.099,30.395,مركز دمنهور
Ezbet Badawy,عزبةبدوي,31.225,31.138,مركز بيلا
Ezbet Bastara,عزبةبسطرة,31.093,30.439,مركز دمنهور
Ezbet Bishara Hanna,عزبةبشارةحنا,31.023,30.645,مركز شبراخيت
Ezbet Telt,عزبةتلت,28.879,30.836,مركز الفشن
Ezbet Gabril,عزبةجبريل,29.969,31.264,قسم البساتين
Ezbet Gergis Nakhla,عزبةجرجسنخلة,31.127,30.591,مركز الرحمانية
Ezbet Galal,عزبةجل ال,27.724,30.746,مركز ملوى
Ezbet Hassan Ali Hamza,عزبة حسن علي حمزة,30.743,30.75,مركز كوم حمادة
Ezbet Hassan Qaboudan,عزبةحسنقبودان,31.12,30.624,مركز الرحمانية
Ezbet Hussein al-Deeb,عزبةحسين الديب,30.966,30.72,مركز شبراخيت
Ezbet Hussein Amr,عزبة حسين عمرو,31.048,30.562,مركز دمنهور
Ezbet Hawd Fares,عزبة حوض فارس,30.916,30.612,مركز إيتاى البارود
Ezbet Saada,عزبةسعادة,30.992,30.673,مركز شبراخيت
Ezbet Saad Dawoud,عزبة سعد داود,30.819,30.548,مركز الدلنجات
Ezbet Sakanida,عزبةسكنيدة,31.063,30.473,مركز دمنهور
Ezbet Selim Toubgian,عزبةسليمطوبجيان,31.001,30.596,مركز دمنهور
Ezbet Tarabanba,عزبةطرابنبا,31.036,30.543,مركز دمنهور
Ezbet Talaat,عزبة طلعت,30.818,30.658,مركز إيتاى البارود
Ezbet Toukh,عزبة طوخ,30.833,31.073,مركز السنطة
Ezbet Amr,عزبة عمرو,31.308,30.6,مركز مطوبس
Ezbet Fathallah al-Gazzar,عزبةفتح الله الجزار,30.983,30.678,مركز شبراخيت
Ezbet Farnawy,عزبةفرنوي,31.002,30.644,مركز شبراخيت
Ezbet Fahmy,عزبةفهمي,29.97,31.294,قسم البساتين
Ezbet Qaftan,عزبةقفطان,28.949,30.82,مركز سمسطا
Ezbet Qalmashat,عزبةقلمشاة,29.212,30.854,مركز أطسا
Ezbet Kafr al-Saby,عزبةكفر السابي,30.975,30.58,مركز شبراخيت
Ezbet Kafr Ghoneim,عزبة كفر غنيم,31.127,30.619,مركز الرحمانية
Ezbet Mohamed Awad,عزبة محمد عوض,31.027,30.554,مركز دمنهور
Ezbet Mostafa Hamdy,عزبةمصطفيحمدي,27.814,30.728,مركز ملوى
Ezbet Nafe',عزبةنافع,29.967,31.258,قسم البساتين
Ezbet Hawara,عزبةهوارة,28.45,30.65,مركز مطاى
Ezbet Yaqoub,عزبةيعقوب,31.016,30.599,مركز شبراخيت
Ezbet Youssef al-Askary,عزبةيوسف العسكري,30.958,30.614,مركز إيتاى البارود
Ezbet Youssef Hamza,عزبة يوسف حمزة,30.807,30.547,مركز الدلنجات
Ezbet Youssef Kamal,عزبة يوسف كمال,31.032,30.667,مركز شبراخيت
Oshash al-Nakhl,عشش النخل,30.061,31.231,قسم بولاق
Ashma,عشما,30.557,30.912,مركز الشهداء
Attaf,عطاف,31.072,31.163,مركز المحله الكبرى
Atf Abu Gendy,عطفأبوجندي,30.906,30.92,مركز قطور
Atf Afouh,عطفأفوه,29.365,31.206,مركز الواسطى
Atf Haidar,عطفحيدر,28.742,30.747,مركز العدوة
Abd al-Hamid Abu Zeid,علدالحميد أبوزيد,30.465,30.758,مركز بدر
Alqam,علقام,30.548,30.79,مركز كوم حمادة
Alwan,علوان,27.193,31.092,مركز أسيوط
Ali Pasha al-Rouby,على باشا الروبى,29.426,30.438,مركز يوسف الصديق
Ali ibn Abi Talib,على بن ابى طالب,30.599,30.677,مركز بدر
Ali Mohamed Selima,على محمد سليمة,30.555,30.993,قسم شبين الكوم
Ali Mostafa al-Zawawy,على مصطفى الزواوى,31.138,30.927,قسم كفر الشيخ
Ali Agha,علي اغا,30.788,31.0,قسم ثان طنطا
Ali ibn Abi Talib,عليبنأبيط الب,26.672,31.466,مركز جهينة الغربية
Alim,عليم,30.55,31.641,مركز أبو حماد
Omar ibn al-Khattab,عمر بن الخطاب,30.554,30.667,مركز بدر
Omar Shahin,عمر شاهين,30.527,30.729,مركز بدر
Omar Makram,عمر مكرم,30.494,30.707,مركز بدر
Omar al-Khayam,عمر الخيام,30.05,31.225,قسم الزمالك
Omar ibn al-Khattab,عمر بن الخطاب,26.694,31.44,مركز جهينة الغربية
Amr ibn al-Aas,عمرو بن العاص,30.534,30.76,مركز بدر
Amr ibn al-Aas,عمرو بن العاص,25.009,32.764,مركز أدفو
Amrous,عمروس,30.665,30.818,مركز الشهداء
Amrit,عمريط,30.507,31.61,مركز أبو حماد
Anak,عنك,29.149,30.63,مركز أطسا
Anak,عنك,27.414,30.775,مركز القوصية
Aniba,عنيبة,24.514,33.033,مركز نصر
Anibas,عنيبس,26.731,31.489,مركز جهينة الغربية
Awaga,عواجة,27.49,30.736,مركز ديروط
Awamer al-Oseirat,عوامر العسيرات,26.42,31.8,مركز العسيرات
Awad al-Zawawy,عوض الزواوى,31.128,30.933,قسم كفر الشيخ
Ain al-Ezza,عين العزة,28.132,28.61,قسم الواحاتالبحرية
Ain Galout,عين جالوت,30.616,30.618,مركز بدر
Ain Helwan,عين حلوان,29.866,31.317,قسم حلوان
Ain Shams al-Gharbiya,عين شمس الغربية,30.13,31.315,قسم المطرية
Ain Aish,عين عيش,25.786,29.201,مركز الوحات الداخلة
Ain al-Sira,عين الصيرة,30.018,31.245,مصرالقديمة
Ain Sadr,عين سدر,29.679,32.718,قسم رأس سدر
Ain Shams al-Sharqiya,عينشمس الشرقية,30.128,31.326,قسم عينشمس
Ain Toubiya,عينطوبية,29.546,34.703,قسم نخل
Ain Ghosein,عينغصين,30.498,32.281,مركز الاسماعيلية
Ain Qartaga Abu Wadi Outair,عينقرطاجابواديوتير,29.145,34.461,قسم نويبع
Ghabat El-Bous wa Bir Adeeb,غبة البوص وبير عديب,29.625,32.352,قسم عتاقة
Gharb El-Mawhoub,غرب الموهوب,25.993,28.178,مركز الوحات الداخلة
Gharb Aswan,غرب أسوان,24.106,32.878,مركز أسوان
Ghazal,غز ال,30.885,28.555,مركز الضبعة
Ghazala,غز الة,30.884,31.617,مركز السنبلاوين
Ghazalet Abu Abdoun,غز الةأبوعبدون,30.741,31.848,مركز فاقوس
Ghazalet El-Kheis,غز الة الخيس,30.555,31.58,مركز الزقازيق
Ghatati,غطاطي,30.005,31.127,قسم الأهرام
Ghammazet El-Sughra,غمازة الصغري,29.662,31.318,مركز الصف
Ghammazet El-Kubra,غمازة الكبري,29.699,31.313,مركز الصف
Ghamra,غمرة,30.069,31.268,قسم الظاهر
Ghamrin,غمرين,30.498,30.908,مركز منوف
Ghoneim Shatta,غنيم شطا,31.192,31.765,مركز منية النصر
Ghot El-Na'ga,غوط النعجة,30.983,25.139,قسم السلوم
Ghot Musa'ed,غوطمساعد,31.615,25.141,قسم السلوم
Ghiyadet El-Sharqiya,غياضة الشرقية,28.94,31.02,مركز ببا
Ghiyadet El-Gharbiya,غياضة الغربية,28.962,31.005,مركز ببا
Ghita,غيتة,30.38,31.516,مركز بلبيس
Ghisan,غيصان,29.403,30.559,مركز يوسف الصديق
Gheit El-Bahari,غيط البحاري,29.195,30.994,مركز ناصر
Gheit El-Edda,غيط العدة,30.046,31.25,قسم عابدين
Gheit El-Enab Sharq,غيط العنبشرق,31.178,29.91,قسم كرموز
Gheit El-Enab Gharb,غيط العنبغرب,31.175,29.899,قسم كرموز
Fares,فارس,24.564,32.893,مركز كوم امبو
Fanous,فانوس,29.537,30.966,مركز طامية
Fau Bahari,فاوبحري,26.094,32.357,مركز دشنا
Fau Gharb,فاوغرب,26.901,31.47,مركز طما
Fau Gharb,فاوغرب,26.095,32.398,مركز دشنا
Fau Qibli,فاوقبلي,26.113,32.393,مركز دشنا
Faw Geli,فاوجلي,26.688,31.669,مركز ساقلته
Fakhr El-Din,فخر الدين,31.023,33.806,قسم ثالث العريش
Fadimein,فديمين,29.386,30.764,مركز سنورس
Farasha,فراشة,30.665,31.734,مركز أبوكبير
Farag,فرج,31.267,30.927,مركز الرياض
Farsis,فرسيس,30.681,31.484,مركز الزقازيق
Farsis,فرسيس,30.406,31.214,مركز بنها
Farsis,فرسيس,30.659,31.235,مركز زفتى
Farghan,فرغان,30.705,31.447,مركز ديرب نجم
Farqas,فرقص,29.428,30.984,مركز طامية
Farnawi,فرنوي,30.994,30.65,مركز شبراخيت
Fazara,فزارة,31.263,30.502,مركز المحمودية
Fazara,فزارة,28.994,30.922,مركز ببا
Fazara,فزارة,27.462,30.825,مركز القوصية
Fazara bel-Qarya,فزارةب القرية,26.695,31.523,مركز المراغة
Fatira,فطيرة,24.626,32.933,مركز كوم امبو
Falasteen,فلسطين,30.564,30.598,مركز بدر
Flameng,فلمنج,31.236,29.958,قسم أول الرمل
Fam El-Khalig wa Deir El-Nuhas,فم الخليجودير النحاس,30.019,31.231,مصرالقديمة
Fanar wa Bir Abu El-Darag,فنار وبير أبو الدرج,29.539,32.128,قسم عتاقة
Fanara,فنارة,30.266,32.375,مركز فايد
Foka,فوكة,31.065,28.009,مركز الضبعة
Fisha El-Sughra wa Hessetha,فيشا الصغريوحصتها,30.411,30.991,مركز الباجور
Fisha El-Kubra,فيشا الكبري,30.419,30.946,مركز منوف
Fisha Belkha,فيشابلخة,31.129,30.557,مركز المحمودية
Fisha Bana,فيشابنا,30.81,31.271,مركز أجا
Fisha Selim,فيشاسليم,30.769,30.976,مركز طنطا
Qabil,قابيل,31.1,30.408,مركز دمنهور
Qadous,قادوس,30.816,30.647,مركز إيتاى البارود
Qaret Umm El-Saghir,قارةأم الصغير,28.935,25.443,مركز سيوة
Qaroun,قارون,29.392,30.483,مركز يوسف الصديق
Qatiya,قاطية,30.948,32.754,قسم رمانة
Qafla,قافلة,31.125,30.288,مركز ابوحمص
Qawisha,قاويشة,30.768,31.495,مركز ديرب نجم
Qay,قاي,29.142,30.981,مركز أهناسيا
Qaytbay,قايتباي,30.045,31.275,منشأةناصر
Qabr Ameir,قبرعمير,30.977,33.841,قسم الشيخ زويد
Qabrit,قبريط,31.237,30.584,مركز فوه
Qabw El-Mallaha,قب والملاح,31.197,29.886,قسم الجمرك
Qubour El-Omaraa,قبور الأمراء,30.765,30.559,مركز الدلنجات
Qahafa,قحافة,30.774,30.997,قسم ثان طنطا
Qahafa,قحافه,29.292,30.885,قسم الفيوم
Qaraga,قراجة,30.828,31.753,مركز كفر صقر
Qaraga,قراجة,31.13,30.984,مركز كفر الشيخ
Qaraqas,قراقص,31.036,30.52,مركز دمنهور
Qarsha,قرشة,24.644,32.948,مركز نصر
Qurtasa,قرطسا,31.053,30.454,قسم دمنهور
Qarqarous,قرقارص,27.132,31.254,مركز أسيوط
Qarqashanda,قرقشندة,30.305,31.173,مركز طوخ
Qarqeera,قرقيرة,30.846,31.387,مركز السنبلاوين
Qarmala,قرملة,30.418,31.433,مركز بلبيس
Qarmout El-Bahw,قرموط البهو,30.964,31.363,مركز أجا
Qarmout Sahabra,قرموطصهبرة,30.76,31.393,مركز ديرب نجم
Qarnasho,قرنشو,30.923,30.84,مركز بسيون
Qaranfil,قرنفيل,30.277,31.167,مركز القناطر الخيرية
Qura El-Ganoub - Juz',قرى الجنوب - جزء,30.993,32.254,قسم ثان الجنوب
Qura El-Ganoub - Juz' Yanba'u Tawabe' Tusamma El-Siddiq,قرى الجنوب - جزء_ينبعه توابع تسمى الصديق,31.141,32.291,قسم الجنوب
Qarya,قرية,30.156,33.6,قسم الحسنة
Qarya 1,قرية 1,25.409,32.482,مركز إسنا
Qarya 2,قرية 2,25.411,32.461,مركز إسنا
Qarya 3,قرية 3,25.394,32.47,مركز إسنا
Qaryet 5 El-Aqdam,قرية 5 الاقدام,28.686,30.66,مركز العدوة
Qaryet 6 El-Nasr,قرية 6 النصر,28.651,30.649,مركز العدوة
Qaryet El-Qasabi Sharq,قرية القصبى شرق,31.089,32.092,مركز الحسينية
Qaryet El-Malha,قرية المالحة,29.299,33.73,قسم رأس سدر
Qaryet El-Wadi,قرية الوادى,28.402,33.637,قسم الطور
Qaryet Ras Masalla,قرية رأس مسلة,29.816,32.629,قسم رأس سدر
Qaryet Taba,قرية طابا,29.513,34.85,قسم طابا
Qaryet Feiran,قرية فيران,28.848,33.583,قسم أبو رديس
Qaryet Wadi Gharandal,قرية وادى غرندل,29.24,32.922,قسم أبو رديس
Qaryet Madinet El-Samad,قريةمدينة السماد,29.587,32.35,قسم عتاقة
Qaryet Mit Abu El-Koum El-Gedida,قرية ميت أبو الكوم الجديدة,30.381,32.432,قسم القنطرة شرق
Qaryet Wasit,قريةواسط,29.077,34.648,قسم نويبع
Qaryet Sarsaq,قريه سرسق,31.07,31.366,مركز طلخا
Qozman,قزمان,31.091,30.797,مركز قلين
Qusta,قسطا,30.899,30.803,مركز كفر الزيات
Qastal,قسطل,24.419,33.011,مركز نصر
Qastil,قسطيل,22.624,32.599,مركز أبوسنبل
Qism El-Khusus,قسم الخصوص,30.157,31.318,قسم الخصوص
Qism El-Mansoura,قسم المنصورة,31.059,31.41,قسم ثان المنصورة
Qism Awwal,قسم اول,29.31,30.828,قسم الفيوم
Qism Awwal,قسم اول,28.097,30.748,قسم المنيا
Qism Awwal,قسم اول,27.74,30.822,قسم ملوى
Qism Awwal,قسم اول,26.186,32.724,قسم قنا
Qism Awwal,قسم أول,29.969,32.572,قسم السويس
Qism Awwal El-Arish,قسم أول العريش,31.139,33.805,قسم أول العريش
Qism Awwal Mit Talkha,قسم اول ميت طلخا,31.049,31.394,قسم اول المنصورة
Qism Thalith,قسم ثالث,29.962,32.525,قسم الأربعين
Qism Thalith,قسم ثالث,29.327,30.861,قسم الفيوم
Qism Thalith,قسم ثالث,28.115,30.743,قسم المنيا
Qism Thalith,قسم ثالث,27.723,30.836,قسم ملوى
Qism Thalith,قسم ثالث,26.169,32.688,قسم قنا
Qism Thalith El-Rayhan,قسم ثالث الريحان,31.038,31.369,قسم اول المنصورة
Qism Than,قسم ثان,29.953,32.571,قسم السويس
Qism Than,قسم ثان,28.092,30.762,قسم المنيا
Qism Than,قسم ثان,27.738,30.86,قسم ملوى
Qism Than,قسم ثان,26.16,32.717,قسم قنا
Qism Than El-Hiwar,قسم ثان الحوار,31.045,31.377,قسم اول المنصورة
Qism Than El-Arish,قسم ثان العريش,31.117,33.733,قسم ثان العريش
Qism Thani,قسم ثانى,29.322,30.84,قسم الفيوم
Qism Khamis,قسم خامس,28.075,30.768,قسم المنيا
Qism Khamis Siyam,قسم خامس صيام,31.036,31.409,قسم ثان المنصورة
Qism Rabi',قسم رابع,30.003,32.557,قسم الأربعين
Qism Rabi',قسم رابع,29.305,30.859,قسم الفيوم
Qism Rabi',قسم رابع,28.095,30.735,قسم المنيا
Qism Rabi',قسم رابع,27.722,30.818,قسم ملوى
Qism Rabi' El-Naggar,قسم رابع النجار,31.038,31.385,قسم اول المنصورة
Qism Sabi' El-Bahr El-Saghir,قسم سابع البحر الصغير,31.023,31.396,قسم ثان المنصورة
Qism Sadis Mit Haidar,قسم سادس ميت حيدر,31.04,31.4,قسم ثان المنصورة
Qism Kafr El-Badmas,قسم كفر البدماص,31.053,31.428,قسم ثان المنصورة
Qasha,قشا,30.335,31.373,مركز مشتول السوق
Qashtoukh,قشطوخ,30.741,30.938,مركز تلا
Qassasin El-Azhar,قصاصين الأزهار,31.004,31.816,مركز أولاد صقر
Qassasin El-Sharq,قصاصين الشرق,30.789,32.09,مركز الحسينية
Qasr Abu Lati'a Basel,قصرأبولطيعةباسل,29.402,30.591,مركز يوسف الصديق
Qasr El-Basel,قصر الباسل,29.134,30.804,مركز أطسا
Qasr El-Gibali,قصر الجب الي,29.344,30.626,مركز يوسف الصديق
Qasr El-Doubara,قصر الدوبارة,30.042,31.235,قسم قصر النيل
Qasr El-Shawq,قصر الشوق,30.05,31.266,قسم الجمالية
Qasr Baghdad,قصربغداد,30.733,30.871,مركز كفر الزيات
Qasr Bayad,قصر بياض,29.359,30.731,مركز أبشواى
Qasr Haidar,قصر حيدر,27.509,30.838,مركز ديروط
Qasr Rashwan,قصررشوان,29.488,30.916,مركز طامية
Qasr Nasr El-Din,قصر نصر الدين,30.786,30.819,مركز كفر الزيات
Qasr Hour,قصرهور,27.872,30.71,مركز ملوى
Qasouret El-Shawam,قصورة الشوام,30.068,31.242,قسم روضالفرج
Quseir El-Amarna,قصير العمارنة,27.461,30.843,مركز القوصية
Quseir Bakhanes,قصيربخانس,26.145,32.119,مركز أبو طشت
Qita' El-Hamoul,قطاع الحامول,31.428,31.177,مركز الحامول
Qita' El-Nahda,قطاع النهضة,31.067,29.898,قسم العامرية
Qita' Mariout,قطاعمريوط,30.872,29.763,قسم العامرية
Qita' Mansour,قطاعمنصور,31.424,31.037,مركز الحامول
Qatifet El-Aziziya,قطيفة العزيزية,30.482,31.278,مركز منيا القمح
Qatifet Mubasher,قطيفةمباشر,30.7,31.532,مركز الأبراهيمية
Qaffada,قفادة,28.578,30.746,مركز مغاغة
Qalba,قلبا,27.77,30.827,مركز ملوى
Qalbshouh,قلبشوه,31.451,31.38,مركز بلقاس
Qultet El-Kubra,قلتي الكبري,30.364,31.017,مركز الباجور
Qal'et El-Maraziq,قلعة المرازيق,29.804,31.246,مركز البدرشين
Qalfao,قلفاو,26.581,31.69,مركز سوهاج
Qalma,قلما,30.215,31.22,مركز قليوب
Qalmashat,قلمشاة,29.186,30.843,مركز أطسا
Qalandoul,قلندول,27.826,30.812,مركز ملوى
Qalla,قله,29.059,30.991,مركز أهناسيا
Qallaha,قلها,29.08,30.905,مركز أهناسيا
Qalhana,قلهانة,29.229,30.838,مركز أطسا
Qalousna,قلوصنا,28.358,30.731,مركز سمالوط
Quleib Abyar,قليبأبيار,30.881,30.818,مركز كفر الزيات
Quleishan,قليشان,30.846,30.694,مركز إيتاى البارود
Qamha,قمحة,30.823,30.481,مركز الدلنجات
Qamrouna,قمرونة,30.481,31.306,مركز منيا القمح
Qamn El-Arous,قمن العروس,29.279,31.167,مركز الواسطى
Qanbesh El-Hamra,قنبش الحمراء,28.993,30.976,مركز ببا
Qanteer,قنتير,30.788,31.862,مركز فاقوس
Qahbouna,قهبونة,30.773,31.93,مركز الحسينية
Qahlet El-Gabla,قهلة الجبلة,30.495,31.492,مركز بلبيس
Qourta,قورتة,24.615,32.973,مركز نصر
Qours,قورص,30.279,31.064,مركز أشمون
Qoulengeil,قولنجيل,31.076,31.42,قسم ثان المنصورة
Koumbaniya Abu Qir,قومبانيةأبوقير,31.23,30.095,مركز كفر الدوار
Koumbaniya Louqin,قومبانيةلوقين,31.066,30.169,مركز كفر الدوار
Qouna,قونة,31.033,30.824,مركز قلين
Qouweisna El-Balad,قويسنا البلد,30.565,31.164,مركز قويسنا
Katamet El-Sharqiya,كتامة الشرقية,31.149,31.425,مركز طلخا
Katamet El-Ghaba,كتامة الغابة,30.925,30.891,مركز بسيون
Katibet El-Geish,كتيبة الجيش,30.733,32.662,قسم القنطرة شرق
Kahk,كحك,29.412,30.632,مركز يوسف الصديق
Kahil,كحيل,31.383,31.728,مركز كفر سعد
Karadis,كراديس,30.698,31.425,مركز ديرب نجم
Kardasa,كرداسة,30.027,31.121,مركز كرداسة
Kardous,كردوس,26.934,31.421,مركز صدفا
Kurdida,كرديدة,30.542,31.313,مركز منيا القمح
Karam El-Gedida,كرم الجديدة,31.041,31.584,مركز المنصورة
Karam Omran,كرمعمران,26.065,32.807,مركز قنا
Karmoz Sharq,كرموز شرق,31.181,29.9,قسم كرموز
Karmoz Gharb,كرموز غرب,31.178,29.898,قسم كرموز
Kashtamanna Sharq,كشتمنةشرق,24.61,32.949,مركز نصر
Kashtamanna Gharb,كشتمنةغرب,24.615,32.939,مركز نصر
Kashuk Omeira,كشوك عميرة,31.107,27.729,قسم مرسى مطروح
Kashik,كشيك,30.524,31.59,مركز أبو حماد
Kafr Abu Seir,كفر ابو صير,30.15,31.374,قسم المرج
Kafr Abu Tabl,كفر أبو طبل,31.085,30.944,مركز كفر الشيخ
Kafr Abu Ali,كفر أبو على,31.152,31.596,مركز دكرنس
Kafr Abu Shahata,كفر أبوشحاتة,30.556,31.403,مركز منيا القمح
Kafr Abu Shawarib,كفر أبوشوارب,30.986,31.406,مركز المنصورة
Kafr El-Basha,كفر الباشا,30.166,31.386,قسم المرج
Kafr El-Haj Azab,كفر الحاج عزب,30.845,31.449,مركز السنبلاوين
Kafr El-Khouzam,كفر الخوزام,31.076,31.324,مركز طلخا
Kafr El-Sallawi,كفر السلاوى,30.469,31.581,مركز بلبيس
Kafr El-Sawaki,كفر السواقى,30.69,31.738,مركز أبوكبير
Kafr El-Shawishiya,كفر الشاويشية,30.571,31.482,مركز الزقازيق
Kafr El-Shaheed Mostafa Hamouda,كفر الشهيد مصطفى حمودة,30.857,31.369,مركز السنبلاوين
Kafr El-Shorbagy,كفر الشوربجى,30.819,30.865,مركز كفر الزيات
Kafr El-Sheikh Ismail,كفر الشيخ إسماعيل,30.078,31.219,قسم امبابه
Kafr El-Salheen El-Bahary,كفر الصالحين البحرى,28.603,30.662,مركز مغاغة
Kafr El-Tayfa,كفر الطايفة,31.094,30.979,مركز كفر الشيخ
Kafr El-Azzawy,كفر العزاوى,30.823,31.483,مركز السنبلاوين
Kafr El-Fawabin,كفر الفوابين,31.325,31.776,مركز فارسكور
Kafr El-Marabein,كفر المرابعين,31.172,30.979,مركز كفر الشيخ
Kafr El-Maragha,كفر المراغة,30.435,31.396,مركز منيا القمح
Kafr El-Mosaylha,كفر المصيلحة,30.537,31.001,قسم شبين الكوم
Kafr El-Monshey El-Bahary,كفر المنشى البحرى,31.172,30.911,مركز كفر الشيخ
Kafr El-Mansoura El-Qebly,كفر المنصوره القبلى,28.083,30.746,قسم المنيا
Kafr El-Wastany,كفر الوسطانى,31.367,31.59,مركز كفر سعد
Kafr Behida,كفر بهيدة,30.774,31.302,مركز ميت غمر
Kafr Torky w Kafr Tarkhan,كفر تركى وكفر طرخان,29.489,31.233,مركز العياط
Kafr Gomaa,كفر جمعة,30.544,31.486,مركز الزقازيق
Kafr Hammam,كفر حمام,30.688,30.999,مركز تلا
Kafr Dakhmis,كفر دخميس,31.134,31.061,مركز المحله الكبرى
Kafr Dafriya,كفر دفرية,31.074,30.943,مركز كفر الشيخ
Kafr Rushdy,كفر رشدى,30.597,31.307,مركز ميت غمر
Kafr Selim,كفر سليم,31.127,30.113,قسم كفرالدوار
Kafr Soliman,كفر سليمان,30.893,30.854,مركز بسيون
Kafr Seiger,كفر سيجر,30.778,31.013,قسم أول طنطا
Kafr Sharaf,كفر شرف,30.788,31.316,مركز ميت غمر
Kafr Abd El-Aziz,كفر عبد العزيز,30.597,31.509,قسم ثان الزقازيق
Kafr Askar,كفر عسكر,31.137,30.966,مركز كفر الشيخ
Kafr Matboul,كفر متبول,31.107,31.021,مركز كفر الشيخ
Kafr Marwan w Tashmal Kafr Fanous Masoud,كفر مروان و تشمل كفر فانوس مسعود,30.591,31.329,مركز كفر شكر
Kafr Makawy,كفر مكاوى,30.622,31.37,مركز الزقازيق
Kafr Manaqer,كفر مناقر,30.478,31.196,قسم بنها
Kafr Mit Ghorab,كفر ميت غراب,30.91,31.405,مركز السنبلاوين
Kafr El-Zaafarany,كفر الزعفراني,29.269,30.791,مركز أطسا
Kafr Abaza,كفرأباظة,30.5,31.574,مركز الزقازيق
Kafr Abgig,كفرأبجيج,29.317,31.166,مركز الواسطى
Kafr Abrash,كفرأبراش,30.402,31.369,مركز مشتول السوق
Kafr Ibrahim,كفر ابراهيم,31.122,30.66,مركز دسوق
Kafr Ibrahim El-Aidy,كفرابراهيم العايدي,30.45,31.576,مركز بلبيس
Kafr Ibrahim Bishara,كفرابراهيمبشارة,30.724,31.764,مركز فاقوس
Kafr Ibrahim Youssef,كفر ابراهيم يوسف,30.692,31.354,مركز ميت غمر
Kafr Abry,كفرأبري,30.702,31.176,مركز زفتى
Kafr Abshish,كفرأبشيش,30.487,31.085,مركز قويسنا
Kafr Abnahas,كفرأبنهس,30.575,31.138,مركز قويسنا
Kafr Abu El-Hadid,كفرأب والحديد,30.327,30.907,مركز إمبابة
Kafr Abu El-Hassan,كفرأب والحسن,30.568,31.087,مركز قويسنا
Kafr Abu El-Deeb,كفرأب والديب,30.74,31.611,مركز الأبراهيمية
Kafr Abu El-Enein,كفرأب والعنين,30.616,31.293,مركز ميت غمر
Kafr Abu El-Oudein,كفرأب والعودين,28.517,30.651,مركز بنى مزار
Kafr Abu Bary,كفرأبوبري,30.813,31.44,مركز ديرب نجم
Kafr Abu Gabal,كفر أبو جبل,30.592,31.609,مركز الزقازيق
Kafr Abu Gomaa,كفر أبو جمعة,30.204,31.223,مركز قليوب
Kafr Abu Gendy,كفرأبوجندي,30.914,30.941,مركز قطور
Kafr Abu Hatab,كفر أبو حطب,30.699,31.593,مركز ههيا
Kafr Abu Dawoud,كفر أبو داود,30.747,31.028,مركز طنطا
Kafr Abu Daqn,كفرأبودقن,30.422,31.342,مركز منيا القمح
Kafr Abu Zekry,كفرأبوذكري,31.138,31.694,مركز منية النصر
Kafr Abu Zekry,كفرأبوذكري,30.465,31.159,مركز بنها
Kafr Abu Raqaba,كفرأبورقبة,30.271,31.041,مركز أشمون
Kafr Abu Zaher w Azabha,كفرأبوزاهروعزبها,31.289,31.528,مركز شربين
Kafr Abu Zahra,كفرأبوزهرة,30.462,31.257,مركز بنها
Kafr Abu Ziyada,كفرأبوزيادة,31.198,30.791,مركز دسوق
Kafr Abu Saad,كفر أبو سعد,31.337,31.633,مركز كفر سعد
Kafr Abu Sharabiya,كفرأبوشرابية,30.793,31.608,مركز كفر صقر
Kafr Abu Shahba,كفرأبوشهبة,29.039,30.964,مركز أهناسيا
Kafr Abu Matna,كفرأبومتنا,30.724,31.411,مركز ديرب نجم
Kafr Abu Mahmoud,كفرأبومحمود,30.285,31.05,مركز أشمون
Kafr Abu Moslem,كفرأبومسلم,30.486,31.604,مركز أبو حماد
Kafr Abu Mandour,كفرأبومندور,30.842,30.637,مركز إيتاى البارود
Kafr Abu Nasser,كفر أبو ناصر,31.13,31.572,مركز دكرنس
Kafr Abu Nabhan,كفرأبونبهان,30.747,31.267,مركز ميت غمر
Kafr Abu Nagah,كفرأبونجاح,30.604,31.349,مركز الزقازيق
Kafr Abu Nagm,كفر أبو نجم,30.548,31.744,مركز أبو حماد
Kafr Ahmed Barham,كفرأحمدبرهام,30.606,31.61,مركز الزقازيق
Kafr Ahmed Gabran,كفرأحمدجبران,30.557,31.441,مركز الزقازيق
Kafr Ahmed Saleh,كفر أحمد صالح,30.643,31.505,مركز الزقازيق
Kafr Akhsha,كفرأخشا,30.746,30.853,مركز كفر الزيات
Kafr Ismail,كفراسماعيل,30.645,31.215,مركز زفتى
Kafr Ashlim,كفراشليم,30.51,31.133,مركز قويسنا
Kafr Akyad,كفرأكياد,30.459,31.497,مركز بلبيس
Kafr El-Abhar,كفر الأبحر,31.132,31.252,مركز نبروة
Kafr El-Arbaeen,كفر الأربعين,30.496,31.227,مركز بنها
Kafr El-Ashraf,كفر الأشراف,30.623,31.436,مركز الزقازيق
Kafr El-Ashqar,كفر الأشقر,30.739,30.885,مركز كفر الزيات
Kafr El-Ashqam,كفر الأشقم,30.848,31.76,مركز فاقوس
Kafr El-Atrash,كفر الأطرش,31.306,31.52,مركز شربين
Kafr El-Akram,كفر الاكرم,30.588,31.158,مركز قويسنا
Kafr El-Amshouty,كفر الأمشوطي,30.96,31.448,مركز المنصورة
Kafr El-Amir Abdallah,كفر الأمير عبدالله,30.947,31.518,مركز تمى الأمديد
Kafr El-Baga,كفر الباجة,30.776,30.784,مركز كفر الزيات
Kafr El-Bagour,كفر الباجور,30.422,31.025,مركز الباجور
Kafr El-Baz,كفر الباز,31.106,31.508,مركز دكرنس
Kafr El-Basha,كفر الباشا,30.69,31.457,مركز ديرب نجم
Kafr El-Batanoun,كفر البتانون,30.604,30.976,مركز شبين الكوم
Kafr El-Baramoun,كفر البرامون,31.141,31.463,مركز المنصورة
Kafr El-Bastawisy,كفر البسطويسي,31.126,31.111,مركز المحله الكبرى
Kafr El-Ter'a El-Gedida,كفر الترعة الجديدة,31.264,31.612,مركز شربين
Kafr El-Ter'a El-Qadim,كفر الترعة القديم,31.255,31.582,مركز شربين
Kafr El-Taabaniya,كفر التعبانية,30.986,31.281,مركز سمنود
Kafr El-Garaya,كفر الجراية,30.57,31.423,مركز الزقازيق
Kafr El-Garaida,كفر الجرايدة,31.327,31.25,مركز بيلا
Kafr El-Gazzar,كفر الجزار,30.485,31.167,مركز بنها
Kafr El-Gazaer,كفر الجزائر,31.086,30.78,مركز قلين
Kafr El-Gezira,كفر الجزيرة,30.81,31.171,مركز زفتى
Kafr El-Gezira,كفر الجزيرة,29.212,31.202,مركز ناصر
Kafr El-Galayta,كفر الجلايطة,30.564,30.895,مركز الشهداء
Kafr El-Galayla,كفر الجلايلة,30.716,31.541,مركز الأبراهيمية
Kafr El-Gamal,كفر الجم ال,30.33,31.191,مركز طوخ
Kafr El-Gamala,كفر الجم الة,30.619,30.889,مركز الشهداء
Kafr El-Gendy,كفر الجنيدي,30.699,31.206,مركز زفتى
Kafr El-Ganeina El-Bahary,كفر الجنينة البحري,31.09,31.328,مركز نبروة
Kafr El-Ganeina El-Qebly,كفر الجنينة القبلي,31.006,31.187,مركز المحله الكبرى
Kafr El-Gohary,كفر الجوهري,30.673,31.331,مركز ميت غمر
Kafr El-Haj Hassan,كفر الحاج حسن,30.786,31.497,مركز ديرب نجم
Kafr El-Haj Dawoud,كفر الحاج داود,30.682,31.114,مركز السنطة
Kafr El-Haj Sherbiny,كفر الحاجشربيني,31.293,31.495,مركز شربين
Kafr El-Haj Omar,كفر الحاج عمر,30.725,31.84,مركز فاقوس
Kafr El-Haga,كفر الحاجة,30.945,30.61,مركز إيتاى البارود
Kafr El-Hareth,كفر الحارث,30.189,31.18,مركز القناطر الخيرية
Kafr El-Hegazy,كفر الحجازي,30.633,31.38,مركز ميت غمر
Kafr El-Hadadeen,كفر الحدادين,30.367,31.212,مركز طوخ
Kafr El-Hadidy,كفر الحديدي,30.869,31.671,مركز كفر صقر
Kafr El-Hassafa,كفر الحصافة,30.318,31.256,مركز طوخ
Kafr El-Hessa,كفر الحصة,31.076,31.295,مركز نبروة
Kafr El-Hessa,كفر الحصة,30.406,31.195,مركز بنها
Kafr El-Hassr,كفر الحصر,30.605,31.515,مركز الزقازيق
Kafr El-Hataba,كفر الحطبة,31.188,31.489,مركز شربين
Kafr El-Halaby,كفر الحلبي,30.641,31.412,مركز الزقازيق
Kafr El-Hama,كفر الحما,30.807,30.973,مركز طنطا
Kafr El-Hama,كفر الحما,30.293,31.081,مركز أشمون
Kafr El-Hamadiya,كفر الحمادية,30.665,31.097,مركز بركة السبع
Kafr El-Hammam,كفر الحمام,30.632,31.522,مركز الزقازيق
Kafr El-Hammam,كفر الحمام,30.442,31.245,مركز بنها
Kafr El-Hammam,كفر الحمام,30.974,30.797,مركز بسيون
Kafr El-Hamayda,كفر الحمايدة,31.098,30.443,مركز دمنهور
Kafr El-Hamrawy,كفر الحمراوي,31.095,30.934,مركز كفر الشيخ
Kafr El-Khadra,كفر الخضرة,30.382,31.026,مركز الباجور
Kafr El-Khodeiry,كفر الخضيري,30.693,31.576,مركز ههيا
Kafr El-Kheir,كفر الخير,31.056,30.758,مركز دسوق
Kafr El-Dabbousy,كفر الدبوسي,31.184,31.501,مركز شربين
Kafr El-Daghayda,كفر الدغايدة,30.732,31.185,مركز زفتى
Kafr El-Dafrawy,كفر الدفراوي,31.067,30.683,مركز شبراخيت
Kafr El-Dakroury,كفر الدكروري,31.077,31.269,مركز نبروة
Kafr El-Dawwar,كفر الدوار,31.009,30.762,مركز بسيون
Kafr El-Dawwar,كفر الدوار,30.373,31.086,مركز الباجور
Kafr El-Deeb,كفر الديب,30.753,31.191,مركز زفتى
Kafr El-Deir,كفر الدير,30.583,31.384,مركز منيا القمح
Kafr El-Deir,كفر الدير,30.317,31.285,مركز شبين القناطر
Kafr El-Ragalat,كفر الرج الات,30.344,31.103,مركز طوخ
Kafr El-Rahmaniya,كفر الرحمانية,31.157,30.525,مركز المحمودية
Kafr El-Rifaey,كفر الرفاعي,29.719,31.262,مركز العياط
Kafr El-Rouk,كفر الروك,30.831,31.411,مركز السنبلاوين
Kafr El-Zaqaziq El-Qebly,كفر الزقازيق القبلي,30.415,31.316,مركز منيا القمح
Kafr El-Zahaira,كفر الزهايرة,31.155,31.559,مركز دكرنس
Kafr El-Zeitoun,كفر الزيتون,30.643,31.226,مركز زفتى
Kafr El-Saby,كفر السابي,30.986,30.592,مركز شبراخيت
Kafr El-Sahel,كفر الساحل,30.763,30.955,مركز طنطا
Kafr El-Sadat,كفر السادات,30.677,30.906,مركز تلا
Kafr El-Soheimya,كفر السحيمية,30.807,31.162,مركز زفتى
Kafr El-Satouhiya,كفر السطوحية,30.676,31.465,مركز الزقازيق
Kafr El-Saqa,كفر السقا,30.824,30.64,مركز إيتاى البارود
Kafr El-Sukkariya,كفر السكرية,30.655,31.015,مركز تلا
Kafr El-Salamiya,كفر السلامية,30.504,31.125,مركز قويسنا
Kafr El-Sanabsa w Azabto,كفر السنابسةوعزبته,30.448,30.904,مركز منوف
Kafr El-Sanadiya,كفر السنادية,30.791,31.199,مركز زفتى
Kafr El-Sawalmeya,كفر الس والمية,30.626,30.863,مركز الشهداء
Kafr El-Soudan,كفر السودان,31.193,30.638,مركز دسوق
Kafr El-Sayed,كفر السيد,30.325,30.977,مركز أشمون
Kafr El-Shebaa,كفر الشبع,30.641,30.844,مركز الشهداء
Kafr El-Sharabiya,كفر الشرابية,30.393,31.336,مركز مشتول السوق
Kafr El-Sharaqwa,كفر الشراقوة,30.686,31.303,مركز ميت غمر
Kafr El-Sharaqwa,كفر الشراقوة,30.876,31.17,مركز سمنود
Kafr El-Sharaqwa El-Saneita,كفر الشراقوة السنيطة,30.901,31.286,مركز أجا
Kafr El-Sharfa,كفر الشرفا,30.146,31.343,قسم المرج
Kafr El-Sharfa,كفر الشرفا,30.857,31.52,مركز السنبلاوين
Kafr El-Sharfa El-Bahary,كفر الشرفا البحري,30.759,31.527,مركز الأبراهيمية
Kafr El-Sharfa El-Sharqy,كفر الشرفا الشرقي,30.762,30.913,مركز طنطا
Kafr El-Sharfa El-Gharby,كفر الشرفا الغربي,30.22,31.127,مركز القناطر الخيرية
Kafr El-Sharfa El-Gharby,كفر الشرفا الغربي,30.723,30.855,مركز تلا
Kafr El-Sharfa El-Qebly,كفر الشرفا القبلي,30.364,31.348,مركز شبين القناطر
Kafr El-Sha'awra,كفر الشعاورة,30.449,31.301,مركز منيا القمح
Kafr El-Shamout,كفر الشموت,30.437,31.229,مركز بنها
Kafr al-Shinawi,كفر الشناوي,31.281,31.711,مركز فارسكور
Kafr al-Shenhab,كفر الشنهاب,31.002,31.313,مركز المنصورة
Kafr al-Shahawi Khatir,كفر الشهاويخاطر,30.526,31.266,مركز كفر شكر
Kafr al-Shahid,كفر الشهيد,30.629,31.326,مركز ميت غمر
Kafr al-Shawafin,كفر الشوافين,30.971,31.721,مركز أولاد صقر
Kafr al-Shawam,كفر الشوام,30.072,31.215,قسم امبابه
Kafr al-Shobak,كفر الشوبك,30.292,31.332,مركز شبين القناطر
Kafr al-Sheikh,كفر الشيخ,30.613,31.306,مركز ميت غمر
Kafr al-Sheikh Ibrahim,كفر الشيخ ابراهيم,30.438,31.258,مركز بنها
Kafr al-Sheikh Ibrahim,كفر الشيخ ابراهيم,30.534,31.152,مركز قويسنا
Kafr al-Sheikh Ibrahim,كفر الشيخ ابراهيم,28.473,30.83,مركز بنى مزار
Kafr al-Sheikh al-Zawahiri,كفر الشيخ الظواهري,30.687,31.513,مركز ههيا
Kafr al-Sheikh Hassan,كفر الشيخ حسن,31.167,30.587,مركز الرحمانية
Kafr al-Sheikh Khalifa,كفر الشيخخليفة,30.508,31.414,مركز منيا القمح
Kafr al-Sheikh Khalil,كفر الشيخخليل,30.595,30.971,مركز شبين الكوم
Kafr al-Sheikh Dawoud,كفر الشيخ داود,30.753,31.545,مركز الأبراهيمية
Kafr al-Sheikh Salim,كفر الشيخ سليم,30.736,30.971,مركز طنطا
Kafr al-Sheikh Shahata,كفر الشيخشحاتة,30.727,30.915,مركز تلا
Kafr al-Sheikh To'eima,كفر الشيخطعيمة,30.639,31.165,مركز بركة السبع
Kafr al-Sheikh Abed,كفر الشيخعابد,28.922,30.825,مركز سمسطا
Kafr al-Sheikh Atiya,كفر الشيخ عطية,31.202,31.602,مركز شربين
Kafr al-Sheikh Eissa,كفر الشيخعيسي,30.48,31.565,مركز بلبيس
Kafr al-Sheikh Makhlouf,كفر الشيخمخلوف,30.884,30.692,مركز إيتاى البارود
Kafr al-Sheikh Meftah,كفر الشيخ مفتاح,30.726,31.063,مركز السنطة
Kafr al-Sheikh Moussa Omran,كفر الشيخموسيعمران,30.595,31.626,مركز الزقازيق
Kafr al-Sheikha Salma,كفر الشيخةس المة,30.394,31.299,مركز شبين القناطر
Kafr al-Sarem al-Bahari,كفر الصارم البحري,31.0,31.239,مركز سمنود
Kafr al-Sarem al-Qibli,كفر الصارم القبلي,30.633,31.24,مركز زفتى
Kafr al-Sa'ayda,كفر الصعايدة,30.566,31.302,مركز منيا القمح
Kafr al-Salahat,كفر الصلاحات,30.995,31.626,مركز بنى عبيد
Kafr al-Sanadidi,كفر الصناديدي,31.051,30.666,مركز شبراخيت
Kafr al-Sohbi,كفر الصهبي,30.392,31.32,مركز شبين القناطر
Kafr al-Daba'i,كفر الضبعي,29.708,31.264,مركز العياط
Kafr al-Tarayna,كفر الطراينة,30.348,30.87,مركز أشمون
Kafr al-Tawila,كفر الطويلة,31.129,31.432,مركز طلخا
Kafr al-Amra,كفر العامرة,30.494,30.994,مركز منوف
Kafr al-A'ayed,كفر العايد,30.679,31.523,مركز ههيا
Kafr al-Abayda,كفر العبايدة,30.996,31.114,مركز المحله الكبرى
Kafr al-Agayza,كفر العجايزة,30.5,31.068,مركز شبين الكوم
Kafr al-Agami,كفر العجمي,31.173,31.257,مركز بيلا
Kafr al-Iraqi,كفر العراقي,30.874,30.935,مركز طنطا
Kafr al-Arab,كفر العرب,31.301,31.706,مركز فارسكور
Kafr al-Arab,كفر العرب,31.033,31.31,مركز طلخا
Kafr al-Arab,كفر العرب,30.503,31.495,مركز بلبيس
Kafr al-Arab,كفر العرب,30.412,31.229,مركز بنها
Kafr al-Arab,كفر العرب,31.149,30.687,مركز دسوق
Kafr al-Arab,كفر العرب,30.814,31.194,مركز زفتى
Kafr al-Arab,كفر العرب,30.873,30.866,مركز كفر الزيات
Kafr al-Arab al-Bahari,كفر العرب البحري,30.703,30.968,مركز تلا
Kafr al-Arab al-Qibli,كفر العرب القبلي,30.506,31.114,مركز قويسنا
Kafr al-Azazi,كفر العزازي,30.573,31.692,مركز أبو حماد
Kafr al-Aziziya,كفر العزيزية,30.876,31.189,مركز سمنود
Kafr al-Akl,كفر العكل,30.742,31.429,مركز ديرب نجم
Kafr al-Ulama,كفر العلماء,30.677,31.753,مركز فاقوس
Kafr al-Olou,كفر العلو,29.806,31.322,قسم حلوان
Kafr al-Olou,كفر العلو,31.101,31.499,مركز محلة دمنة
Kafr al-Alawi,كفر العلوي,30.691,30.884,مركز تلا
Kafr al-Ammar,كفر العمار,30.334,31.147,مركز طوخ
Kafr al-Ananiya,كفر العنانية,30.813,31.368,مركز السنبلاوين
Kafr al-Eis,كفر العيص,30.813,30.757,مركز كوم حمادة
Kafr al-Ghaba,كفر الغابة,30.849,30.728,مركز إيتاى البارود
Kafr al-Gharib,كفر الغريب,30.355,30.932,مركز أشمون
Kafr al-Ghanama,كفر الغنامة,31.257,31.461,مركز بلقاس
Kafr al-Ghanamiya,كفر الغنامية,30.384,31.046,مركز الباجور
Kafr al-Ghoneimi,كفر الغنيمي,30.495,31.326,مركز منيا القمح
Kafr al-Farayha,كفر الفرايحة,31.059,31.806,مركز أولاد صقر
Kafr al-Fara'oniya,كفر الفرعونية,30.352,31.058,مركز أشمون
Kafr al-Foqaha,كفر الفقهاء,30.323,31.134,مركز طوخ
Kafr al-Fila,كفر الفيلة,27.945,30.724,مركز ابو قرقاص
Kafr al-Qabab,كفر القباب,31.094,31.528,مركز دكرنس
Kafr al-Qatta,كفر القتة,31.178,31.278,مركز بيلا
Kafr al-Qarinin,كفر القرينين,30.416,31.076,مركز الباجور
Kafr al-Qassar,كفر القصار,30.852,30.803,مركز كفر الزيات
Kafr al-Qasali,كفر القص الي,31.107,31.343,مركز طلخا
Kafr al-Qolshi,كفر القلشي,30.663,30.985,مركز تلا
Kafr al-Kawadi,كفر الكوادي,28.388,30.761,مركز مطاى
Kafr al-Lawandi,كفر اللاوندي,30.945,31.31,مركز أجا
Kafr al-Laba,كفر اللبا,30.743,31.403,مركز ديرب نجم
Kafr al-Mohamadiya,كفر المحمدية,30.634,31.339,مركز ميت غمر
Kafr al-Mahmoudiya,كفر المحمودية,30.659,31.514,مركز ههيا
Kafr al-Madawer,كفر المداور,28.653,30.814,مركز مغاغة
Kafr al-Marab'een al-Sharqiya,كفر المرابعين الشرقية,31.379,31.508,مركز كفر سعد
Kafr al-Marazqa,كفر المرازقة,31.028,30.89,مركز قلين
Kafr al-Masharqa,كفر المشارقة,31.259,30.817,مركز سيدى سالم
Kafr al-Mashayekh,كفر المشايخ,31.05,30.903,مركز قلين
Kafr al-Maghrabi,كفر المغربي,28.676,30.68,مركز العدوة
Kafr al-Meqdam,كفر المقدام,30.691,31.373,مركز ميت غمر
Kafr al-Manazla,كفر المنازلة,31.323,31.692,مركز كفر سعد
Kafr al-Mandara,كفر المندرة,30.856,31.267,مركز أجا
Kafr al-Manshi Abu Hamar,كفر المنشيأبوحمر,30.959,30.837,مركز بسيون
Kafr al-Manshi al-Qibli,كفر المنشي القبلي,30.821,30.893,مركز طنطا
Kafr al-Manshi al-Qibli,كفر المنشي القبلي,30.579,31.092,مركز قويسنا
Kafr al-Mansoura,كفر المنصورة,30.821,30.914,مركز طنطا
Kafr al-Mayasra,كفر المياسرة,31.237,31.644,مركز الزرقا
Kafr al-Nogaba,كفر النجبا,30.878,31.296,مركز أجا
Kafr al-Nakhla,كفر النخلة,30.325,31.153,مركز طوخ
Kafr al-Noseiri,كفر النصيري,30.757,31.621,مركز أبوكبير
Kafr al-Na'na'i,كفر النعناعي,31.012,31.005,مركز قطور
Kafr al-Na'im,كفر النعيم,30.683,31.286,مركز ميت غمر
Kafr al-Hawashim,كفر الهواشم,30.79,30.78,مركز كفر الزيات
Kafr al-Waslin,كفر الواصلين,29.444,31.286,مركز أطفيح
Kafr al-Waq,كفر الواق,30.925,30.246,مركز حوش عيسى
Kafr al-Wazir,كفر الوزير,30.682,31.344,مركز ميت غمر
Kafr al-Wakalah,كفر الوك الة,31.342,31.532,مركز شربين
Kafr al-Walga,كفر الولجا,30.549,31.294,مركز كفر شكر
Kafr Umm Youssef,كفر أم يوسف,31.125,30.756,مركز دسوق
Kafr Amlit,كفرأمليط,31.18,30.522,مركز المحمودية
Kafr Awlad Atiya,كفر أولاد عطية,30.639,31.564,مركز ههيا
Kafr Ayoub Suleiman,كفرأيوبسليمان,30.431,31.575,مركز بلبيس
Kafr Ayoub Awad,كفرأيوبعوض,30.451,31.329,مركز منيا القمح
Kafr Belmesht,كفرب المشط,30.45,30.884,مركز منوف
Kafr Batabs,كفربتبس,30.651,30.989,مركز تلا
Kafr Badawi al-Gadid,كفربداوي الجديد,31.138,31.494,مركز المنصورة
Kafr Badawi al-Qadim,كفربداوي القديم,31.142,31.481,مركز المنصورة
Kafr Badran,كفربدران,30.545,31.354,مركز منيا القمح
Kafr Badawi Girgis,كفربدويجرجس,30.896,31.496,مركز السنبلاوين
Kafr Barabari Suleiman,كفربربريسليمان,30.667,31.364,مركز ميت غمر
Kafr Barakat,كفربركات,29.504,31.226,مركز العياط
Kafr Besat,كفربساط,31.183,31.434,مركز طلخا
Kafr Bata,كفربطا,30.468,31.151,مركز بنها
Kafr Baqtar Sa'd,كفربقطرسعد,30.593,31.387,مركز منيا القمح
Kafr Baladam,كفربلضم,30.954,30.995,مركز قطور
Kafr Bengharian,كفربنغريان,30.621,31.203,مركز قويسنا
Kafr Bani Salem,كفربنيس الم,30.879,31.425,مركز السنبلاوين
Kafr Bani Otman,كفربنيعتمان,29.314,31.179,مركز الواسطى
Kafr Bani Ali,كفربنيعلي,28.969,30.902,مركز سمسطا
Kafr Bani Alim,كفربنيعليم,30.458,31.598,مركز بلبيس
Kafr Bani Hilal,كفربنيهل ال,31.053,30.511,مركز دمنهور
Kafr Bahout,كفربهوت,31.153,31.359,مركز نبروة
Kafr Boulin,كفر بولين,30.727,30.729,مركز كوم حمادة
Kafr Taqi,كفرتقي,31.173,31.611,مركز الزرقا
Kafr Talbana,كفرتلبانة,30.965,31.461,مركز المنصورة
Kafr Tida,كفرتيدة,31.249,30.855,مركز سيدى سالم
Kafr Garza,كفرجرزة,29.447,31.202,مركز العياط
Kafr Gom'a,كفرجمعه,28.898,30.945,مركز ببا
Kafr Ganzour,كفرجنزور,30.667,31.018,مركز تلا
Kafr Guneidi,كفرجنيدي,30.72,31.495,مركز ديرب نجم
Kafr Hafez,كفرحافظ,30.602,31.662,مركز أبو حماد
Kafr Hanout al-Bahari,كفرحانوت البحري,30.782,31.225,مركز زفتى
Kafr Hanout al-Qibli,كفرحانوت القبلي,30.763,31.218,مركز زفتى
Kafr Haggag,كفر حجاج,31.148,31.885,مركز المنزلة
Kafr Hegazi,كفرحجازي,30.943,31.179,مركز المحله الكبرى
Kafr Hegazi,كفرحجازي,30.576,30.847,مركز الشهداء
Kafr Hegazi,كفرحجازي,30.201,31.061,مركز إمبابة
Kafr Hassan,كفرحسان,31.018,31.304,مركز سمنود
Kafr Hassan Sa'd,كفر حسن سعد,30.331,31.219,مركز طوخ
Kafr Hassan Atallah,كفرحسنعطا الله,30.514,31.431,مركز منيا القمح
Kafr Hassan Okasha,كفرحسنعكاشة,30.531,31.443,مركز منيا القمح
Kafr Hassan Nanda,كفر حسن ندا,30.508,31.36,مركز منيا القمح
Kafr Hussein,كفر حسين,30.803,31.184,مركز زفتى
Kafr Hussein al-Tobgi,كفرحسين الطوبجي,30.499,31.449,مركز منيا القمح
Kafr Hashad,كفرحشاد,30.8,30.799,مركز كفر الزيات
Kafr Hossam,كفرحصام,31.069,30.267,مركز ابوحمص
Kafr Hafna,كفرحفنا,30.403,31.439,مركز بلبيس
Kafr Hakim,كفرحكيم,30.084,31.114,مركز كرداسة
Kafr Halawa,كفرحلاوة,29.399,31.282,مركز أطفيح
Kafr Hammad,كفر حماد,30.883,31.678,مركز كفر صقر
Kafr Hamza,كفر حمزة,30.233,31.336,مركز الخانكة
Kafr Hammouda Arna'out,كفرحمودةأرناؤوط,30.605,31.592,مركز ههيا
Kafr Hamid,كفرحميد,29.711,31.242,مركز العياط
Kafr Khaza'el,كفرخزاعل,30.779,31.136,مركز السنطة
Kafr Khazam,كفر خزام,27.677,30.862,مركز دير مواس
Kafr Khadr,كفرخضر,30.788,30.925,مركز طنطا
Kafr Khodeir,كفرخضير,30.95,30.753,مركز شبراخيت
Kafr Khalifa,كفرخليفة,30.825,30.631,مركز إيتاى البارود
Kafr Dawoud,كفر داود,30.475,30.83,مركز السادات
Kafr Dawoud,كفر داود,30.401,30.37,مركز وادى النطرون
Kafr Dawoud Matar,كفرداودمطر,30.703,31.364,مركز ميت غمر
Kafr Dabous,كفردبوس,30.667,31.535,مركز ههيا
Kafr Darwish,كفر درويش,28.743,30.884,مركز الفشن
Kafr Daqmaq,كفردقماق,30.533,31.054,مركز شبين الكوم
Kafr Damtiwah,كفردمتيوه,30.787,30.715,مركز كوم حمادة
Kafr Damrou,كفردمرو,31.095,31.158,مركز المحله الكبرى
Kafr Damallash,كفردملاش,31.202,31.401,مركز بلقاس
Kafr Damantou,كفردمنتو,31.056,31.098,مركز المحله الكبرى
Kafr Damanhour al-Qadim,كفردمنهور القديم,30.69,31.193,مركز زفتى
Kafr Damira al-Gadid,كفردميرة الجديد,31.158,31.383,مركز طلخا
Kafr Damira al-Qadim,كفردميرة القديم,31.104,31.372,مركز طلخا
Kafr Denshawy,كفردنشواي,30.583,30.849,مركز الشهداء
Kafr Danouhiya,كفردنوهيا,30.533,31.554,مركز الزقازيق
Kafr Dahamsha,كفردهمشا,30.414,31.385,مركز مشتول السوق
Kafr Deir Baqtaris,كفرديرببقطارس,30.938,31.318,مركز أجا
Kafr Dima,كفرديما,30.803,30.867,مركز كفر الزيات
Kafr Rabi',كفرربيع,30.698,30.828,مركز تلا
Kafr Ragab,كفررجب,30.605,31.333,مركز كفر شكر
Kafr Rimah,كفررماح,30.477,30.999,مركز منوف
Kafr Ramada wal-Torgoman,كفررمادة والترجمان,30.216,31.242,مركز قليوب
Kafr Zarqan,كفرزرقان,30.627,30.912,مركز تلا
Kafr Ziyada,كفرزيادة,30.739,30.606,مركز كوم حمادة
Kafr Zeidan Mandil,كفرزيدانمنديل,30.593,31.645,مركز أبو حماد
Kafr Zein al-Din,كفرزين الدين,30.485,31.106,مركز قويسنا
Kafr Salma al-Nahhal,كفرس الم النح ال,30.739,31.064,مركز السنطة
Kafr Salma al-Habbab,كفرس الم الهباب,31.029,30.77,مركز بسيون
Kafr Sabtas,كفرسبطاس,30.779,31.045,مركز طنطا
Kafr Sabk,كفرسبك,30.436,31.082,مركز الباجور
Kafr Sarsamous,كفرسرسموس,30.588,30.947,مركز الشهداء
Kafr Saranga,كفرسرنجا,30.751,31.249,مركز ميت غمر
Kafr Sa'd,كفر سعد,30.866,31.61,مركز السنبلاوين
Kafr Sa'd,كفر سعد,30.489,31.193,مركز بنها
Kafr Sa'd Bahiri,كفرسعدبحيري,30.381,31.34,مركز شبين القناطر
Kafr Saadoun,كفرسعدون,30.952,30.911,مركز قطور
Kafr Saafan,كفرسعفان,31.124,31.508,مركز محلة دمنة
Kafr Salama,كفرسلامة,30.821,31.568,مركز السنبلاوين
Kafr Salama Ibrahim,كفرسلامةابراهيم,30.428,31.329,مركز منيا القمح
Kafr Salama Bishara,كفرسلامةبشارة,30.514,31.406,مركز منيا القمح
Kafr Salamoun,كفرسلامون,30.793,30.755,مركز كوم حمادة
Kafr Salim,كفر سليم,30.181,31.169,مركز القناطر الخيرية
Kafr Sulaiman El-Bahari,كفرسليمان البحري,31.352,31.705,مركز كفر سعد
Kafr Sulaiman El-Warr,كفرسليمان الور,30.338,31.348,مركز شبين القناطر
Kafr Sulaiman Tadros,كفرسليمانتادرس,30.698,31.356,مركز ميت غمر
Kafr Sulaiman Awad,كفر سليمان عوض,30.732,31.095,مركز السنطة
Kafr Sulaiman Moussa,كفرسليمانموسي,30.66,31.495,مركز الزقازيق
Kafr Samalij,كفرسم اليج,30.672,30.994,مركز تلا
Kafr Sanbat,كفرسنباط,30.788,31.221,مركز زفتى
Kafr Sanbou,كفرسنبو,30.639,31.188,مركز زفتى
Kafr Sanjab,كفرسنجاب,30.955,31.668,مركز تمى الأمديد
Kafr Sanjalf El-Gadid,كفرسنجلف الجديد,30.411,31.011,مركز الباجور
Kafr Sanjalf El-Qadim,كفرسنجلف القديم,30.414,31.036,مركز الباجور
Kafr Sandan Hour,كفرسندانهور,30.416,31.178,مركز بنها
Kafr Sandawa,كفرسندوة,30.271,31.325,مركز شبين القناطر
Kafr Santis,كفرسنطيس,30.984,30.478,مركز دمنهور
Kafr Shahin,كفر شاهين,30.774,31.179,مركز زفتى
Kafr Shawish,كفرشاويش,30.713,31.755,مركز فاقوس
Kafr Shubra El-Yaman,كفرشبرا اليمن,30.824,31.211,مركز زفتى
Kafr Shubra Baloula,كفرشبرابلولة,30.489,30.97,مركز منوف
Kafr Shubra Zengi,كفرشبرازنجي,30.448,31.004,مركز الباجور
Kafr Shubra Qalouj,كفرشبراقلوج,30.768,31.2,مركز زفتى
Kafr Shubra Hour,كفرشبراهور,30.92,31.394,مركز السنبلاوين
Kafr Shibin,كفر شبين,30.302,31.301,مركز شبين القناطر
Kafr Shahata,كفرشحاتة,29.589,31.259,مركز العياط
Kafr Sharaf El-Din,كفر شرف الدين,30.541,31.23,مركز كفر شكر
Kafr Shishta,كفرششتا,30.861,31.155,مركز زفتى
Kafr Shaban,كفرشعبان,30.484,31.403,مركز منيا القمح
Kafr Shalshalmoun,كفرشلشلمون,30.498,31.375,مركز منيا القمح
Kafr Shamakh,كفرشماخ,30.794,30.789,مركز كفر الزيات
Kafr Shamara,كفرشمارة,30.685,31.205,مركز زفتى
Kafr Shanwan,كفرشنوان,30.5,31.018,مركز شبين الكوم
Kafr Sarawa,كفرصراوة,30.243,31.085,مركز أشمون
Kafr Salib Rizq,كفرصليبرزق,30.554,31.392,مركز منيا القمح
Kafr Salib Salama,كفرصليبسلامة,30.576,31.324,مركز كفر شكر
Kafr Sanadid,كفرصناديد,30.709,30.977,مركز تلا
Kafr Tablouha,كفرطبلوها,30.642,30.954,مركز تلا
Kafr Taha,كفرطحا,30.266,31.307,مركز شبين القناطر
Kafr Tahla,كفرطحلة,30.399,31.144,مركز بنها
Kafr Tahouriya,كفرطحورية,30.361,31.321,مركز شبين القناطر
Kafr Tarkhan,كفر طرخان,29.728,31.288,مركز الصف
Kafr Tarna,كفرطرنة,30.77,31.071,مركز طنطا
Kafr Tasfa,كفرطصفا,30.571,31.294,مركز كفر شكر
Kafr Tanah,كفرطناح,31.032,31.556,مركز المنصورة
Kafr Tanbadi,كفرطنبدي,30.591,31.007,مركز شبين الكوم
Kafr Tanboul El-Qadim,كفرطنبول القديم,30.873,31.395,مركز السنبلاوين
Kafr Taha Shubra,كفرطهشبرا,30.558,31.09,مركز قويسنا
Kafr Taharmas,كفرطهرمس,30.017,31.182,قسم بولاق الدكرور
Kafr Abd El-Amin Hasaballah,كفرعبد الأمينحسب الله,30.842,31.371,مركز السنبلاوين
Kafr Abd El-Khaliq,كفرعبد الخ الق,28.673,30.719,مركز العدوة
Kafr Abd El-Rahman,كفر عبد الرحمن,31.145,30.755,مركز دسوق
Kafr Abd El-Rahman,كفر عبد الرحمن,30.667,31.247,مركز زفتى
Kafr Abd El-Sayed Nawwar,كفرعبد السيدنوار,30.588,31.302,مركز كفر شكر
Kafr Abd El-Shahid Shanouda,كفرعبد الشهيدشنودة,30.792,31.707,مركز كفر صقر
Kafr Abdallah Shanqas,كفرعبد اللهشنقاص,30.555,31.333,مركز منيا القمح
Kafr Abdallah Aziza,كفرعبد اللهعزيزة,30.476,31.454,مركز منيا القمح
Kafr Abd El-Malek Mansour,كفرعبد الملكمنصور,30.617,31.348,مركز الزقازيق
Kafr Abd El-Mo'men w El-Sheikh Radwan,كفرعبد المؤمن والشيخرضوان,31.073,31.536,مركز دكرنس
Kafr Abd El-Nabi,كفرعبد النبي,30.415,31.334,مركز منيا القمح
Kafr Abdo w Manshaat El-Kheir,كفرعبدهومنشأة الخير,30.524,31.149,مركز قويسنا
Kafr Abboud,كفرعبود,29.434,30.723,مركز أبشواى
Kafr Abyan,كفرعبيان,30.242,31.35,مركز الخانكة
Kafr Othman,كفر عثمان,31.073,30.709,مركز شبراخيت
Kafr Othman Effat,كفرعثمانعفت,30.444,31.397,مركز منيا القمح
Kafr Agiba,كفرعجيبة,30.614,31.627,مركز ههيا
Kafr Azzaz,كفرعزاز,31.012,30.339,مركز ابوحمص
Kafr Azzam,كفر عزام,30.842,31.531,مركز السنبلاوين
Kafr Azab Ghoneim,كفر عزب غنيم,30.525,31.251,مركز كفر شكر
Kafr Askar,كفر عسكر,30.669,30.919,مركز تلا
Kafr Askar Shandeed,كفرعسكرشنديد,30.911,30.694,مركز إيتاى البارود
Kafr Askar Saft,كفر عسكر صفط,30.95,30.662,مركز إيتاى البارود
Kafr Ashma,كفرعشما,30.581,30.897,مركز الشهداء
Kafr Essam,كفرعصام,30.805,30.984,مركز طنطا
Kafr Atallah,كفرعطا الله,30.45,31.267,مركز بنها
Kafr Atallah Salama,كفرعطا اللهسلامة,30.64,31.523,مركز الزقازيق
Kafr Atallah Sulaiman,كفرعطا اللهسليمان,30.625,31.383,مركز ميت غمر
Kafr Allam,كفرعلام,31.135,31.729,مركز منية النصر
Kafr Alwan,كفر علوان,30.373,31.202,مركز طوخ
Kafr Alwan,كفر علوان,30.764,31.051,مركز طنطا
Kafr Ali Abdallah,كفر علي عبدالله,30.71,31.352,مركز ميت غمر
Kafr Ali Ghali,كفرعليغ الي,30.406,31.324,مركز منيا القمح
Kafr Alim,كفرعليم,30.259,31.128,مركز القناطر الخيرية
Kafr Alim,كفرعليم,30.639,31.11,مركز بركة السبع
Kafr Ammar,كفرعمار,29.509,31.243,مركز العياط
Kafr Omar Mostafa,كفر عمر مصطفي,30.515,31.377,مركز منيا القمح
Kafr Omeira,كفر عميرة,29.401,30.931,مركز طامية
Kafr Awana,كفرعوانة,30.92,30.732,مركز إيتاى البارود
Kafr Awad El-Suneita,كفرعوض السنيطة,30.892,31.29,مركز أجا
Kafr Awadallah Hegazi,كفرعوض اللهحجازي,30.55,31.537,مركز الزقازيق
Kafr Awad Sulaiman,كفر عوض سليمان,30.769,31.604,مركز الأبراهيمية
Kafr Aoun,كفرعون,30.243,31.027,مركز أشمون
Kafr Ayad Karim,كفرعيادكريم,30.467,31.635,مركز أبو حماد
Kafr Ghazi,كفرغازي,30.63,31.211,مركز زفتى
Kafr Ghanem,كفرغانم,30.753,30.643,مركز كوم حمادة
Kafr Gharein,كفرغرين,30.766,30.748,مركز كوم حمادة
Kafr Ghannam,كفرغنام,30.829,31.582,مركز السنبلاوين
Kafr Ghoneim,كفر غنيم,31.143,30.607,مركز الرحمانية
Kafr Farag Gerges,كفرفرججرجس,30.519,31.315,مركز منيا القمح
Kafr Farsis,كفرفرسيس,30.416,31.218,مركز بنها
Kafr Farsis,كفرفرسيس,30.683,31.23,مركز زفتى
Kafr Fazara,كفرفزارة,29.428,30.808,مركز سنورس
Kafr Fiyala,كفرفي الة,30.922,31.161,مركز المحله الكبرى
Kafr Fisha El-Koubra,كفرفيشا الكبري,30.427,30.954,مركز منوف
Kafr Qassem,كفرقاسم,29.538,31.26,مركز العياط
Kafr Qarshoum,كفرقرشوم,30.682,30.974,مركز تلا
Kafr Qartam,كفرقرطام,30.719,31.167,مركز السنطة
Kafr Qareitna,كفرقريطنة,31.042,31.04,مركز المحله الكبرى
Kafr Qashash,كفرقشاش,30.965,30.689,مركز شبراخيت
Kafr Qandil,كفرقنديل,29.431,31.233,مركز أطفيح
Kafr Qansawa,كفرقنصوة,30.843,31.506,مركز السنبلاوين
Kafr Qaneish,كفرقنيش,31.137,31.711,مركز منية النصر
Kafr Qours,كفرقورص,30.269,31.053,مركز أشمون
Kafr Koshk,كفركشك,30.721,31.76,مركز فاقوس
Kafr Kala El-Bab,كفركلا الباب,30.691,31.15,مركز السنطة
Kafr Kourdi,كفركوردي,30.514,31.257,مركز كفر شكر
Kafr Labs,كفرلبس,27.892,30.722,مركز ابو قرقاص
Kafr Lahaimer,كفرلحيمر,30.812,30.595,مركز الدلنجات
Kafr Mougahed,كفرمجاهد,30.819,30.784,مركز كوم حمادة
Kafr Magar,كفرمجر,31.102,30.733,مركز دسوق
Kafr Mohsen,كفرمحسن,30.724,31.542,مركز الأبراهيمية
Kafr Mahfouz,كفرمحفوظ,29.462,30.897,مركز طامية
Kafr Mahalla Dawoud,كفر محلة داود,31.096,30.598,مركز الرحمانية
Kafr Mahalla Maseer,كفر محلة مسير,31.03,31.005,مركز قطور
Kafr Mohamed Ahmed,كفر محمد أحمد,30.569,31.318,مركز منيا القمح
Kafr Mohamed El-Shennawy,كفرمحمد الشناوي,30.892,31.505,مركز السنبلاوين
Kafr Mohamed El-Ghatouri,كفرمحمد الغتوري,30.506,31.429,مركز منيا القمح
Kafr Mohamed Hussein,كفر محمد حسين,30.582,31.495,مركز الزقازيق
Kafr Mohamed Shawish,كفرمحمدشاويش,30.551,31.453,مركز الزقازيق
Kafr Mahmoud,كفرمحمود,30.38,31.065,مركز الباجور
Kafr Mahmoud Shawish,كفرمحمودشاويش,30.647,31.483,مركز الزقازيق
Kafr Mosaad,كفرمساعد,30.925,30.635,مركز إيتاى البارود
Kafr Mostanan,كفرمستنان,31.008,30.688,مركز شبراخيت
Kafr Masoud,كفر مسعود,30.786,30.941,مركز طنطا
Kafr Masoud Hegazi,كفرمسعودحجازي,30.445,31.415,مركز بلبيس
Kafr Mashala,كفرمشلة,30.735,30.805,مركز كفر الزيات
Kafr Mostafa,كفر مصطفي,30.437,31.386,مركز منيا القمح
Kafr Malij,كفرمليج,30.624,31.039,مركز بركة السبع
Kafr Manawahla,كفرمناوهلة,30.475,31.042,مركز الباجور
Kafr Mansaba,كفرمنسابة,28.8,30.793,مركز الفشن
Kafr Manshaat El-Nasr,كفر منشأة النصر,31.339,31.502,مركز شربين
Kafr Mansour,كفرمنصور,30.341,31.169,مركز طوخ
Kafr Mansour,كفرمنصور,30.516,31.233,مركز كفر شكر
Kafr Mansour,كفرمنصور,30.226,31.044,مركز أشمون
Kafr Mansour,كفرمنصور,28.979,31.027,مركز ببا
Kafr Mahdi,كفرمهدي,28.678,30.774,مركز العدوة
Kafr Moussa Shawish,كفرموسيشاويش,30.568,31.331,مركز منيا القمح
Kafr Mouis,كفرمويس,30.487,31.24,مركز بنها
Kafr Mit Haway,كفرميتحواي,30.781,31.105,مركز السنطة
Kafr Mit Abou El-Koum,كفر ميت أبو الكوم,30.637,30.925,مركز تلا
Kafr Mit El-Haroun,كفرميت الحارون,30.617,31.248,مركز زفتى
Kafr Mit El-Absi,كفرميت العبسي,30.556,31.239,مركز قويسنا
Kafr Mit El-Ezz,كفرميت العز,30.626,31.281,مركز ميت غمر
Kafr Mit Bashar,كفرميتبشار,30.534,31.382,مركز منيا القمح
Kafr Mit Siraj,كفرميتسراج,30.535,31.069,مركز قويسنا
Kafr Mit Souhail,كفرميتسهيل,30.452,31.396,مركز منيا القمح
Kafr Mit Fatek,كفرميتفاتك,31.071,31.44,مركز المنصورة
Kafr Mit Faris,كفر ميت فارس,31.036,31.626,مركز بنى عبيد
Kafr Nasser,كفر ناصر,28.94,30.994,مركز ببا
Kafr Nashwa,كفرنشوة,30.482,31.482,مركز منيا القمح
Kafr Naseer,كفرنصير,30.919,30.866,مركز بسيون
Kafr Nou'man,كفرنعمان,30.789,31.249,مركز ميت غمر
Kafr Nafra El-Bahari,كفرنفرة البحري,30.651,31.165,مركز بركة السبع
Kafr Nakla,كفرنكلا,31.167,30.508,مركز المحمودية
Kafr Nawwar Hanna,كفرنوارحنا,30.594,31.411,مركز الزقازيق
Kafr Naway,كفرنواي,30.757,31.172,مركز زفتى
Kafr Harbeit,كفرهربيط,30.719,31.615,مركز أبوكبير
Kafr Helal,كفرهل ال,30.639,31.176,مركز بركة السبع
Kafr Hourin,كفرهورين,30.653,31.112,مركز بركة السبع
Kafr Wahab,كفروهب,30.518,31.139,مركز قويسنا
Kafr Yaqoub,كفريعقوب,30.776,30.768,مركز كفر الزيات
Kafr Youssef,كفر يوسف,31.322,31.532,مركز شربين
Kafr Youssef Hanas,كفر يوسف حنس,31.119,30.811,مركز قلين
Kafr Youssef Dawoud,كفر يوسف داود,31.125,30.83,مركز قلين
Kafr Youssef Salama,كفريوسفسلامة,30.557,31.485,مركز الزقازيق
Kafr Youssef Samri,كفريوسفسمري,30.464,31.328,مركز منيا القمح
Kafr Youssef Shahata,كفريوسفشحاتة,30.346,31.37,مركز مشتول السوق
Kafr Youssef Awad,كفر يوسف عوض,30.833,31.427,مركز السنبلاوين
Kafr Ahmed Shalaby,كفراحمد شلبى,30.934,30.942,مركز قطور
Kafret El-Gabal,كفرة الجبل,29.965,31.152,قسم الأهرام
Kafret Nassar w Funduq Mena House,كفرةنصاروفندقميناهاوس,29.995,31.135,قسم الأهرام
Kofour El-Ghab,كفور الغاب,31.377,31.55,مركز كفر سعد
Kofour El-Bahayta,كفور البهايتة,30.701,31.35,مركز ميت غمر
Kofour El-Raml,كفور الرمل,30.546,31.179,مركز قويسنا
Kofour El-Sawalm Bahari,كفور الس والمبحري,30.895,30.721,مركز إيتاى البارود
Kofour El-Sawalm Qebli,كفور الس والمقبلي,30.874,30.738,مركز إيتاى البارود
Kofour El-Sheikh Fadl,كفور الشيخفضل,29.347,30.758,مركز الفيوم
Kofour El-Souliya,كفور الصولية,28.433,30.821,مركز مطاى
Kofour El-Arab,كفور العرب,31.099,31.355,مركز طلخا
Kofour El-Nil,كفور النيل,29.309,30.885,مركز الفيوم
Kofour Balshay,كفوربلشاي,30.873,30.799,مركز كفر الزيات
Kofour Hashmat,كفورحشمت,29.177,30.779,مركز أطسا
Kofour Shahata,كفورشحاتة,31.296,31.63,مركز كفر سعد
Kofour Abed,كفورعابد,30.341,31.183,مركز طوخ
Kofour Amer w Radwan,كفورعامرورضوان,30.524,31.238,مركز كفر شكر
Kofour Kom Ombo,كفوركومأمبو,24.535,32.95,مركز كوم امبو
Kufour Najm,كفور نجم,30.735,31.598,مركز الأبراهيمية
Kalout Bek,كلوتبك,30.058,31.25,قسم الأزبكية
Kamal El Din Salah,كمال الدين صلاح,30.609,30.702,مركز بدر
Kamshoush,كمشوش,30.415,30.926,مركز منوف
Kamshish,كمشيش,30.608,30.94,مركز تلا
Kanj Othman,كنجعثمان,31.152,30.11,مركز كفر الدوار
Kaniset El Saradousi,كنيسة السرادوسي,31.193,30.695,مركز دسوق
Kaniset El Dahriya,كنيسة الضهرية,30.826,30.749,مركز إيتاى البارود
Kaniset Ourin,كنيسةأورين,30.953,30.676,مركز شبراخيت
Kaniset Damshit,كنيسةدمشيت,30.9,31.017,مركز طنطا
Kaniset Shubrato,كنيسةشبراطو,30.997,30.822,مركز بسيون
Kobri El Mahatta,كوبري المحطة,30.814,30.997,قسم أول طنطا
Kobri El Qobba,كوبري القبة,30.084,31.293,قسم الوايلي
Koudyet Mubarak,كوديةمبارك,27.516,30.757,مركز ديروط
Koum El Nasr,كوم النصر,31.138,30.473,مركز المحمودية
Koum Badr,كوم بدر,26.78,31.425,مركز طهطا
Koum Abu Hagar,كومأبوحجر,26.935,31.361,مركز صدفا
Koum Abu Khallad,كومأبوخلاد,29.207,31.061,مركز ناصر
Koum Abu Radi,كوم أبو راضي,29.316,31.153,مركز الواسطى
Koum Abu Sheil,كومأبوشيل,27.242,31.168,مركز أبنوب
Koum Adreiga,كومأدريجة,29.272,31.205,مركز الواسطى
Koum Asfaht,كومأسفحت,26.952,31.321,مركز صدفا
Koum Ashfin,كومأشفين,30.175,31.257,مركز قليوب
Koum Ashqaw,كومأشقاو,26.841,31.425,مركز طما
Koum Ashkilo,كومأشكيلو,26.263,31.862,مركز جرجا
Koum Ashou,كومأشو,31.167,30.145,مركز كفر الدوار
Koum El Ashraf,كوم الأشراف,30.657,31.381,مركز الزقازيق
Koum El Atrun,كوم الأطرون,30.344,31.159,مركز طوخ
Koum El Baga,كوم البجا,26.088,32.175,مركز فرشوط
Koum El Baraka,كوم البركة,31.096,30.064,مركز كفر الدوار
Koum El Hasel,كوم الحاصل,28.63,30.682,مركز مغاغة
Koum El Hagar,كوم الحجر,31.43,31.137,مركز الحامول
Koum El Hagana,كوم الحجنة,31.185,31.115,مركز بيلا
Koum El Darbi,كوم الدربي,31.001,31.441,مركز المنصورة
Koum El Dekka Sharq,كوم الدكةشرق,31.198,29.91,قسم العطارين
Koum El Dekka Gharb,كوم الدكةغرب,31.196,29.907,قسم العطارين
Koum El Dahab - Zubeida El Bahariya Sabeqan,كوم الذهب_زبيدة البحريةسابقا,31.353,30.72,مركز سيدى سالم
Koum El Raml El Bahari,كوم الرمل البحري,29.128,30.948,مركز أهناسيا
Koum El Ramli El Qibli,كوم الرملي القبلي,29.017,30.875,مركز سمسطا
Koum El Zuheir,كوم الزهير,27.989,30.791,مركز ابو قرقاص
Koum El Samn,كوم السمن,30.213,31.292,مركز شبين القناطر
Koum El Shaqafa Sharq,كومالشقافة شرق,31.181,29.894,قسم مينا البصل
Koum El Shaqafa Gharb,كومالشقافة غرب,31.18,29.891,قسم مينا البصل
Koum El Shahid,كوم الشهيد,27.363,30.927,مركز منفلوط
Koum El Sheikh Salama,كوم الشيخسلامة,30.051,31.255,قسم الموسكي
Koum El Sheikh Obeid,كوم الشيخ عبيد,30.668,30.98,مركز تلا
Koum El Saayda,كوم الصعايدة,26.296,31.915,مركز جرجا
Koum El Dabaa,كوم الضبع,30.471,31.033,مركز الباجور
Koum El Tarfaya,كوم الطرفاية,31.246,30.14,مركز كفر الدوار
Koum El Arab,كوم العرب,26.873,31.456,مركز طما
Koum El Farag,كوم الفرج,30.985,30.048,مركز ابوالمطامير
Koum El Qadah,كوم القدح,30.981,30.197,مركز ابوالمطامير
Koum El Qanater,كوم القناطر,31.118,30.313,مركز ابوحمص
Koum El Loufi,كوم اللوفي,28.254,30.698,مركز سمالوط
Koum El Muharras,كوم المحرص,27.999,30.756,مركز ابو قرقاص
Koum El Mansoura,كوم المنصورة,27.293,31.037,مركز أبنوب
Koum El Naggar,كوم النجار,30.955,30.881,مركز بسيون
Koum El Nour,كوم النور,29.008,30.898,مركز سمسطا
Koum El Nour wa Kafr El Dalil,كوم النوروكفر الدليل,30.733,31.307,مركز ميت غمر
Koum Angasha,كومأنجاشة,27.543,30.749,مركز ديروط
Koum Badar,كومبدار,26.466,31.728,مركز المنشأة
Koum Beni Miras,كومبنيمراس,31.017,31.532,مركز المنصورة
Koum Bouha Bahari,كومبوهابحري,27.506,30.819,مركز ديروط
Koum Bouha Qibli,كومبوهاقبلي,27.276,30.963,مركز منفلوط
Koum Gaber,كوم جابر,26.124,32.045,مركز أبو طشت
Koum Haffeen,كومحفين,30.989,29.935,مركز ابوالمطامير
Koum Hallein,كومحلين,30.492,31.316,مركز منيا القمح
Koum Dafshou,كومدفشو,31.068,29.976,مركز كفر الدوار
Koum Zamran,كومزمران,30.829,30.588,مركز الدلنجات
Koum Saada,كومسعدة,27.005,31.414,مركز البدارى
Koum Said El Gharbi,كومسعيد الغربي,26.926,31.361,مركز صدفا
Koum Sherik,كومشريك,30.66,30.784,مركز كوم حمادة
Koum Ali,كوم علي,30.903,30.993,مركز قطور
Koum Eiad,كوم عياد,30.349,31.001,مركز أشمون
Koum Ghorab,كوم غراب,30.001,31.244,مصرالقديمة
Koum Gharib,كومغريب,26.847,31.389,مركز طما
Koum Mazen,كوممازن,30.684,30.816,مركز تلا
Koum Mattay,كوممطاي,28.449,30.765,مركز مطاى
Koum Wali,كوم والي,28.423,30.699,مركز مطاى
Koum Yaqoub,كوميعقوب,26.113,32.084,مركز أبو طشت
Koum Batteen,كومبتين,30.314,31.143,مركز طوخ
Koumbarra,كومبرة,30.078,31.13,مركز كرداسة
Koumier,كومير,25.209,32.636,مركز إسنا
Keiman El Mataana,كيمان المطاعنة,25.47,32.501,مركز إسنا
Keiman Said El Sharqi wa Toma,كيمانسعيد الشرقيوطما,26.94,31.383,مركز صدفا
Labshit,لابشيط,30.947,31.071,مركز المحله الكبرى
Lasayfer,لاصيفر,31.202,30.72,مركز دسوق
Labisha wa Hessetha,لبيشةوحصتها,30.387,30.955,مركز أشمون
Lahimer,لحيمر,30.812,30.608,مركز الدلنجات
Laqana,لقانة,31.039,30.613,مركز شبراخيت
Louqeen,لوقين,31.067,30.149,مركز كفر الدوار
Loumana El Gedida,لومانا الجديدة,31.125,31.183,مركز المحله الكبرى
Marbella,ماربيلا,30.894,28.832,قسم مارينا العلمين السياحية
Mariya,مارية,24.642,32.943,مركز نصر
Marina El Alamein El Siyahia,ماريناالعلمين السياحية,30.837,28.933,قسم مارينا العلمين السياحية
Mazen,مازن,26.532,31.691,قسم اول سوهاج
Maqousa,ماقوسة,28.066,30.753,مركز المنيا
Mubarak,مبارك,31.201,31.85,مركز الجمالية
Mubarak,مبارك,31.042,31.71,مركز بنى عبيد
Mubarak - Sharq El Tafreea,مبارك - شرق التفريعة,31.067,32.43,قسم مبارك - شرق التفريعة
Mubarak El Gedida,مبارك الجديدة,31.067,31.563,مركز محلة دمنة
Mubasher,مباشر,30.719,31.513,مركز الأبراهيمية
Matboul,متبول,31.104,31.049,مركز كفر الشيخ
Magar,مجر,31.036,31.419,مركز المنصورة
Magariya wa Kafr Megahed,مجريةوكفرمجاهد,30.366,30.962,مركز أشمون
Magrees,مجريس,26.984,31.362,مركز صدفا
Magoul,مجول,30.399,31.178,مركز بنها
Magoul,مجول,31.035,31.217,مركز سمنود
Mahallat El Borg,محلة البرج,30.989,31.173,قسم أول المحلة الكبرى
Mahallat El Qasab,محلة القصب,31.153,30.913,مركز كفر الشيخ
Mahallat Ziyad,محلة زياد,31.031,31.248,مركز سمنود
Mahallat Moussa,محلة موسى,31.095,30.894,مركز كفر الشيخ
Mahallat Abu Ali El Gharbiya,محلة أبو علي الغربية,31.114,30.7,مركز دسوق
Mahallat Abu Ali El Qantara,محلة أبو علي القنطرة,30.967,31.192,مركز المحله الكبرى
Mahallat Ahmed,محلة أحمد,30.742,30.776,مركز كوم حمادة
Mahallat El Ameer,محلة الأمير,31.335,30.484,مركز رشيد
Mahallat El Qasab,محلة القصب,31.075,31.189,مركز المحله الكبرى
Mahallat El Laban,محلة اللبن,30.899,30.774,مركز بسيون
Mahallat Anshaq,محلةأنشاق,31.165,31.534,مركز شربين
Mahallat Bashar,محلة بشر,31.051,30.704,مركز شبراخيت
Mahallat Thabet,محلةثابت,31.073,30.578,مركز الرحمانية
Mahallat Hassan,محلة حسن,31.047,31.169,مركز المحله الكبرى
Mahallat Khalaf,محلةخلف,30.993,31.267,مركز سمنود
Mahallat Dawoud,محلة داود,31.093,30.607,مركز الرحمانية
Mahallat Diay,محلةدياي,31.047,30.772,مركز دسوق
Mahallat Rouh,محلةروح,30.878,31.086,مركز طنطا
Mahallat Sabk Koum Manshaat Nasr,محلةسبكومنشأةنصر,30.291,31.013,مركز أشمون
Mahallat Sa,محلةصا,30.974,30.745,مركز شبراخيت
Mahallat Obeid,محلة عبيد,30.934,30.711,مركز إيتاى البارود
Mahallat Farnawi,محلةفرنوي,30.975,30.648,مركز شبراخيت
Mahallat Qays,محلةقيس,30.974,30.675,مركز شبراخيت
Mahallat Keil,محلةكيل,31.033,30.278,مركز ابوحمص
Mahallat Malek,محلةم الك,31.163,30.63,مركز دسوق
Mahallat Marhoum wa Hessetha,محلةمرحوموحصتها,30.82,30.952,مركز طنطا
Mahallat Maseer,محلة مسير,31.028,30.98,مركز قطور
Mahallat Menouf,محلة منوف,30.884,30.961,مركز طنطا
Mahallat Nasr,محلة نصر,31.006,30.612,مركز شبراخيت
Mahallat Damana - Maqar El Markaz,محله دمنه - مقر المركز,31.062,31.512,مركز محلة دمنة
Mohamed Hussein El Sahli,محمد حسين السحلي,30.957,31.142,قسم ثان المحلة الكبرى
Mohamed Abdel Raqeeb,محمد عبدالرقيب,30.515,29.975,قسم غرب النوبارية
Mohamed Azzam,محمد عزام,30.537,29.877,قسم غرب النوبارية
Mohamed Mazhar,محمدمظهر,30.066,31.224,قسم الزمالك
Mahmoud Abu Wafiya,محمودأبووافية,30.877,30.544,مركز الدلنجات
Mahmoud Abdel Samad,محمودعبد الصمد,30.114,31.104,مركز إمبابة
Madinet Abu El Numrus,مدينة أبو النمرس,29.953,31.222,مركز الجيزة
Madinet Abu Hammad,مدينة ابو حماد,30.528,31.678,مركز أبو حماد
Madinet Abu Redeis,مدينة أبو رديس,28.959,33.181,قسم أبو رديس
Madinet Abu Kabeer,مدينة ابو كبير,30.73,31.683,مركز أبوكبير
Madinet Abu El Matameer,مدينة أبوالمطامير,30.904,30.152,مركز ابوالمطامير
Madinet Abu Hommos,مدينة أبوحمص,31.097,30.33,مركز ابوحمص
Madinet Abu Zenima,مدينة أبوزنيمة,29.07,33.113,قسم أبو رديس
Madinet Aga,مدينة أجا,30.936,31.293,مركز أجا
Madinet Akhmim El Gedida,مدينة أخميم الجديدة,26.524,31.865,مدينة أخميم الجديدة
Madinet Edko,مدينة ادكو,31.306,30.326,مركز إدكو
Madinet Aswan El Gedida,مدينة أسوان الجديدة,24.068,32.983,مدينة أسوان الجديدة
Madinet Assiut El Gedida,مدينة اسيوط الجديدة,27.254,31.281,مدينة اسيوط الجديدة
Madinet Ashmoun,مدينة أشمون,30.295,30.975,مركز أشمون
Madinet Atfih,مدينة أطفيح,29.423,31.263,مركز أطفيح
Madinet El Ibrahimiya,مدينة الابراهيمية,30.724,31.567,مركز الأبراهيمية
Madinet El Luxor,مدينة الأقصر,25.689,32.662,قسم الأقصر
Madinet El Awqaf - El Ealam,مدينة الأوقاف - الإعلام,30.067,31.209,قسم العجوزة
Madinet El Bagour,مدينة الباجور,30.438,31.041,مركز الباجور
Madinet El Bawiti,مدينة الباويطى,28.436,28.798,قسم الواحاتالبحرية
Madinet El Badrasheen,مدينة البدرشين,29.86,31.274,مركز البدرشين
Madinet El Baseila Bahari,مدينة البصيلة بحرى,25.174,32.704,مركز أدفو
Madinet El Bayadiya,مدينة البياضية,25.679,32.643,مركز الأقصر
Madinet El Tahrir,مدينة التحرير,30.086,31.223,قسم امبابه
Madinet El Gamaliya,مدينة الجمالية,31.184,31.851,مركز الجمالية
Madinet El Hamoul,مدينة الحامول,31.343,31.131,مركز الحامول
Madinet El Hasana,مدينة الحسنة,30.209,33.58,قسم الحسنة
Madinet El Hammam wa Dawahiha,مدينة الحمام وضواحيها,30.848,29.383,قسم الحمام
Madinet El Hawamdiya,مدينة الحوامدية,29.889,31.259,قسم الحوامدية
Madinet El Kharga,مدينة الخارجة,25.428,30.551,مركز الواحات الخارجة
Madinet El Khanka,مدينة الخانكة,30.227,31.378,مركز الخانكة
Madinet El Delengat,مدينة الدلنجات,30.844,30.511,مركز الدلنجات
Madinet El Rahmaniya,مدينة الرحمانية,31.096,30.633,مركز الرحمانية
Madinet El Redisiya Qibli,مدينة الرديسية قبلى,24.912,32.878,مركز أدفو
Madinet El Riyad,مدينة الرياض,31.238,30.96,مركز الرياض
Madinet El Sibaiya Gharb,مدينة السباعية غرب,25.186,32.679,مركز أدفو
Madinet El Sokhna,مدينة السخنة,29.486,32.433,قسم عتاقة
Madinet El Sarw,مدينة السرو,31.229,31.676,مركز الزرقا
Madinet El Salloum,مدينة السلوم,31.584,25.148,قسم السلوم
Madinet El Senbellawein,مدينة السنبلاوين,30.87,31.479,مركز السنبلاوين
Madinet El Santa,مدينة السنطة,30.753,31.124,مركز السنطة
Madinet El Shalateen,مدينة الشلاتين,23.634,35.378,قسم شلاتين
Madinet El Shohadaa,مدينة الشهداء,30.594,30.904,مركز الشهداء
Madinet El Sheikh Zayed,مدينة الشيخ زايد,30.049,30.978,قسم الشيخ زايد
Madinet El Sheikh Zuwayed,مدينة الشيخ زويد,31.16,34.049,قسم الشيخ زويد
Madinet El Salhiya El Gedida,مدينة الصالحية الجديدة,30.634,32.006,قسم الصالحية الجديدة
Madinet El Saff,مدينة الصف,29.567,31.294,مركز الصف
Madinet El Dabaa,مدينة الضبعة,31.056,28.42,مركز الضبعة
Madinet El Obour,مدينة العبور,30.225,31.447,قسم العبور
Madinet El Alamein,مدينة العلمين,30.824,29.161,قسم الحمام
Madinet El Ommal,مدينة العمال,30.08,31.221,قسم امبابه
Madinet El Ayyat,مدينة العياط,29.621,31.259,مركز العياط
Madinet El Fath wa Tashmal El Nasriya,مدينة الفتح وتشمل الناصرية,27.19,31.207,مركز الفتح
Madinet El Farafra,مدينة الفرافرة,26.948,27.769,مركز الفرافرة
Madinet El Fashn,مدينة الفشن,28.835,30.886,مركز الفشن
Madinet El Fayoum El Gedida,مدينة الفيوم الجديدة,29.208,30.882,مدينة الفيوم الجديدة
Madinet El Qareen,مدينة القرين,30.611,31.742,قسم القرين
al-Qusayr,مدينة القصير,26.274,34.145,قسم القصير
al-Qanatir al-Khayriya,مدينة القناطر الخيرية,30.199,31.115,مركز القناطر الخيرية
al-Qanayat,مدينة القنايات,30.635,31.471,قسم القنايات
al-Qantara Sharq,مدينة القنطرة شرق,30.891,32.34,قسم القنطرة شرق
al-Qantara Gharb,مدينة القنطرة غرب,30.869,32.3,مركز القنطرة
al-Mahmoudiya,مدينة المحمودية,31.19,30.514,مركز المحمودية
al-Manzala,مدينة المنزلة,31.131,31.942,مركز المنزلة
al-Minya al-Gadida,مدينة المنيا الجديدة,28.11,30.788,مدينة المنيا الجديدة
al-Nagila,مدينة النجيلة,31.477,26.423,قسم مرسى مطروح
al-Nubariya al-Gadida,مدينة النوباريةالجديدة,30.6,30.026,قسم غرب النوبارية
al-Wasta,مدينة الواسطى,29.326,31.206,مركز الواسطى
al-Warraq,مدينة الوراق و تشمل وراق العرب و وراق الحضر وأنبو*,30.099,31.202,قسم الوراق
Ihnasiya,مدينة اهناسيا,29.08,30.952,مركز أهناسيا
Awsim,مدينة أوسيم,30.134,31.129,مركز أوسيم
Awlad Saqr,مدينة اولاد صقر,30.933,31.739,مركز أولاد صقر
Itay al-Barud,مدينة ايتايالبارود,30.882,30.663,مركز إيتاى البارود
Paris,مدينة باريس,23.162,30.585,مركز باريس
Biba,مدينة ببا,28.933,30.965,مركز ببا
Badr,مدينة بدر,30.538,30.695,مركز بدر
Burj al-Arab,مدينة برجالعرب,30.903,29.566,قسم برج العرب
Barakat al-Sabaa,مدينة بركة السبع,30.638,31.089,مركز بركة السبع
Basyoun,مدينة بسيون,30.943,30.814,مركز بسيون
Bilbeis,مدينة بلبيس,30.376,31.596,مركز بلبيس
Baltim,مدينة بلطيم,31.543,31.19,مركز البرلس
Bani Suef al-Gadida,مدينة بنى سويف الجديدة,28.982,31.159,قسم مدينة بنى سويف الجديدة
Bani Ubaid,مدينة بنى عبيد,31.024,31.667,مركز بنى عبيد
Bi'r al-Abd,مدينة بئرالعبد,31.014,32.989,قسم بئر العبد
Bila,مدينة بيلا,31.192,31.211,مركز بيلا
Tala,مدينة تلا,30.7,30.945,مركز تلا
Timay al-Amdid,مدينة تميالأمديد,30.943,31.534,مركز تمى الأمديد
Toshka al-Gadida,مدينة توشكى الجديدة,22.856,31.661,مدينة توشكى الجديدة
Gamasa,مدينة جمصة - مصيف جمصة,31.438,31.549,قسم جمصة
Housh Eissa,مدينة حوشعيسي,30.899,30.314,مركز حوش عيسى
Desouk,مدينة دسوق,31.145,30.649,قسم دسوق
Damietta al-Gadida,مدينة دمياط الجديدة,31.439,31.706,قسم مدينه دمياط الجديده
Dahab,مدينة دهب,28.721,34.603,قسم دهب
Deirb Nagm,مدينة ديرب نجم,30.761,31.459,مركز ديرب نجم
Ras Ghareb,مدينة رأس غارب,28.345,33.082,قسم رأس غارب
Ras Sidr,مدينة رأسسدر,29.599,32.719,قسم رأس سدر
Rashid,مدينة رشيد,31.408,30.384,مركز رشيد
Rafah,مدينة رفح,31.302,34.214,قسم رفح
Zifta,مدينة زفتى,30.72,31.227,مركز زفتى
Saint Catherine,مدينة سانت كاترين,28.747,33.96,قسم سانت كاترين
Sers al-Layanah,مدينة سرس الليانة,30.445,30.969,قسم مدينة سرس الليانة
Safaga,مدينة سفاجا,26.924,33.88,قسم سفاجا
Salsil,مدينة سلسيل,31.204,31.787,مركز ميت سلسيل
Samasta,مدينة سمسطا,28.925,30.852,مركز سمسطا
Samannoud,مدينة سمنود,30.977,31.253,مركز سمنود
Sohag al-Gadida,مدينة سوهاج الجديدة,26.485,31.649,مدينة سوهاج الجديدة
Sidi Barrani,مدينة سيدى برانى,31.61,25.889,قسم سيدى برانى
Sidi Salem,مدينة سيدى سالم,31.321,30.769,مركز سيدى سالم
Siwa,مدينة سيوة,29.179,25.52,مركز سيوة
Shubra al-Kheima,مدينة شبراالخيمة,30.113,31.25,قسم أول شبرا الخيمة
Shubrakhit,مدينة شبراخيت,31.03,30.706,مركز شبراخيت
Shibin al-Qanatir,مدينة شبين القناطر,30.326,31.301,مركز شبين القناطر
Sharm al-Sheikh,مدينة شرمالشيخ وتشمل منطقة نبق,28.226,34.369,قسم شرم الشيخ
Tukh,مدينة طوخ,30.352,31.201,مركز طوخ
Tour Sinai,مدينة طورسيناء,28.348,33.578,قسم الطور
Tiba al-Gadida,مدينة طيبة الجديدة,25.718,32.735,مركز شرطة طيبة
Ataqa,مدينة عتاقة,29.894,32.462,قسم عتاقة
Faqous,مدينة فاقوس,30.723,31.798,قسم فاقوس
Fayed,مدينة فايد,30.314,32.313,مركز فايد
Fouh,مدينة فوة,31.226,30.546,مركز فوه
Qutour,مدينة قطور,30.981,30.951,مركز قطور
Qallin,مدينة قلين,31.054,30.855,مركز قلين
Qalyoub,مدينة قليوب,30.18,31.216,قسم قليوب
Qena al-Gadida,مدينة قنا الجديدة,26.173,32.761,مدينة قنا الجديدة
Qaha,مدينة قها,30.281,31.209,قسم قها
Quesna,مدينة قويسنا,30.549,31.135,مركز قويسنا
Kafr al-Zayat,مدينة كفر الزيات,30.837,30.816,مركز كفر الزيات
Kafr Shukr,مدينة كفر شكر,30.547,31.266,مركز كفر شكر
Kafr Saqr,مدينة كفر صقر,30.789,31.641,مركز كفر صقر
Kafr al-Battikh,مدينة كفرالبطيخ,31.398,31.705,مركز كفر سعد
Kafr al-Dawwar,مدينة كفرالدوار,31.12,30.137,قسم كفرالدوار
Kom Ombo,مدينة كوم امبو,24.477,32.936,مركز كوم امبو
Kom Hamada,مدينة كومحمادة,30.756,30.699,مركز كوم حمادة
Marsa Alam,مدينة مرسى علم,25.407,34.688,قسم مرسى علم
Marsa Matrouh,مدينة مرسيمطروح,31.328,27.313,قسم مرسى مطروح
Mashtoul al-Souq,مدينة مشتول السوق,30.369,31.375,مركز مشتول السوق
Mutoubas,مدينة مطوبس,31.283,30.541,مركز مطوبس
Manshiyat al-Qanatir,مدينة منشية القناطر,30.185,31.107,مركز إمبابة
Menouf,مدينة منوف,30.462,30.931,قسم مدينة منوف
Minya al-Qamh,مدينة منيا القمح,30.53,31.347,مركز منيا القمح
Minyat al-Nasr,مدينة منيةالنصر,31.128,31.646,مركز منية النصر
Mout,مدينة موط,25.774,28.974,مركز الوحات الداخلة
Mit Ghamr,مدينة ميت غمر و تشمل دقادوس,30.713,31.276,قسم ميت غمر
Nasser,مدينة ناصر,29.152,31.129,مركز ناصر
Nakhl,مدينة نخل,29.903,33.75,قسم نخل
Nasr al-Nouba,مدينة نصر النوبة,24.575,32.975,مركز نصر
Nuweiba,مدينة نويبع,29.102,34.659,قسم نويبع
Youssef al-Seddiq,مدينة يوسف الصديق,29.364,30.523,مركز يوسف الصديق
al-Sadat,مدينة السادات,30.359,30.521,مركز السادات
al-Solb,مدينة الصلب,29.774,31.337,قسم التبين
Ibshaway,مدينه ابشواى,29.348,30.666,مركز أبشواى
Abnoub,مدينه ابنوب,27.267,31.155,مركز أبنوب
Abu Teeg,مدينه ابو تيج,27.044,31.302,مركز أبوتيج
Abu Simbel,مدينه أبو سمبل السياحيه,23.671,32.655,مركز أبوسنبل
Abu Tisht,مدينه ابو طشت,26.121,32.106,مركز أبو طشت
Akhmim,مدينه اخميم,26.573,31.741,مركز أخميم
Edfu,مدينه ادفو,24.994,32.859,مركز أدفو
Armant,مدينه ارمنت,25.645,32.522,مركز أرمنت
Esna,مدينه اسنا,25.31,32.533,مركز إسنا
Itsa,مدينه اطسا,29.223,30.806,مركز أطسا
al-Badari,مدينه البدارى,26.998,31.393,مركز البدارى
al-Balyana,مدينه البلينا,26.238,31.999,مركز البلينا
al-Husseiniya,مدينه الحسينيه,30.879,31.914,مركز الحسينية
al-Rawda,مدينه الروضه,31.317,31.769,مركز فارسكور
al-Zarqa,مدينه الزرقا,31.217,31.652,مركز الزرقا
al-Adwa,مدينه العدوه,28.701,30.709,مركز العدوة
al-Ghanayem,مدينه الغنايم,26.887,31.346,مركز الغنايم
al-Fikriya,مدينه الفكريه,27.946,30.816,مركز ابو قرقاص
al-Qusiya,مدينه القوصيه,27.417,30.814,مركز القوصية
al-Kurdi,مدينه الكردى,31.153,31.781,مركز منية النصر
al-Maragha,مدينه المراغه,26.701,31.596,مركز المراغة
al-Matariya,مدينه المطرية,31.195,32.016,مركز المطرية
al-Mansha'a,مدينه المنشأه,26.497,31.775,مركز المنشأة
al-Waqf,مدينه الوقف,26.078,32.436,مركز الوقف
Burj al-Arab al-Gadida,مدينه برج العرب الجديده,30.899,29.622,مدينه برج العرب الجديده
Bilqas,مدينه بلقاس,31.212,31.367,مركز بلقاس
Bani Mazar,مدينه بنى مزار,28.501,30.79,مركز بنى مزار
Girga,مدينه جرجا,26.343,31.895,قسم جرجا
Juhayna,مدينه جهينه,26.68,31.496,مركز جهينة الغربية
Dar al-Salam,مدينه دار السلام,26.285,32.056,مركز دار السلام
Daraw,مدينه دراو,24.42,32.922,مركز دراو
Deshna,مدينه دشنا,26.137,32.47,مركز دشنا
Dekernes,مدينه دكرنس,31.094,31.6,مركز دكرنس
Deir Mawas,مدينه دير مواس,27.642,30.831,مركز دير مواس
Deirout,مدينه ديروط,27.55,30.819,مركز ديروط
Ras al-Bar,مدينه رأس البر,31.51,31.83,قسم رأس البر
Sahel Selim,مدينه ساحل سليم,27.062,31.335,مركز ساحل سليم
Saqultah,مدينه ساقتله,26.674,31.674,مركز ساقلته
Samalout,مدينه سمالوط,28.309,30.709,مركز سمالوط
Senoures,مدينه سنورس,29.424,30.869,مركز سنورس
Sherbin,مدينه شربين,31.204,31.518,مركز شربين
Sidfa,مدينه صدفا,26.96,31.366,مركز صدفا
Tamiya,مدينه طاميه,29.489,30.956,مركز طامية
Talkha,مدينه طلخا,31.071,31.389,مركز طلخا
Tama,مدينه طما,26.902,31.437,مركز طما
Tahta,مدينه طهطا,26.766,31.485,قسم طهطا
Ezbet al-Borg,مدينه عزبه البرج,31.507,31.848,مركز دمياط
Fareskour,مدينه فارسكور,31.321,31.722,مركز فارسكور
Farshout,مدينه فرشوط,26.052,32.16,مركز فرشوط
Qift,مدينه قفط,26.006,32.8,مركز قفط
Qous,مدينه قوص,25.915,32.756,مركز قوص
Kafr Saad,مدينه كفر سعد,31.35,31.673,مركز كفر سعد
Kalabsha,مدينه كلابشه,24.649,32.942,مركز نصر
Matay,مدينه مطاى,28.414,30.773,مركز مطاى
Maghagha,مدينه مغاغه,28.659,30.853,مركز مغاغة
Manfalout,مدينه منفلوط,27.304,30.985,مركز منفلوط
Mit Abu Ghalib,مدينه ميت ابو غالب,31.306,31.678,مركز كفر سعد
Nabaroh,مدينه نبروه,31.1,31.313,مركز نبروة
Nag Hammadi,مدينه نجع حمادى,26.049,32.239,مركز نجع حمادى
Naqada,مدينه نقاده,25.898,32.713,مركز نقادة
Hehya,مدينه ههيا,30.67,31.6,مركز ههيا
Marzouq,مرزوق,30.809,31.017,قسم أول طنطا
Marzouq,مرزوق,28.414,30.655,مركز مطاى
Marzouq,مرزوق,25.952,28.973,مركز الوحات الداخلة
Marsa Himeira,مرسيحميرة,23.002,35.643,قسم شلاتين
Marsafaw Kafr Ahmed Hashish,مرصفاوكفرأحمدحشيش,30.421,31.253,مركز بنها
Margham,مرغم,31.084,29.857,قسم العامرية
Maraw,مرواو,24.639,32.943,مركز نصر
Marina,مرينة,27.503,30.829,مركز ديروط
Mazata Sharq,مزاتةشرق,26.288,32.013,مركز دار السلام
Mazata wal Sheikh Gabr,مزاتة والشيخجبر,26.315,31.927,مركز جرجا
Mazraat al-Gabal al-Asfar,مزرعة الجبل الأصفر,30.252,31.41,مركز الخانكة
Mazghouna,مزغونة,29.739,31.256,مركز البدرشين
Mazoura,مزورة,28.907,30.803,مركز سمسطا
Massara,مسارة,27.497,30.856,مركز ديروط
Masaken al-Amiriya al-Shamaliya,مساكن الاميريه الشماليه,30.104,31.292,قسم الزيتون
Masaken al-Amiriya al-Ganoubiya,مساكن الأميرية الجنوبية,30.096,31.284,قسم حدائقالقبة
Masaken al-Tebbin al-Shaabiya,مساكن التبين الشعبية,29.787,31.306,قسم التبين
Masaken al-Mohandessin,مساكن المهندسين,30.077,31.351,قسم أول مدينة نصر
Masaken Daraw,مساكن دراو,24.326,33.001,مركز دراو
Masged al-Khadr,مسجد الخضر,30.444,31.124,مركز الباجور
Masged Moussa,مسجدموسي,29.352,31.278,مركز أطفيح
Masged Wasif,مسجدوصيف,30.647,31.262,مركز زفتى
Masraa,مسرع,27.223,31.032,مركز أسيوط
Mostorod,مسطرد,30.136,31.296,قسم ثان شبرا الخيمة
Moshala,مسهلة,30.725,31.135,مركز السنطة
Mashal,مش ال,30.949,30.853,مركز بسيون
Moshtohor,مشتهر,30.365,31.236,مركز طوخ
Mashtoul al-Qadi,مشتول القاضي,30.622,31.511,مركز الزقازيق
Mashta,مشطا,26.865,31.473,مركز طما
Mashla,مشله,30.758,30.805,مركز كفر الزيات
Mashmas,مشمس,25.84,29.15,مركز الوحات الداخلة
Mashmas al-Basal,مشمس البصل,31.193,29.892,قسم اللبان
Moshiref,مشيرف,30.418,31.124,مركز الباجور
Mostay,مصطاي,30.625,31.153,مركز قويسنا
Mostafa Hamza,مصطفى حمزة,31.254,32.295,قسم الشرق
Mostafa Kamel,مصطفى كامل,31.145,30.871,مركز كفر الشيخ
Mostafa Kamel,مصطفى كامل,30.606,30.753,مركز بدر
Mostafa Mostafa al-Agroudi,مصطفي مصطفي الاجرودي,30.953,31.156,قسم ثان المحلة الكبرى
Mostafa Kamel wa Bolokli,مصطفيكاملوبولوكلي,31.227,29.947,قسم سيدى جابر
Masmas,مصمص,24.525,33.014,مركز نصر
Matar Aswan,مطار أسوان,23.931,32.776,مركز أسوان
Matar al-Qahira,مطار القاهرة,30.115,31.351,قسم النزهة
Matar Imbaba,مطار أمبابة,30.075,31.193,قسم امبابه
Matar Taris,مطرطارس,29.365,30.907,مركز سنورس
Matoul,مطول,29.274,30.762,مركز أطسا
Maadi al-Khabiri al-Sharqiya,معادي الخبيري الشرقية,29.955,31.259,قسم المعادي
Maadi al-Khabiri al-Gharbiya,معادي الخبيري الغربية,29.973,31.249,قسم المعادي
Maadi al-Khabiri al-Wusta,معادي الخبيري الوسطي,29.964,31.251,قسم المعادي
Maadi al-Sarayat al-Sharqiya,معادي السرايات الشرقية,29.963,31.364,قسم المعادي
Maadi al-Sarayat al-Gharbiya,معادي السرايات الغربية,29.957,31.262,قسم المعادي
Maagoun,معجون,29.213,30.74,مركز أطسا
Maadeyet Mahdi wal-Argan,معديةمهدي والعرجان,31.361,30.492,مركز مطوبس
Maarouf,معروف,30.051,31.239,قسم قصر النيل
Ma'saret Abu Seer,معصرةأبوصير,29.27,31.095,مركز الواسطى
Ma'saret Haggag,معصرةحجاج,28.474,30.682,مركز بنى مزار
Ma'saret Sawy,معصرةصاوي,29.423,30.912,مركز طامية
Ma'saret Arafa,معصرةعرفة,29.268,30.801,مركز أطسا
Ma'saret Naasan,معصرةنعسان,29.166,30.964,مركز أهناسيا
Maamal al-Zogag,معمل الزجاج,31.109,30.203,مركز كفر الدوار
Maaniya,معنيا,30.852,30.657,مركز إيتاى البارود
Moawwad,معوض,30.594,31.522,قسم اول الزقازيق
Maghanin,مغنين,30.681,30.792,مركز كوم حمادة
Mafouz Teiba,مفوزطيبة,28.672,30.702,مركز العدوة
Moqbel,مقبل,29.083,31.101,قسم بنى سويف
Makkah,مكة,30.59,32.269,قسم أول الاسماعيلية
Maktab,مكتب,28.935,33.368,قسم أبو رديس
Malas,ملاس,30.543,31.337,مركز منيا القمح
Malatiya,ملاطية,28.706,30.849,مركز مغاغة
Melig,مليج,30.599,31.032,مركز شبين الكوم
Maliha,مليحة,30.753,30.738,مركز كوم حمادة
Maliha,مليحة,24.479,32.897,مركز كوم امبو
Manahrit,مناحريت,30.785,31.542,مركز ديرب نجم
Manashi al-Khatib,مناشي الخطيب,29.302,30.736,مركز الفيوم
Manawhela,مناوهلة,30.466,31.055,مركز الباجور
Manbal,منب ال,28.403,30.679,مركز مطاى
Montazah Saad,منتزةسعد,31.269,32.298,قسم العرب
Mantout,منتوت,27.93,30.745,مركز ابو قرقاص
Mangam Abu Tandab? Qibli wa Bahari?,منجمأبوتندب?قبليوبحري?,25.679,33.945,قسم القصير
Mangam al-Beida,منجم البيضا,26.327,33.565,قسم القصير
Mangam al-Adwa,منجم العدوة,26.315,34.0,قسم القصير
Mangam al-Atshana,منجم العطشانة,26.126,34.056,قسم القصير
Mangam al-Oweina,منجم العوينة,26.479,33.691,قسم القصير
Mangam al-Fawakhir,منجم الفواخير,26.19,33.58,قسم القصير
Mangam al-Qaraa,منجم القرع,26.271,33.787,قسم القصير
Mangam al-Qasdir,منجم القصدير,26.139,34.213,قسم القصير
Mangam al-Nakheel,منجم النخيل,26.436,33.434,قسم سفاجا
Mangam Umm Sambouki,منجمأمسمبوكي,25.665,34.222,قسم القصير
Mangam Umm Ghaig,منجمأمغيج,25.872,34.366,قسم القصير
Mangam Hamata,منجمحماطة,24.37,34.793,قسم مرسى علم
Mangam Dorheib,منجمدرهيب,25.655,34.527,قسم القصير
Mandisha,منديشة,28.446,28.858,قسم الواحاتالبحرية
Manzel Hiyan,منزلحيان,30.682,31.543,مركز ههيا
Manzel Maymoun,منزلميمون,30.74,31.744,مركز أبوكبير
Manzel Naeem,منزلنعيم,30.66,31.76,مركز فاقوس
Mansafis,منسفيس,28.008,30.801,مركز ابو قرقاص
Manshaat Adham,منشأة ادهم,30.841,31.515,مركز السنبلاوين
Manshaat al-Amir,منشأة الأمير,30.906,31.782,مركز أولاد صقر
Manshaat al-Awqaf,منشأة الأوقاف,31.108,30.128,قسم كفرالدوار
Manshaat al-Sadat,منشأة السادات,28.841,30.857,مركز الفشن
Manshaat al-Salam,منشأة السلام,30.433,31.46,مركز بلبيس
Manshaat al-Shuhadaa,منشأة الشهداء,30.614,32.25,قسم ثان الاسماعيلية
Manshaat al-Safa,منشأة الصفا,31.149,30.998,مركز كفر الشيخ
Manshaat Amin Ismail,منشأة أمين إسماعيل,30.817,30.8,مركز كوم حمادة
Manshaat Bakhaty,منشأة بخاتى,30.573,30.952,مركز شبين الكوم
Manshaat Boulin,منشأة بولين,31.184,30.137,مركز كفر الدوار
Manshaat Reda,منشأة رضا,30.869,31.563,مركز السنبلاوين
Manshaat Aliyan,منشأة عليان,30.016,31.195,قسم بولاق الدكرور
Manshaat Awda Salem,منشأة عودة سالم,30.783,31.42,مركز ديرب نجم
Manshaat Nazif,منشأة نظيف,31.012,31.226,مركز سمنود
Manshaat Hamour,منشأةحمور,31.115,30.401,مركز دمنهور
Manshaat Mostafa Khalil,منشأةمصطفيخليل,30.799,31.929,مركز الحسينية
Manshaat Abu al-Akhdar,منشأة أبو الأخضر,30.595,31.6,مركز الزقازيق
Manshaat Abu al-Abbas,منشأةأب والعباس,29.521,31.245,مركز العياط
Manshaat Abu Hanna,منشأةأبوحنا,31.007,30.66,مركز شبراخيت
Manshaat Abu Dukhan,منشأةأبودخان,28.962,30.934,مركز ببا
Manshaat Abu Diyab,منشأةأبودياب,30.415,31.286,مركز بنها
Manshaat Abu Dhikra,منشأةأبوذكري,30.514,31.164,مركز قويسنا
Manshaat Abu Riya,منشأةأبورية,30.673,30.762,مركز كوم حمادة
Manshaat Abu Seer,منشأة ابو صير,29.243,31.133,مركز الواسطى
Manshaat Abu Abdallah,منشأة أبو عبدالله,30.689,31.125,مركز السنطة
Manshaat Abu Aziz,منشأةأبوعزيز,28.457,30.829,مركز بنى مزار
Manshaat Abu Ali,منشأة أبو علي,31.278,30.804,مركز سيدى سالم
Manshaat Abu Omar,منشأة أبو عمر,30.905,32.032,مركز الحسينية
Manshaat Abu Malih,منشأةأبومليح,28.98,30.907,مركز سمسطا
Manshaat Abu Wafiya,منشأةأبووافية,30.822,30.598,مركز الدلنجات
Manshaat Arimoun,منشأةأريمون,31.153,30.496,مركز المحمودية
Manshaat al-Ikhwa,منشأة الأخوة,30.928,31.376,مركز أجا
Manshaat al-Azhari,منشأة الأزهري,28.69,30.772,مركز العدوة
Manshaat al-Omaraa,منشأة الأمراء,29.115,30.934,مركز أهناسيا
Manshaat al-Amir,منشأة الأمير,29.172,30.604,مركز أطسا
Manshaat al-Badari,منشأة البداري,27.038,31.407,مركز البدارى
Manshaat al-Badawi,منشأة البدوي,31.061,31.31,مركز طلخا
Manshaat al-Badini,منشأة البديني,29.101,30.942,مركز أهناسيا
Manshaat al-Bakkari,منشأة البكاري,30.013,31.153,قسم الأهرام
Manshaat al-Tahrir,منشأة التحرير,30.705,31.523,مركز الأبراهيمية
Manshaat al-Gamal,منشأة الجم ال,31.192,31.673,مركز منية النصر
Manshaat al-Guneidi,منشأة الجنيدي,30.877,30.917,مركز طنطا
Manshaat al-Gourbagy_al-Shourbagy,منشأة الجوربجي_ الشوربجي,30.772,30.715,مركز كوم حمادة
Manshaat al-Hagg,منشأة الحاج,29.064,30.905,مركز أهناسيا
Manshaat al-Habashi,منشأة الحبشي,31.018,30.465,مركز دمنهور
Manshaat al-Hawasliya,منشأة الحواصلية,28.023,30.803,مركز المنيا
Manshaat al-Khazan,منشأة الخزان,31.068,30.565,مركز دمنهور
Manshaat al-Doctor al-Gamal,منشأة الدكتور الجم ال,29.501,31.046,مركز طامية
Manshaat al-Dokm,منشأة الدكم,29.398,30.74,مركز سنورس
Manshaat al-Dahab al-Bahariya,منشأة الدهب البحرية,28.031,30.681,مركز المنيا
Manshaat al-Dahab al-Qibliya,منشأة الدهب القبلية,27.999,30.686,مركز المنيا
Manshaat al-Rafei,منشاة الرافعي,30.655,31.03,مركز بركة السبع
Manshaat al-Sadat,منشأة السادات,30.929,31.785,مركز أولاد صقر
Manshaat al-Sadat,منشأة السادات,30.556,30.823,مركز الشهداء
Manshaat al-Sadat,منشأة السادات,29.458,30.813,مركز سنورس
Manshaat al-Sawi,منشأة الساوي,28.711,30.789,مركز العدوة
Manshaat al-Salam,منشأة السلام,31.12,31.491,مركز محلة دمنة
Manshaat al-Salam,منشأة السلام,30.725,30.819,مركز تلا
Manshaat al-Shazly,منشأة الشاذلي,31.063,30.785,مركز قلين
Manshaat al-Sherka,منشأة الشركة,29.188,31.185,مركز ناصر
Manshaat al-Sharikein,منشأة الشريكين,30.558,30.961,مركز شبين الكوم
Manshaat al-Shaheed Abd al-Moneim Riyad,منشأة الشهيدعبد المنعمرياض,30.555,31.105,مركز قويسنا
Manshaat al-Sheikh Fadl,منشأة الشيخفضل,28.465,30.858,مركز بنى مزار
Manshaat al-Seirafi,منشأة الصيرفي,30.858,30.677,مركز إيتاى البارود
Manshaat al-Abbasa,منشأة العباسة,30.506,31.703,مركز أبو حماد
Manshaat al-Ashiri,منشأة العشيري,29.31,30.75,مركز الفيوم
Manshaat al-Attarin,منشأة العطارين,30.69,31.442,مركز ديرب نجم
Manshaat al-Oqqal,منشأة العق ال,27.006,31.431,مركز البدارى
Manshaat al-Ammari,منشأة العماري,25.691,32.691,قسم الأقصر
Manshaat al-Ayyari,منشأة العياري,30.92,30.932,مركز قطور
Manshaat al-Fayoum,منشأة الفيوم,29.289,30.839,مركز الفيوم
Manshaat al-Qaysi,منشأة القيسي,28.488,30.771,مركز بنى مزار
Manshaat al-Karam,منشأة الكرام,30.329,31.358,مركز شبين القناطر
Manshaat al-Kurdi,منشأة الكردي,30.77,30.828,مركز كفر الزيات
Manshaat al-Masri,منشأة المصري,31.239,30.895,مركز سيدى سالم
Manshaat al-Matran,منشأة المطران,30.993,30.5,مركز دمنهور
Manshaat al-Maalouh,منشأة المع الوه,30.926,31.654,مركز تمى الأمديد
Manshaat al-Ma'sara,منشأة المعصرة,27.183,31.228,مركز الفتح
Manshaat al-Mughalaqa,منشأة المغ القة,27.76,30.79,مركز ملوى
Manshaat al-Manasterli,منشأة المناسترلي,30.657,31.689,مركز أبوكبير
Manshaat al-Nasr,منشأة النصر,30.841,30.755,مركز إيتاى البارود
Manshaat al-Helbawi,منشأة الهلباوي,31.037,30.136,مركز كفر الدوار
Manshaat al-Wakil,منشأة الوكيل,31.008,30.276,مركز ابوحمص
Manshaat al-Ya'qoubiya,منشأة اليعقوبية,30.966,30.854,مركز بسيون
Manshaat al-Yousfi,منشأة اليوسفي,28.549,30.68,مركز بنى مزار
Manshaat Umm Khanan,منشأةأمخنان,30.501,31.082,مركز قويسنا
Manshaat Badini,منشأةبديني,28.276,30.672,مركز سمالوط
Manshaat Bardis,منشأةبرديس,26.285,31.944,مركز البلينا
Manshaat Basandila,منشأةبسنديلة,31.234,31.48,مركز بلقاس
Manshaat Basyoun,منشأة بسيون,30.965,30.828,مركز بسيون
Manshaat Basyouni,منشأةبسيوني,31.195,30.185,مركز كفر الدوار
Manshaat Bishara,منشأةبشارة,30.821,30.606,مركز الدلنجات
Manshaat Battah,منشأةبطاح,31.143,30.736,مركز دسوق
Manshaat Baghdadi,منشأةبغدادي,29.273,30.818,مركز الفيوم
Manshaat Bakir,منشأةبكير,28.497,30.75,مركز بنى مزار
Manshaat Balbaa,منشأةبلبع,31.207,30.153,مركز كفر الدوار
Manshaat Ibn al-Aasi,منشأةبن العاصي,30.812,31.591,مركز كفر صقر
Manshaat Banha,منشأة بنها,30.475,31.219,مركز بنها
Manshaat Bani Othman,منشأةبنيعثمان,29.479,30.878,مركز سنورس
Manshaat Tharwat,منشأةثروت,30.86,30.177,مركز ابوالمطامير
Manshaat Gereis,منشأةجريس,30.351,30.91,مركز أشمون
Manshaat Galal,منشأةجل ال,28.454,30.702,مركز بنى مزار
Manshaat Gianaclis,منشأةجناكليس,30.857,30.104,مركز ابوالمطامير
Manshaat Hatem,منشأةحاتم,30.679,31.247,مركز زفتى
Manshaat Hassan,منشأة حسن,30.684,31.261,مركز زفتى
Manshaat Halfa,منشأةحلفة,29.256,30.763,مركز أطسا
Manshaat Halfa,منشأةحلفه,28.696,30.685,مركز العدوة
Manshaat Heidareken,منشأةحيدريكن,29.076,31.057,مركز بنى سويف
Manshaat Khuzam al-Gharbiya,منشأة خزام الغربية,27.668,30.837,مركز دير مواس
Manshaat Khashaba,منشأةخشبة,27.342,30.807,مركز القوصية
Manshaat Khayyat,منشأةخياط,30.981,30.292,مركز حوش عيسى
Manshaat Da'bas,منشأةدعبس,27.918,30.824,مركز ابو قرقاص
Manshaat Damlou,منشأةدملو,30.518,31.179,مركز قويسنا
Manshaat Damou,منشأةدمو,29.322,30.929,مركز الفيوم
Manshaat Demeisna,منشأةدميسنا,31.105,30.384,مركز ابوحمص
Manshaat Dahshour,منشأةدهشور,29.789,31.238,مركز البدرشين
Manshaat Radi,منشأة راضي,30.793,30.658,مركز كوم حمادة
Manshaat Ragheb,منشأةراغب,30.942,30.486,مركز دمنهور
Manshaat Ragheb al-Tahawi,منشأةراغب الطحاوي,30.8,31.917,مركز الحسينية
Manshaat Rabie,منشأةربيع,29.238,30.852,مركز أطسا
Manshaat Rahmi,منشأةرحمي,29.276,30.778,مركز أطسا
Manshaat Razafa,منشأةرزافة,30.968,30.63,مركز شبراخيت
Manshaat Radwan,منشأةرضوان,30.769,31.705,مركز أبوكبير
Manshaat Ramzy,منشأةرمزي,29.208,30.827,مركز أطسا
Manshaat Zaafarana,منشأةزعفرانة,27.928,30.85,مركز ابو قرقاص
Manshaat Zaalouk,منشأةزعلوك,31.161,30.662,مركز دسوق
Manshaat Surouri,منشأةسروري,30.458,30.835,مركز السادات
Manshaat Said Tousoun,منشأةسعيدطوسون,31.079,30.57,مركز دمنهور
Manshaat Salama,منشأةسلامة,31.229,30.928,مركز الرياض
Manshaat Sultan,منشأةسلطان,30.533,30.915,مركز منوف
Manshaat Suleiman,منشأة سليمان,30.714,30.786,مركز كفر الزيات
Manshaat Suleiman,منشأة سليمان,29.417,31.28,مركز أطفيح
Manshaat Suleiman,منشأة سليمان,28.904,30.825,مركز سمسطا
Manshaat Samhan,منشأةسمهان,27.617,30.849,مركز دير مواس
Manshaat Sennoures,منشأة سنورس,29.475,30.835,مركز سنورس
Manshaat Seif,منشأةسيف,30.418,31.067,مركز الباجور
Manshaat Seif al-Nasr,منشأةسيف النصر,29.217,30.679,مركز أطسا
Manshaat Seif al-Nasr al-Sharqiya,منشأةسيف النصر الشرقية,27.756,30.822,مركز ملوى
Manshaat Seif al-Nasr Mohamed,منشأةسيف النصرمحمد,27.725,30.761,مركز ملوى
Manshaat Shubrato,منشأةشبراطو,31.025,30.843,مركز قلين
Manshaat Shafiq,منشأةشفيق,30.525,31.429,مركز منيا القمح
Manshaat Shalaby,منشأة شلبي,30.806,31.633,مركز كفر صقر
Manshaat Shanawan,منشأةشنوان,30.529,30.998,مركز شبين الكوم
Manshaat Shouman,منشأةشومان,31.31,31.387,مركز بلقاس
Manshaat Sabry,منشأةصبري,30.966,31.5,مركز تمى الأمديد
Manshaat Sabry,منشأةصبري,29.248,30.698,مركز أطسا
Manshaat Sedky,منشأةصدقي,30.749,31.715,مركز أبوكبير
Manshaat Safwat,منشأةصفوت,30.738,31.449,مركز ديرب نجم
Manshaat Sahbara,منشأةصهبرة,30.775,31.425,مركز ديرب نجم
Manshaat Taher,منشأةطاهر,29.036,30.88,مركز أهناسيا
Manshaat Tantawi,منشأةطنطاوي,29.513,30.835,مركز سنورس
Manshaat Zafer,منشأةظافر,29.278,30.665,مركز أطسا
Manshaat Asem,منشأةعاصم,31.119,31.693,مركز منية النصر
Manshaat Asem,منشأةعاصم,29.034,31.02,مركز بنى سويف
Manshaat Amer,منشأة عامر,31.067,30.117,مركز كفر الدوار
Manshaat Abbas,منشأةعباس,31.279,30.878,مركز سيدى سالم
Manshaat Abdel Rahman,منشأة عبد الرحمن,31.103,31.759,مركز دكرنس
Manshaat Abdel Sayed,منشأةعبد السيد,29.618,31.228,مركز العياط
Manshaat Abdel Samad,منشأةعبد الصمد,29.061,30.928,مركز أهناسيا
Manshaat Abdel Qader,منشأةعبد القادر,31.352,31.435,مركز بلقاس
Manshaat Abdallah,منشأة عبدالله,29.345,30.847,مركز الفيوم
Manshaat Abdallah Lamloum,منشأةعبد اللهلملوم,28.655,30.768,مركز العدوة
Manshaat Abdel Megid,منشأة عبدالمجيد,29.168,30.738,مركز أطسا
Manshaat Abdel Nabi,منشأةعبد النبي,30.914,31.301,مركز أجا
Manshaat Aglan,منشأةعجلان,31.12,30.78,مركز قلين
Manshaat Ezzat,منشأةعزت,30.832,31.542,مركز السنبلاوين
Manshaat Essam Toukh El-Baraghta Sabeqan,منشأةعصام_طوخ البراغتةسابقا,30.567,30.965,مركز شبين الكوم
Manshaat Atifa,منشأةعطيفة,29.378,30.886,مركز سنورس
Manshaat Aql,منشأةعقل,31.261,30.893,مركز سيدى سالم
Manshaat Alawi,منشأةعلوي,29.212,30.837,مركز أطسا
Manshaat Ali Agha,منشأةعليأغا,31.166,30.708,مركز دسوق
Manshaat Ali Mehana,منشأةعليمهنا,30.791,30.743,مركز كوم حمادة
Manshaat Amro,منشأة عمرو,28.753,30.845,مركز الفشن
Manshaat Ghali Mansour,منشأةغ اليمنصور,30.68,31.504,مركز ههيا
Manshaat Ghorbal,منشأةغرب ال,31.022,30.485,مركز دمنهور
Manshaat Ghamrin,منشأةغمرين,30.474,30.906,مركز منوف
Manshaat Fadel,منشأةفاضل,30.804,30.521,مركز الدلنجات
Manshaat Fetih,منشأةفتيح,29.312,30.801,مركز الفيوم
Manshaat Faisal,منشأة فيصل,29.211,30.704,مركز أطسا
Manshaat Qassem,منشأةقاسم,30.776,31.488,مركز ديرب نجم
Manshaat Kaseb,منشأةكاسب,29.731,31.238,مركز البدرشين
Manshaat Karam Rizq,منشأةكرمورزوق,31.249,31.743,مركز فارسكور
Manshaat Kassab,منشأةكساب,29.08,30.973,مركز أهناسيا
Manshaat Keshk,منشأةكشك,30.775,31.462,مركز ديرب نجم
Manshaat Kamal,منشأة كمال,29.247,30.943,مركز الفيوم
Manshaat Lotfallah,منشأةلطف الله,28.444,30.794,مركز مطاى
Manshaat Lamloum,منشأةلملوم,28.642,30.804,مركز مغاغة
Manshaat Mubarak,منشأة مبارك,31.152,31.608,مركز منية النصر
Manshaat Mohamed,منشأة محمد,30.707,30.971,مركز تلا
Manshaat Mohamed El-Wakil,منشأةمحمد الوكيل,31.022,30.53,مركز دمنهور
Manshaat Masged El-Khadr,منشأةمسجد الخضر,30.462,31.132,مركز الباجور
Manshaat Mosbeh,منشأةمصبح,30.991,31.687,مركز بنى عبيد
Manshaat Manbal,منشأةمنب ال,28.4,30.699,مركز مطاى
Manshaat Mansour,منشأةمنصور,30.849,31.28,مركز أجا
Manshaat Manqateen,منشأةمنقطين,28.355,30.683,مركز سمالوط
Manshaat Nasser,منشأةناصر,29.884,31.306,قسم حلوان
Manshaat Nasser,منشأةناصر,30.038,31.286,منشأةناصر
Manshaat Nasser,منشأةناصر,30.925,31.697,مركز أولاد صقر
Manshaat Nabhan,منشأةنبهان,30.715,31.852,مركز فاقوس
Manshaat Nassar,منشأةنصار,31.086,30.409,مركز دمنهور
Manshaat Niazi,منشأةنيازي,28.619,30.683,مركز مغاغة
Manshaat Hodeib,منشأةهديب,29.199,30.981,مركز ناصر
Manshaat Helal,منشأةهل ال,30.815,31.416,مركز السنبلاوين
Manshaat Hammam,منشأةهمام,27.027,31.362,مركز البدارى
Manshaat Howeidy,منشأةهويدي,29.391,30.681,مركز أبشواى
Manshaat Youssef Mansour,منشأةيوسفمنصور,30.87,31.651,مركز كفر صقر
Manshaat Younes,منشأةيونس,31.109,30.172,مركز كفر الدوار
Manshaat Abaza,منشأه اباظه,30.592,31.519,قسم اول الزقازيق
Manshaat El-Baqlly,منشاه البقلى,30.828,31.304,مركز أجا
Manshaat El-Gazaer,منشأه الجزائر,29.28,30.884,مركز الفيوم
Manshaat El-Nasr - Manshaat Kamel,منشأه النصر - منشأه كامل,27.86,30.783,مركز ابو قرقاص
Manshaat Alouba,منشاهعلوبه,30.958,30.137,مركز ابوالمطامير
Manshiet Abu Amer,منشية أبو عامر,30.853,31.876,مركز الحسينية
Manshiet El-Omaraa,منشية الأمراء,31.035,31.189,مركز المحله الكبرى
Manshiet El-Awqaf,منشية الأوقاف,30.846,31.017,مركز طنطا
Manshiet El-Awqaf,منشية الأوقاف,31.101,31.093,مركز المحله الكبرى
Manshiet El-Awqaf,منشية الأوقاف,31.08,30.477,مركز دمنهور
Manshiet El-Bakry,منشية البكري,30.085,31.31,قسم مصرالجديدة
Manshiet El-Tahrir,منشية التحرير,30.113,31.324,قسم عينشمس
Manshiet El-Raghamah,منشية الرغامة,24.549,32.935,مركز كوم امبو
Manshiet El-Salam,منشية السلام,30.962,31.658,مركز تمى الأمديد
Manshiet El-Sheriey,منشية الشريعي,28.238,30.642,مركز سمالوط
Manshiet El-Sheikh El-Mahrouqy,منشية الشيخ المحروقي,30.853,30.825,مركز كفر الزيات
Manshiet El-Sadr,منشية الصدر,30.085,31.288,قسم حدائقالقبة
Manshiet El-Arab,منشية العرب,30.609,31.215,مركز قويسنا
Manshiet El-Ammar,منشية العمار,30.347,31.15,مركز طوخ
Manshiet El-Qady,منشية القاضي,30.79,31.797,مركز فاقوس
Manshiet El-Masry,منشية المصري,29.953,31.281,قسم طره
Manshiet Awqaf Laqana,منشيةأوقافلقانة,31.029,30.626,مركز شبراخيت
Manshiet Beshara El-Tahawy,منشيةبشارة الطحاوي,30.882,31.938,مركز الحسينية
Manshiet Ganzour,منشيةجنزور,30.738,30.996,مركز طنطا
Manshiet Hamada,منشية حمادة,31.043,30.65,مركز شبراخيت
Manshiet Debono,منشيةدبونو,31.271,30.377,مركز إدكو
Manshiet Radwan,منشيةرضوان,30.148,31.038,مركز إمبابة
Manshiet Sakran,منشيةسكران,29.323,30.727,مركز الفيوم
Manshiet Tanbara,منشيةطنبارة,31.106,31.128,مركز المحله الكبرى
Manshiet Abdel Latif Waked,منشيةعبد اللطيفواكد,30.849,31.644,مركز كفر صقر
Manshiet Alwan,منشية علوان,31.269,30.481,مركز رشيد
Manshiet Fadel,منشيةفاضل,29.698,31.27,مركز العياط
Manshiet El-Sharfaa,منشية الشرفا,30.939,31.651,مركز تمى الأمديد
Manshiet El-Gharby,منشية الغربى,30.944,31.627,مركز تمى الأمديد
Manshiet Nasser,منشيه ناصر,31.408,31.566,مركز كفر سعد
Mansouret Namoul,منصورةنامول,30.325,31.235,مركز طوخ
Mansouriet El-Farastaq,منصورية الفرستق,30.769,30.795,مركز كفر الزيات
Mantaqat El-Zamam El-Mostagadda,منطقة الزمام المستجدة,30.686,30.649,مركز الدلنجات
Mantaqat Hodoud Aswan,منطقة حدود اسوان,24.007,32.894,مركز أسوان
Mantaqat El-Sadd El-Aaly,منطقة السد الع الي,23.988,32.899,مركز أسوان
Mantaqat El-Hadid wal Solb,منطقة الحديد والصلب,24.003,32.905,مركز أسوان
Mantaqat El-Cinema,منطقة السينما,30.06,31.326,قسم أول مدينة نصر
Mantaqat Managem El-Fosfat,منطقةمناجم الفوسفات,25.081,32.929,مركز أدفو
Mantaqat Khazan Aswan,منطقه خزان اسوان,23.997,32.864,قسم أسوان
Mantey,منطي,30.142,31.245,مركز قليوب
Manqabad,منقباد,27.193,31.115,مركز أسيوط
Manqarish,منقريش,29.099,31.115,مركز بنى سويف
Manqateen,منقطين,28.327,30.669,مركز سمالوط
Manhara,منهرة,29.077,30.935,مركز أهناسيا
Manharou,منهرو,29.101,30.923,مركز أهناسيا
Manhary,منهري,27.955,30.834,مركز ابو قرقاص
Minyet Messir,منية مسير,31.082,31.018,مركز كفر الشيخ
Minyet Toukh,منية طوخ,30.836,31.106,مركز السنطة
Minyet Abyar,منيةأبيار,30.859,30.874,مركز كفر الزيات
Minyet El-Bandara,منية البندرة,30.824,31.117,مركز السنطة
Minyet El-Geid,منية الجيد,28.907,30.951,مركز ببا
Minyet El-Raqqa,منية الرقة,29.434,31.221,مركز أطفيح
Minyet El-Sebaa,منية السباع,30.463,31.232,مركز بنها
Minyet El-Saeed,منية السعيد,31.253,30.487,مركز المحمودية
Minyet El-Seirg,منية السيرج,30.098,31.254,قسم الساحل
Minyet El-Morshed,منية المرشد,31.344,30.547,مركز مطوبس
Minyet Badawy,منيةبداوي,31.146,31.504,مركز المنصورة
Minyet Beni Mansour,منيةبنيمنصور,30.921,30.708,مركز إيتاى البارود
Minyet Beni Mous,منيةبنيموس,31.091,30.58,مركز دمنهور
Minyet Ganag,منيةجناج,31.026,30.739,مركز دسوق
Minyet Salama,منيةسلامة,31.087,30.682,مركز الرحمانية
Minyet Salmant,منيةسلمنت,30.389,31.418,مركز بلبيس
Minyet Samannoud,منية سمنود,30.956,31.267,مركز أجا
Minyet Santa,منيةسنتا,30.477,31.601,مركز بلبيس
Minyet Sandoub,منية سندوب,31.006,31.399,مركز المنصورة
Minyet Shibin,منية شبين,30.321,31.336,مركز شبين القناطر
Minyet Shentena Ayash,منيةشنتناعياش,30.919,31.149,مركز المحله الكبرى
Minyet Toukh Delka,منيةطوخدلكة,30.667,30.9,مركز تلا
Minyet Atiya,منية عطية,30.971,30.507,مركز دمنهور
Minyet Qallin,منية قلين,31.055,30.824,مركز قلين
Minyet Mahallat Damana,منية محلة دمنة,31.088,31.513,مركز محلة دمنة
Menyel El-Soltan,منيل السلطان,29.413,31.248,مركز أطفيح
Menyel El-Howeishat,منيل الهويشات,30.82,30.927,مركز طنطا
Menyel Goweida,منيلجويدة,30.255,31.054,مركز أشمون
Menyel Doweib wa Manshaatha,منيلدويبومنشأتها,30.338,31.026,مركز أشمون
Menyel Shiha,منيلشيحة,29.946,31.244,مركز الجيزة
Menyel Arous,منيلعروس,30.221,31.031,مركز أشمون
Menyel Gheidan,منيلغيضان,29.191,30.958,مركز أهناسيا
Menyel Moussa,منيلموسي,29.017,30.966,مركز ببا
Menyel Hany,منيلهاني,29.138,30.946,مركز أهناسيا
Mahdiya,مهدية,30.678,31.578,مركز ههيا
Mahdiya,مهدية,28.179,30.669,مركز المنيا
Mahamsha,مهمشة,30.074,31.262,قسم الشرابية
Moassaset El-Bustan,مؤسسة البستان,30.788,30.46,مركز الدلنجات
Moussa Mezar,موسى ميزار,29.412,30.461,مركز يوسف الصديق
Mousha,موشا,27.11,31.236,مركز أسيوط
Mounsa wa Ezbetaha,مونسةوعزبتها,30.355,30.888,مركز أشمون
Miyana,ميانة,29.098,30.898,مركز أهناسيا
Miyana El-Waqf,ميانة الوقف,28.678,30.844,مركز مغاغة
Mit Khaqan wa Hessetaha,ميت خاقان وحصتها,30.543,31.015,قسم شبين الكوم
Mit Sweid,ميت سويد,31.057,31.625,مركز بنى عبيد
Mit Taref,ميت طريف,31.07,31.681,مركز دكرنس
Mit Assas,ميت عساس,30.998,31.291,مركز سمنود
Mit Alwan,ميت علوان,31.097,30.959,قسم كفر الشيخ
Mit Fares wa Kafrha,ميت فارس وكفرها,31.038,31.608,مركز بنى عبيد
Mit Hashem,ميت هاشم,30.863,31.19,مركز سمنود
Mit Abu El-Hares,ميتأب والحارس,30.905,31.256,مركز أجا
Mit Abu El-Hussein,ميت أبو الحسين,30.86,31.348,مركز أجا
Mit Abu El-Koum,ميت أبو الكوم,30.641,30.906,مركز تلا
Mit Abu Khaled wa Kafr Ali Badra,ميتأبوخ الدوكفرعليبدرة,30.646,31.354,مركز ميت غمر
Mit Abu Sheikha,ميتأبوشيخة,30.551,31.075,مركز قويسنا
Mit Abu Arabi,ميتأبوعربي,30.678,31.399,مركز الزقازيق
Mit Abu Ali,ميت أبو علي,30.538,31.492,مركز الزقازيق
Mit Ashna,ميتأشنا,30.807,31.241,مركز أجا
Mit El-Ashraf,ميت الأشراف,31.21,30.57,مركز فوه
Mit El-Akrad,ميت الأكراد,30.984,31.434,مركز المنصورة
Mit El-Bazz,ميت البز,30.824,31.178,مركز زفتى
Mit El-Beida,ميت البيضة,30.435,31.095,مركز الباجور
Mit El-Haroun,ميت الحارون,30.631,31.257,مركز زفتى
Mit El-Houfein,ميت الحوفين,30.521,31.212,مركز بنها
Mit El-Khouly Abdalla,ميت الخوليعبد اللا,31.198,31.633,مركز الزرقا
Mit El-Kheir,ميت الخير,30.912,30.838,مركز بسيون
Mit El-Dereig,ميت الدريج,30.563,31.258,مركز كفر شكر
Mit El-Diba,ميت الديبة,31.123,30.863,مركز قلين
Mit El-Rakha,ميت الرخا,30.627,31.224,مركز زفتى
Mit El-Serag,ميت السراج,31.071,31.209,مركز المحله الكبرى
Mit El-Soudan,ميت السودان,31.101,31.63,مركز دكرنس
Mit El-Soudan,ميت السودان,30.86,30.969,مركز طنطا
Mit El-Sheikh,ميت الشيخ,31.004,31.04,مركز قطور
Mit El-Shioukh,ميت الشيوخ,31.36,31.723,مركز فارسكور
Mit El-Sarem,ميت الصارم,31.036,31.433,مركز المنصورة
Mit El-Amel,ميت العامل,30.899,31.342,مركز أجا
Mit El-Absy,ميت العبسي,30.577,31.246,مركز قويسنا
Mit El-Ezz,ميت العز,30.61,31.279,مركز ميت غمر
Mit El-Ezz,ميت العز,30.71,31.775,مركز فاقوس
Mit El-Ezz,ميت العز,30.525,31.093,مركز قويسنا
Mit El-Attar,ميت العطار,30.438,31.142,مركز بنها
Mit El-Farmawy,ميت الفرماوي,30.697,31.341,مركز ميت غمر
Mit El-Qayed,ميت القايد,29.533,31.249,مركز العياط
Mit El-Qorashy,ميت القرشي,30.672,31.379,مركز ميت غمر
Mit El-Qasry,ميت القصري,30.515,31.07,مركز قويسنا
Mit El-Karam,ميت الكرام,30.677,30.854,مركز تلا
Mit El-Koranaa,ميت الكرماء,31.063,31.34,مركز طلخا
Mit El-Leit Baqloula,ميت الليتبقلولة,30.756,31.088,مركز السنطة
Mit El-Leit Hashem,ميت الليتهاشم,31.019,31.153,مركز المحله الكبرى
Mit El-Mobashereen,ميت المباشرين,30.824,31.193,مركز زفتى
Mit El-Mokhles,ميت المخلص,30.797,31.162,مركز زفتى
Mit El-Moz,ميت الموز,30.581,31.071,مركز شبين الكوم
Mit El-Nahhal,ميت النح ال,31.12,31.547,مركز دكرنس
Mit El-Wosta,ميت الوسطي,30.45,31.092,مركز الباجور
Mit Amsaleh,ميت أم صالح,30.651,31.044,مركز بركة السبع
Mit Badr Halawa,ميتبدرحلاوة,30.858,31.233,مركز سمنود
Mit Badr Khamis,ميتبدرخميس,31.034,31.349,مركز المنصورة
Mit Barho wa Kafr El-Shaheed,ميتبرهوكفر الشهيد,30.543,31.207,مركز قويسنا
Mit Bashar,ميتبشار,30.526,31.399,مركز منيا القمح
Mit Tamama,ميتتمامة,31.142,31.621,مركز منية النصر
Mit Gaber,ميت جابر,30.461,31.44,مركز بلبيس
Mit Garrah,ميتجراح,30.992,31.571,مركز المنصورة
Mit Habib,ميت حبيب,30.451,31.508,مركز بلبيس
Mit Habib El-Sharqiya,ميت حبيب الشرقية,30.88,31.214,مركز سمنود
Mit Habeish El-Bahariya,ميتحبيش البحرية,30.782,31.031,مركز طنطا
Mit Habeish El-Qibliya,ميتحبيش القبلية,30.759,31.039,مركز طنطا
Mit Hadeed,ميت حديد,31.118,31.675,مركز منية النصر
Mit Halfa,ميتحلفا,30.157,31.245,مركز قليوب
Mit Hamal,ميتحمل,30.433,31.527,مركز بلبيس
Mit Haway,ميتحواي,30.803,31.116,مركز السنطة
Mit Khodeir,ميتخضير,31.157,31.895,مركز المنزلة
Mit Khalaf,ميتخلف,30.547,31.053,مركز شبين الكوم
Mit Khamis wa Kafr El-Mogi,ميتخميسوكفر الموجي,31.044,31.362,مركز المنصورة
Mit Kheiroun,ميتخيرون,31.017,31.447,مركز المنصورة
Mit Damsis wa Kafr Abu Garg,ميتدمسيسوكفرأبوجرج,30.828,31.237,مركز أجا
Mit Rady,ميت راضي,30.505,31.222,مركز بنها
Mit Rabia,ميتربيعة,30.464,30.996,مركز منوف
Mit Rabia El-Beida,ميتربيعة البيضاء,30.455,31.538,مركز بلبيس
Mit Rabia El-Dalala,ميتربيعة الدلله,30.54,31.441,مركز منيا القمح
Mit Radein,ميتردين,30.572,31.622,مركز أبو حماد
Mit Rakab,ميتركاب,30.547,31.56,مركز الزقازيق
Mit Raheena,ميترهينة,29.852,31.249,مركز البدرشين
Mit Zafer,ميتزافر,30.647,31.495,مركز الزقازيق
Mit Zanqar,ميتزنقر,31.166,31.404,مركز طلخا
Mit Serag,ميتسراج,30.528,31.081,مركز قويسنا
Mit Saadan,ميت سعدان,31.085,31.633,مركز دكرنس
Mit Soheil,ميتسهيل,30.43,31.409,مركز منيا القمح
Mit Sharaf,ميت شرف,31.079,31.624,مركز دكرنس
Mit Sherif,ميتشريف,31.171,31.869,مركز المنزلة
Mit Sherif,ميتشريف,30.977,30.844,مركز بسيون
Mit Shamas,ميتشماس,29.935,31.255,مركز الجيزة
Mit Dhafer,ميتضافر,31.078,31.556,مركز دكرنس
Mit Aasem,ميتعاصم,31.123,31.708,مركز منية النصر
Mit Aasem,ميتعاصم,30.433,31.19,مركز بنها
Mit Afiya,ميتعافية,30.604,31.058,مركز شبين الكوم
Mit Adlan,ميتعدلان,31.017,31.61,مركز بنى عبيد
Mit Azzoun,ميتعزون,31.029,31.517,مركز المنصورة
Mit Afif,ميتعفيف,30.39,31.099,مركز الباجور
Mit Aqaba,ميتعقبة,30.059,31.195,قسم العجوزة
Mit Ali,ميت علي,30.999,31.487,مركز المنصورة
Mit Antar,ميتعنتر,31.086,31.405,مركز طلخا
Mit Awam,ميتعوام,31.016,31.491,مركز المنصورة
Mit Eiyad,ميت عياد,31.077,31.26,مركز نبروة
Mit Ghorab,ميت غراب,30.895,31.407,مركز السنبلاوين
Mit Ghareeta,ميتغريطة,30.933,31.493,مركز السنبلاوين
Mit Ghazal,ميتغز ال,30.729,31.048,مركز السنطة
Mit Fares,ميت فارس,30.635,31.033,مركز بركة السبع
Mit Fadala,ميتفض الة,30.868,31.327,مركز أجا
Mit Qadous,ميتقادوس,29.922,31.215,مركز الجيزة
Mit Kardak,ميتكردك,30.071,31.211,قسم امبابه
Mit Kinana wa Kafr Shoman,ميتكنانةوكفرشومان,30.382,31.26,مركز طوخ
Mit Lowza,ميتلوزة,30.983,31.561,مركز المنصورة
Mit Mohsen,ميتمحسن,30.748,31.282,مركز ميت غمر
Mit Mahmoud,ميتمحمود,31.017,31.591,مركز المنصورة
Mit Marg Salseil,ميتمرجاسلسيل,31.217,31.828,مركز الجمالية
Mit Mazah,ميتمزاح,31.084,31.443,مركز المنصورة
Mit Masoud,ميت مسعود,30.843,31.3,مركز أجا
Mit Masoud,ميت مسعود,30.525,31.051,مركز شبين الكوم
Mit Maaned,ميتمعاند,30.854,31.298,مركز أجا
Mit Maala,ميتمعلا,30.392,31.407,مركز بلبيس
Mit Mousa,ميتموسي,30.622,31.015,مركز شبين الكوم
Mit Meimoun,ميتميمون,30.79,31.146,مركز السنطة
Mit Nabt,ميتنابت,31.03,31.326,مركز طلخا
Mit Nagi,ميتناجي,30.674,31.292,مركز ميت غمر
Mit Nama,ميتنما,30.142,31.234,مركز قليوب
Mit Yazeed,ميتيزيد,30.51,31.338,مركز منيا القمح
Mit Yazeed,ميتيزيد,30.862,31.134,مركز السنطة
Mit Yazeed,ميتيزيد,30.812,30.717,مركز كوم حمادة
Mit Yaeesh wa Kofourha,ميتيعيشوكفورها,30.615,31.339,مركز ميت غمر
Meidan El-Saa,ميدان الساعة,30.786,31.011,قسم أول طنطا
Meidum,ميدوم,29.355,31.177,مركز الواسطى
Meir,مير,27.436,30.758,مركز القوصية
Min - Hogmin,مين - هوجمين,29.438,31.063,مركز طامية
Mina Damietta El-Gadeed,ميناء دمياط الجديد,31.466,31.778,إداره شرطه ميناء دمياط الجديد
Nader,نادر,30.536,30.859,مركز الشهداء
Nadi El-Sekka El-Hadeed,نادي السكة الحديد,30.04,31.317,قسم ثانمدينةنصر
Nasser,ناصر,31.075,31.64,مركز دكرنس
Nasser,ناصر,30.966,31.166,قسم أول المحلة الكبرى
Nasser,ناصر,26.533,31.706,قسم ثان سوهاج
Nasser El-Thawra,ناصر الثورة,25.337,30.344,مركز الواحات الخارجة
Natoura,ناطورة,30.805,31.664,مركز كفر صقر
Namoul,نامول,30.309,31.233,مركز طوخ
Nahya,ناهيا,30.053,31.139,مركز كرداسة
Nay,ناي,30.204,31.254,مركز قليوب
Nabteit,نبتيت,30.383,31.362,مركز مشتول السوق
Nabil El-Waqqad,نبيل الوقاد,30.499,30.671,مركز بدر
Natma,نتما,30.755,30.773,مركز كوم حمادة
Nagrig,نجريج,30.98,30.87,مركز بسيون
Nag' El-Sheikh Ahmed Nour El-Din,نجع الشيخ احمد نورالدين,26.055,32.296,مركز نجع حمادى
Nag' El-Hag Salam,نجع الحاجسلام,26.053,32.114,مركز فرشوط
Nag' El-Sheikh Ali,نجع الشيخ علي,26.136,32.386,مركز دشنا
Nag' El-Eisawiya,نجع العيساوية,27.232,31.059,مركز أسيوط
Nag' El-Ghabashi,نجع الغباشي,26.328,31.841,مركز جرجا
Nag' El-Naggar,نجع النجار,26.585,31.649,مركز سوهاج
Nag' Bardis,نجعبرديس,26.297,31.97,مركز البلينا
Nag' Tamam,نجعتمام,26.611,31.618,مركز سوهاج
Nag' Geziret Faw,نجعجزيرةفاو,26.909,31.488,مركز البدارى
Nag' Hamad,نجعحمد,26.818,31.471,مركز طهطا
Nag' Khodeir,نجعخضير,27.477,30.731,مركز ديروط
Nag' Zoreiq,نجعزريق,26.981,31.437,مركز البدارى
Nag' Sabaa,نجعسبع,27.252,31.063,مركز أسيوط
Nag' Saeed,نجعسعيد,26.132,32.37,مركز دشنا
Nag' Taye',نجعطايع,26.659,31.622,مركز المراغة
Nag' Abd El-Rasoul Abu Hasouba,نجععبد الرسولأبوحسوبة,27.26,31.083,مركز أسيوط
Nag' Azzouz,نجععزوز,26.127,32.357,مركز دشنا
Nag' Mazen Gharb,نجعمازنغرب,26.244,31.924,مركز البلينا
Nag' Markab,نجعمركب,27.694,30.789,مركز ملوى
Nogou' El-Sawamaa Gharb,نجوع الصوامعة غرب,26.758,31.535,مركز طهطا
Nogou' El-Rayayna,نجوع الرياينة,26.701,31.672,مركز ساقلته
Nogou' El-Sadadra,نجوع السدادرة,26.923,31.385,مركز صدفا
Nogou' El-Shatb,نجوع الشطب,24.459,32.931,مركز دراو
Nogou' El-Sawamaa Sharq,نجوع الصوامعة شرق,26.649,31.733,مركز أخميم
Nogou' El-Arab,نجوع العرب,29.636,31.329,مركز الصف
Nogou' El-Maadi,نجوع المعادي,26.893,31.491,مركز البدارى
Nogou' Beni Hussein,نجوعبنيحسين,27.245,31.051,مركز أسيوط
Nogou' Beni Wasel,نجوعبنيواصل,26.686,31.684,مركز ساقلته
Nogou' Mazen Sharq,نجوعمازنشرق,26.304,32.024,مركز دار السلام
Nogoum,نجوم,30.773,31.565,مركز كفر صقر
Nageer wa Mit Sheddad,نجيروميتشداد,31.143,31.565,مركز دكرنس
Nageela,نجيلة,30.991,32.823,قسم رمانة
Nahw Abandar,نحوعبندار,26.347,31.817,مركز جرجا
Nadeeba,نديبة,30.98,30.397,مركز دمنهور
Nazaly Ganoub,نز اليجانوب,27.42,30.854,مركز القوصية
Nazaly Taha,نز اليطحا,28.216,30.697,مركز سمالوط
Nazza,نزة,26.707,31.485,مركز جهينة الغربية
Nazza El-Hager,نزة الحاجر,26.695,31.466,مركز جهينة الغربية
Nazza El-Mahzamein,نزة المحزمين,26.717,31.459,مركز جهينة الغربية
Nazlet El-Qadi,نزلة القاضى,26.763,31.404,مركز طهطا
Nazlet Bakhoum,نزلة باخوم,27.034,31.365,مركز ساحل سليم
Nazlet Obeid,نزلة عبيد,28.178,30.76,مركز المنيا
Nazlet Abu Seleim,نزلة أبو سليم,29.095,31.128,مركز بنى سويف
Nazlet Ahmed Younes,نزلةأحمديونس,28.598,30.743,مركز مغاغة
Nazlet Asmant,نزلةأسمنت,27.899,30.718,مركز ابو قرقاص
Nazlet Aqfahas,نزلةأقفهص,28.786,30.846,مركز الفشن
Nazlet El-Ashtar,نزلة الأشطر,29.939,31.205,مركز الجيزة
Nazlet El-Badraman,نزلة البدرمان,27.678,30.752,مركز دير مواس
Nazlet El-Barqi,نزلة البرقي,28.755,30.822,مركز الفشن
Nazlet El-Batran,نزلة البطران,29.973,31.157,قسم الأهرام
Nazlet El-Guneidi,نزلة الجنيدي,29.252,31.193,مركز الواسطى
Nazlet El-Horeishy,نزلة الحريشي,29.338,30.783,مركز الفيوم
Nazlet El-Hasayba,نزلة الحسايبة,27.63,30.845,مركز دير مواس
Nazlet El-Daleel,نزلة الدليل,28.481,30.828,مركز بنى مزار
Nazlet El-Doweik,نزلة الدويك,26.812,31.358,مركز طما
Nazlet El-Deeb,نزلة الديب,28.921,30.89,مركز سمسطا
Nazlet El-Zawya,نزلة الزاوية,28.896,30.88,مركز ببا
Nazlet El-Sarw,نزلة السرو,27.883,30.824,مركز ابو قرقاص
Nazlet El-Saadna,نزلة السعادنة,29.167,31.012,مركز بنى سويف
Nazlet El-Samman,نزلة السمان,29.971,31.144,قسم الأهرام
Nazlet El-Sherif,نزلة الشريف,28.983,30.966,مركز ببا
Nazlet El-Shobak,نزلة الشوبك,29.771,31.276,مركز البدرشين
Nazlet El-Sheikh Shahata,نزلة الشيخشحاتة,27.044,31.349,مركز ساحل سليم
Nazlet El-Aarein,نزلة العارين,30.774,31.749,مركز أبوكبير
Nazlet El-Aamoudein,نزلة العامودين,28.225,30.689,مركز سمالوط
Nazlet El-Aarein Qibli,نزلة العرينقبلي,27.75,30.747,مركز ملوى
Nazlet El-Assara,نزلة العصارة,27.205,31.198,مركز الفتح
Nazlet El-Awamer,نزلة العوامر,27.564,30.839,مركز ديروط
Nazlet El-Fallaheen,نزلة الفلاحين,28.17,30.699,مركز المنيا
Nazlet El-Qadadeeh,نزلة القداديح,27.307,31.142,مركز أبنوب
Nazlet El-Qadeem,نزلة القديم,26.922,31.355,مركز الغنايم
Nazlet El-Masharqa,نزلة المشارقة,29.054,30.976,مركز أهناسيا
Nazlet El-Malek,نزلة الملك,27.052,31.35,مركز ساحل سليم
Nazlet El-Mamaleek,نزلة المم اليك,29.141,30.925,مركز أهناسيا
Nazlet Awlad El-Sheikh,نزلة أولاد الشيخ,28.422,30.737,مركز مطاى
Nazlet Awlad El-Sheikh,نزلة أولاد الشيخ,28.68,30.887,مركز مغاغة
Nazlet Awlad Goweid,نزلةأولادجويد,27.948,30.796,مركز ابو قرقاص
Nazlet Awlad Mohamed,نزلة أولاد محمد,26.908,31.325,مركز الغنايم
Nazlet Awlad Morgan,نزلةأولادمرجان,27.652,30.749,مركز دير مواس
Nazlet Baqour,نزلةباقور,27.093,31.304,مركز أبوتيج
Nazlet Badawi,نزلةبدوي,27.534,30.816,مركز ديروط
Nazlet Bashir,نزلةبشير,29.331,30.788,مركز الفيوم
Nazlet Balhasa,نزلةبلهاسة,28.665,30.812,مركز مغاغة
Nazlet Beni Khalaf,نزلةبنيخلف,28.633,30.741,مركز مغاغة
Nazlet Bahgat,نزلةبهجت,30.028,31.183,قسم بولاق الدكرور
Nazlet Targam,نزلةترجم,29.343,31.263,مركز أطفيح
Nazlet Tanda,نزلةتندة,27.663,30.77,مركز ملوى
Nazlet Touna,نزلةتونة,27.799,30.737,مركز ملوى
Nazlet Gereis,نزلةجريس,27.898,30.758,مركز ابو قرقاص
Nazlet Harz,نزلةحرز,27.86,30.761,مركز ابو قرقاص
Nazlet Hussein Ali,نزلة حسين علي,28.128,30.763,مركز المنيا
Nazlet Hamzawi,نزلةحمزاوي,27.85,30.821,مركز ملوى
Nazlet Hanna Hanna,نزلةحناحنا,28.859,30.903,مركز الفشن
Nazlet Khalaf,نزلةخلف,30.022,31.186,قسم بولاق الدكرور
Nazlet Khalaf,نزلةخلف,29.049,30.891,مركز أهناسيا
Nazlet Khalaf,نزلةخلف,28.489,30.727,مركز بنى مزار
Nazlet Khayal,نزلةخي ال,30.754,31.635,مركز أبوكبير
Nazlet Dahrout,نزلةدهروط,28.598,30.807,مركز مغاغة
Nazlet Romeih,نزلةرميح,27.33,30.929,مركز منفلوط
Nazlet Saw,نزلةساو,27.547,30.734,مركز ديروط
Nazlet Sarqana,نزلةسرقنا,27.587,30.786,مركز ديروط
Nazlet Saeed,نزلةسعيد,28.946,30.906,مركز سمسطا
Nazlet Saeed,نزلةسعيد,27.66,30.869,مركز دير مواس
Nazlet Shadi,نزلةشادي,28.213,30.622,مركز سمالوط
Nazlet Shawish,نزلةشاويش,29.136,31.005,مركز أهناسيا
Nazlet Sharmoukh,نزلةشرموخ,27.848,30.8,مركز ملوى
Nazlet Shiha,نزلةشيحة,28.62,30.701,مركز مغاغة
Nazlet Zaher,نزلةظاهر,27.518,30.812,مركز ديروط
Nazlet Abdel-Elah,نزلةعبد ال اله,27.16,31.185,مركز أسيوط
Nazlet Abdalla,نزلةعبد اللا,27.57,30.834,مركز ديروط
Nazlet Abdallah,نزلة عبدالله,26.882,31.426,مركز طما
Nazlet Abdel-Masih,نزلةعبد المسيح,27.702,30.728,مركز دير مواس
Nazlet Arab Guheina,نزلة عرب جهينة,30.308,31.362,مركز شبين القناطر
Nazlet Ali,نزلة علي,26.734,31.426,مركز جهينة الغربية
Nazlet Ali Kilani,نزلةعليكيلاني,28.937,30.946,مركز ببا
Nazlet Alian,نزلة عليان,29.676,31.315,مركز الصف
Nazlet Amara,نزلةعمارة,26.793,31.375,مركز طهطا
Nazlet Amro,نزلة عمرو,28.439,30.837,مركز بنى مزار
Nazlet Farag Allah Meti,نزلةفرج اللهمتي,28.156,30.755,مركز المنيا
Nazlet Farag Mahmoud,نزلةفرجمحمود,27.515,30.798,مركز ديروط
Nazlet Qarar wa Guheina,نزلةقراروجهينة,27.318,30.906,مركز منفلوط
Nazlet Mohamed Samhan,نزلةمحمدسمهان,27.644,30.853,مركز دير مواس
Nazlet Mahmoud,نزلةمحمود,27.664,30.739,مركز دير مواس
Nazlet Ma'arek,نزلةمعارك,29.036,31.04,مركز بنى سويف
Nazlet Makin,نزلةمكين,27.863,30.827,مركز ابو قرقاص
Nazlet Ramadan,نزله رمضان,28.677,30.746,مركز العدوة
Nazlet Mostafa Abdel-Halim,نزله مصطفى عبدالحليم,27.577,30.786,مركز ديروط
Nesreen,نسرين,29.017,33.546,قسم أبو رديس
Nesim 2,نسيم 2,31.002,31.546,مركز المنصورة
Nesha Tashmal Kafr El-Bashabsha wa Kafr El-Hawarni,نشا_تشملكفر البشابشةوكفر الحوارني,31.141,31.289,مركز نبروة
Nashrat,نشرت,31.084,30.836,مركز قلين
Nashwa,نشوة,30.502,31.474,مركز الزقازيق
Nashil,نشيل,30.972,31.022,مركز قطور
Nosra,نصره,31.15,31.016,مركز كفر الشيخ
Netaq Madinet Faisal wal Sabah,نطاقمدينتيفيصل والصباح,30.118,32.181,قسم فيصل
Nazaret El-Ensha,نظارة الانشا,31.115,30.599,مركز الرحمانية
Nazaret El-Rawda,نظارة الروضة,31.138,30.58,مركز المحمودية
Nazaret El-Sa'eideya,نظارة السعيدية,31.147,30.542,مركز المحمودية
Nazaret El-Masa'ada,نظارة المسعدة,31.126,30.514,مركز المحمودية
Nazaret El-Manshiya,نظارة المنشية,31.088,30.516,مركز الرحمانية
Nazaret El-Minya,نظارة المنيا,31.105,30.581,مركز الرحمانية
Nazaret Samadis,نظارةسماديس,31.116,30.571,مركز الرحمانية
Na'im,نعيم,29.127,31.096,مركز بنى سويف
Nafya,نفيا,30.761,31.012,مركز طنطا
Nafisha,نفيشة,30.537,32.289,مركز الاسماعيلية
Naqbas,نقباس,30.453,31.242,مركز بنها
Naqarha,نقرها,31.054,30.465,قسم دمنهور
Naqnaq,نقنق,26.212,32.097,مركز دار السلام
Naqita,نقيطة,31.01,31.361,مركز المنصورة
Nekla El-Enab,نكلا العنب,30.914,30.756,مركز إيتاى البارود
Nekla,نكلة,30.171,31.057,مركز إمبابة
Nemra El-Basal,نمرة البصل,31.054,31.07,مركز المحله الكبرى
Nemra 7 Bahari,نمره 7 بحرى,24.498,32.963,مركز كوم امبو
Nemra 7 Qebli,نمره 7 قبلى,24.468,32.978,مركز كوم امبو
Nena wa Behnena,نناوبهننا,29.027,30.942,مركز أهناسيا
Nahtay,نهطاي,30.72,31.196,مركز زفتى
Nawag,نواج,30.876,31.006,مركز طنطا
Nawara,نوارة,29.23,30.716,مركز أطسا
Naway,نواي,27.817,30.768,مركز ملوى
Noub Tarif,نوب طريف,30.899,31.44,مركز السنبلاوين
Noub Taha,نوبطحا,30.256,31.298,مركز شبين القناطر
Noubar,نوبار,31.182,29.903,قسم كرموز
Nouba,نوبة,30.483,31.545,مركز بلبيس
Nousa El-Bahr,نوسا البحر,30.982,31.333,مركز أجا
Nousa El-Gheit,نوسا الغيط,30.968,31.326,مركز أجا
Nawi,نوي,30.227,31.27,مركز شبين القناطر
Nuweiba El-Tarabin,نويبع الترابين,29.129,34.662,قسم نويبع
Nuweiba El-Muzayna,نويبع المزينة,29.043,34.597,قسم نويبع
Neida,نيدة,26.594,31.722,مركز أخميم
Harbashant,هربشنت,28.878,30.912,مركز ببا
Harbit,هربيط,30.734,31.632,مركز أبوكبير
Heryet Razna,هريةرزنة,30.603,31.547,مركز الزقازيق
Heryet El-Gharbeya,هريت الغربية,29.289,30.739,مركز أطسا
Hala,هلا,30.597,31.293,مركز ميت غمر
Helya,هلية,28.935,30.923,مركز ببا
Hehya,ههيا,28.162,30.636,مركز المنيا
Hou,هو,26.015,32.29,مركز نجع حمادى
Hawara El-Maqta',هوارة المقطع,29.265,30.896,مركز الفيوم
Hawara Adlan,هوارةعدلان,29.213,30.963,مركز الفيوم
Hour,هور,27.873,30.742,مركز ملوى
Hourin,هورين,30.653,31.141,مركز بركة السبع
Heit,هيت,30.38,30.976,مركز منوف
Wabour El-Nour,وابور النور,30.794,31.017,قسم أول طنطا
Wahat El-Amal,واحة الأمل,26.672,28.163,مركز الفرافرة
Wadi El-Rayyan - Ezbet Fathy,وادى الريان - عزبة فتحى,29.276,30.583,مركز يوسف الصديق
Wadi El-Naqra,وادى النقره,24.537,33.069,مركز نصر
Wadi Homs,وادى حمص,29.028,34.288,قسم نويبع
Wadi Abadi 1,وادى عبادى 1,25.062,32.947,مركز أدفو
Wadi Abadi 2,وادى عبادى 2,25.066,32.957,مركز أدفو
Wadi Abadi 3,وادى عبادى 3,25.055,32.952,مركز أدفو
Wadi Abadi 4,وادى عبادى 4,25.061,32.964,مركز أدفو
Wadi Ghaboura,وادى غبورة,28.795,33.478,قسم الطور
Wadi El-Keid,وادي الكيد,28.341,34.192,قسم شرم الشيخ
Wadi Abu Khosheib,واديأبوخشيب,28.821,34.37,قسم دهب
Wadi El-Khariza,وادي الخريزة,28.049,34.372,قسم شرم الشيخ
Wadi El-Raha,وادي الراحة,28.798,33.907,قسم سانت كاترين
Wadi El-Tar,وادي الطر,28.941,33.629,قسم أبو رديس
Wadi El-Arab,وادي العرب,24.602,33.007,مركز نصر
Wadi El-Omr,وادي العمر,30.744,34.407,قسم القسيمة
Wadi El-Maleiz,وادي المليز,30.097,33.435,قسم الحسنة
Wadi El-Nasb,وادي النصب,28.719,34.174,قسم سانت كاترين
Wadi El-Natroun,وادي النطرون,30.378,30.396,مركز وادى النطرون
Wadi Tal,واديت ال,29.165,33.098,قسم أبو رديس
Wadi Ramouz,واديرموز,28.512,33.85,قسم الطور
Wadi Sadr,واديسدر,29.64,32.809,قسم رأس سدر
Wadi Sadri,واديسدري,28.963,33.394,قسم أبو رديس
Wadi Sa'al,واديسع ال,28.889,34.242,قسم سانت كاترين
Wadi Sahab,واديسهب,28.832,33.752,قسم سانت كاترين
Wadi Saghir,واديصغير,28.944,34.425,قسم نويبع
Wadi Karim wal Dabbah,واديكريم والدباح,25.972,33.746,قسم القصير
Wadi Mosai'ed,واديمصيعد,28.479,33.796,قسم الطور
Wadi Mandar,واديمندر,28.218,34.164,قسم شرم الشيخ
Waqed,واقد,30.694,30.739,مركز كوم حمادة
Wagran,وجران,28.529,33.798,قسم الطور
Wardan,وردان,30.29,30.895,مركز إمبابة
Warwara,ورورة,30.496,31.185,مركز بنها
Wana El-Qass,ونا القس,29.288,31.139,مركز الواسطى
Wenina El-Sharqeya,ونينة الشرقية,26.523,31.666,مركز سوهاج
Wenina El-Gharbeya,ونينة الغربية,26.506,31.682,مركز سوهاج
Ya'qoub,يعقوب,26.256,31.882,مركز البلينا
Youssef,يوسف,30.592,31.501,قسم ثان الزقازيق
